Mon 2026-03-30 09:26:19:     INFO [      strategy2: 50 -             __init__ ] strategy_id = aim_test
Mon 2026-03-30 09:26:19:     INFO [      strategy2: 51 -             __init__ ] strategy config file = /trading/strats/aim/aim_config.json
Mon 2026-03-30 09:26:19:     INFO [            aim:361 -         run_strategy ] starting strategy.
Mon 2026-03-30 09:26:19:     INFO [        posmgr2:610 - read_positions_and_allocations ] position file: aim_test.positions.20260327.json
Mon 2026-03-30 09:26:19:     INFO [        posmgr2:827 -           initialize ] current position nodes:
Mon 2026-03-30 09:26:19:     INFO [        posmgr2:829 -           initialize ] [
    {
        "name": "UPRO",
        "position": 0,
        "duration": 0,
        "price": 0,
        "last_trade_id": "",
        "timestamp": ""
    }
]
Mon 2026-03-30 09:26:19:     INFO [        posmgr2:716 - _fetch_cash_allocations ] alert: fetching new capital available for Strategy=aim_test
Mon 2026-03-30 09:26:19:     INFO [        posmgr2:752 - _fetch_cash_allocations ] aim_test: accountId: DU9085815, cash: 210078.15, timestamp: 20260330-07:30:20
Mon 2026-03-30 09:26:19:     INFO [        posmgr2:752 - _fetch_cash_allocations ] aim_test: accountId: DU9085817, cash: 210180.78, timestamp: 20260330-07:30:20
Mon 2026-03-30 09:26:19:     INFO [        posmgr2:752 - _fetch_cash_allocations ] aim_test: accountId: DU9085814, cash: 210048.08, timestamp: 20260330-07:30:20
Mon 2026-03-30 09:26:19:     INFO [        posmgr2:752 - _fetch_cash_allocations ] aim_test: accountId: DU9085816, cash: 210167.60, timestamp: 20260330-07:30:20
Mon 2026-03-30 09:26:19:     INFO [        posmgr2:752 - _fetch_cash_allocations ] aim_test: accountId: DU9085813, cash: 210087.30, timestamp: 20260330-07:30:20
Mon 2026-03-30 09:26:19:     INFO [        posmgr2:773 - _fetch_cash_allocations ] aim_test: trade_capital: 1050561.91
Mon 2026-03-30 09:26:19: CRITICAL [        posmgr2:893 -           initialize ] 

POSITIONS:
[
    {
        "name": "UPRO",
        "position": 0,
        "duration": 0,
        "price": 0,
        "last_trade_id": "",
        "timestamp": ""
    }
]

ORDERS:
-- empty --

ALLOCATIONS:
[
    {
        "account_id": "DU9085814",
        "cash": 210048.08,
        "timestamp": "20260330-07:30:20",
        "targets": {},
        "positions": {},
        "position_layers": {}
    },
    {
        "account_id": "DU9085815",
        "cash": 210078.15,
        "timestamp": "20260330-07:30:20",
        "targets": {},
        "positions": {},
        "position_layers": {}
    },
    {
        "account_id": "DU9085813",
        "cash": 210087.3,
        "timestamp": "20260330-07:30:20",
        "targets": {},
        "positions": {},
        "position_layers": {}
    },
    {
        "account_id": "DU9085816",
        "cash": 210167.6,
        "timestamp": "20260330-07:30:20",
        "targets": {},
        "positions": {},
        "position_layers": {}
    },
    {
        "account_id": "DU9085817",
        "cash": 210180.78,
        "timestamp": "20260330-07:30:20",
        "targets": {},
        "positions": {},
        "position_layers": {}
    }
]

Mon 2026-03-30 09:26:19:     INFO [      strategy2:108 -    open_trading_book ] pos mgr intialized.
Mon 2026-03-30 09:26:20:     INFO [      strategy2:223 -     get_account_info ] fetching account information from IB
Traceback (most recent call last):
  File "/trading/strats/aim/aim.py", line 522, in <module>
    aim.run_strategy()
  File "/trading/strats/aim/aim.py", line 374, in run_strategy
    self.get_account_info()
  File "/trading/lib/strategy2.py", line 224, in get_account_info
    self.account_info = IB.get_account_summary()
TypeError: get_account_summary() missing 1 required positional argument: 'account_id'
Mon 2026-03-30 09:30:00:     INFO [      strategy2: 50 -             __init__ ] strategy_id = aim_test
Mon 2026-03-30 09:30:00:     INFO [      strategy2: 51 -             __init__ ] strategy config file = /trading/strats/aim/aim_config.json
Mon 2026-03-30 09:30:00:     INFO [            aim:361 -         run_strategy ] starting strategy.
Mon 2026-03-30 09:30:00:     INFO [        posmgr2:610 - read_positions_and_allocations ] position file: aim_test.positions.20260327.json
Mon 2026-03-30 09:30:00:     INFO [        posmgr2:827 -           initialize ] current position nodes:
Mon 2026-03-30 09:30:00:     INFO [        posmgr2:829 -           initialize ] [
    {
        "name": "UPRO",
        "position": 0,
        "duration": 0,
        "price": 0,
        "last_trade_id": "",
        "timestamp": ""
    }
]
Mon 2026-03-30 09:30:00:     INFO [        posmgr2:716 - _fetch_cash_allocations ] alert: fetching new capital available for Strategy=aim_test
Mon 2026-03-30 09:30:00:     INFO [        posmgr2:752 - _fetch_cash_allocations ] aim_test: accountId: DU9085815, cash: 210078.15, timestamp: 20260330-07:30:20
Mon 2026-03-30 09:30:00:     INFO [        posmgr2:752 - _fetch_cash_allocations ] aim_test: accountId: DU9085817, cash: 210180.78, timestamp: 20260330-07:30:20
Mon 2026-03-30 09:30:00:     INFO [        posmgr2:752 - _fetch_cash_allocations ] aim_test: accountId: DU9085814, cash: 210048.08, timestamp: 20260330-07:30:20
Mon 2026-03-30 09:30:00:     INFO [        posmgr2:752 - _fetch_cash_allocations ] aim_test: accountId: DU9085816, cash: 210167.60, timestamp: 20260330-07:30:20
Mon 2026-03-30 09:30:00:     INFO [        posmgr2:752 - _fetch_cash_allocations ] aim_test: accountId: DU9085813, cash: 210087.30, timestamp: 20260330-07:30:20
Mon 2026-03-30 09:30:00:     INFO [        posmgr2:773 - _fetch_cash_allocations ] aim_test: trade_capital: 1050561.91
Mon 2026-03-30 09:30:00: CRITICAL [        posmgr2:893 -           initialize ] 

POSITIONS:
[
    {
        "name": "UPRO",
        "position": 0,
        "duration": 0,
        "price": 0,
        "last_trade_id": "",
        "timestamp": ""
    }
]

ORDERS:
-- empty --

ALLOCATIONS:
[
    {
        "account_id": "DU9085814",
        "cash": 210048.08,
        "timestamp": "20260330-07:30:20",
        "targets": {},
        "positions": {},
        "position_layers": {}
    },
    {
        "account_id": "DU9085815",
        "cash": 210078.15,
        "timestamp": "20260330-07:30:20",
        "targets": {},
        "positions": {},
        "position_layers": {}
    },
    {
        "account_id": "DU9085813",
        "cash": 210087.3,
        "timestamp": "20260330-07:30:20",
        "targets": {},
        "positions": {},
        "position_layers": {}
    },
    {
        "account_id": "DU9085816",
        "cash": 210167.6,
        "timestamp": "20260330-07:30:20",
        "targets": {},
        "positions": {},
        "position_layers": {}
    },
    {
        "account_id": "DU9085817",
        "cash": 210180.78,
        "timestamp": "20260330-07:30:20",
        "targets": {},
        "positions": {},
        "position_layers": {}
    }
]

Mon 2026-03-30 09:30:00:     INFO [      strategy2:108 -    open_trading_book ] pos mgr intialized.
Mon 2026-03-30 09:30:00:     INFO [            aim:378 -         run_strategy ] UPRO: conid = 61228752
Mon 2026-03-30 09:30:00:     INFO [            aim:383 -         run_strategy ] UPRO current OPENING position = 0
Mon 2026-03-30 09:30:00:     INFO [            aim:387 -         run_strategy ] current AIM weights:
{
    "LEX": 1.0,
    "SP1": 0.0
}
Mon 2026-03-30 09:30:00:     INFO [            aim:396 -         run_strategy ] Position Layers:  Empty
Mon 2026-03-30 09:30:00:     INFO [            aim: 72 - load_historical_data ] UPRO historical data loaded.
Mon 2026-03-30 09:30:00:     INFO [            aim:403 -         run_strategy ] calculating trading metrics.
Mon 2026-03-30 09:30:00:     INFO [            aim:405 -         run_strategy ] trading metrics calculated.
Mon 2026-03-30 09:30:00:     INFO [      strategy2:212 -    connect_to_market ] initialize market data connection for symbol= UPRO, contract_id= 61228752
Mon 2026-03-30 09:30:01:     INFO [  ib_endpoints2:887 -       market_connect ] found: 61228752, symbol= UPRO, last= 92.50
Mon 2026-03-30 09:30:01:     INFO [  ib_endpoints2:894 -       market_connect ] market connected for conid= 61228752
Mon 2026-03-30 09:30:01:     INFO [            aim:420 -         run_strategy ] 
TripWire setup:
[TripWire: {
    "label": "buy order at open",
    "trigger_start": "20260330-09:30:00",
    "trigger_end": null,
    "triggered": false,
    "reset_interval": null,
    "disabled": false,
    "now": null
}, TripWire: {
    "label": "sp1 buy order at open",
    "trigger_start": "20260330-09:35:00",
    "trigger_end": null,
    "triggered": false,
    "reset_interval": null,
    "disabled": false,
    "now": null
}, TripWire: {
    "label": "sell order at close",
    "trigger_start": "20260330-15:58:00",
    "trigger_end": null,
    "triggered": false,
    "reset_interval": null,
    "disabled": false,
    "now": null
}, TripWire: {
    "label": "sp1 sell order at close",
    "trigger_start": "20260330-15:55:00",
    "trigger_end": null,
    "triggered": false,
    "reset_interval": null,
    "disabled": false,
    "now": null
}, TripWire: {
    "label": "eod cleanup",
    "trigger_start": "20260330-16:00:00",
    "trigger_end": null,
    "triggered": false,
    "reset_interval": null,
    "disabled": false,
    "now": null
}, TripWire: {
    "label": "intraday price fetch at open",
    "trigger_start": "20260330-09:30:00",
    "trigger_end": "20260330-11:30:00",
    "triggered": false,
    "reset_interval": 60,
    "disabled": false,
    "now": null
}, TripWire: {
    "label": "intraday price fetch at open",
    "trigger_start": "20260330-14:00:00",
    "trigger_end": "20260330-16:00:00",
    "triggered": false,
    "reset_interval": 60,
    "disabled": false,
    "now": null
}]
Mon 2026-03-30 09:30:01:     INFO [            aim:422 -         run_strategy ] starting trading loop.
Mon 2026-03-30 09:30:02:     INFO [  ib_endpoints2:970 -      market_snapshot ] {
    "last": 92.5,
    "ask": null,
    "bid": null,
    "bid_sz": null,
    "ask_sz": null,
    "volume": null,
    "symbol": "UPRO",
    "conid": 61228752,
    "date": "20260330",
    "time": "09:30:02",
    "_updated": "20260330-09:29:29"
}
Mon 2026-03-30 09:30:02: CRITICAL [            aim:254 -          check_entry ] 
Anchor:
Open             101.35
High             103.45
Low               99.54
Close            100.21
Adj Close        100.21
Volume       7356584.00
Name: 2026-03-23, dtype: float64
Mon 2026-03-30 09:30:02: CRITICAL [            aim:255 -          check_entry ] LEX signal
Mon 2026-03-30 09:30:02:     INFO [  ib_endpoints2:970 -      market_snapshot ] {
    "last": 92.5,
    "ask": null,
    "bid": null,
    "bid_sz": null,
    "ask_sz": null,
    "volume": null,
    "symbol": "UPRO",
    "conid": 61228752,
    "date": "20260330",
    "time": "09:30:02",
    "_updated": "20260330-09:29:29"
}
Mon 2026-03-30 09:30:02:     INFO [      strategy2:255 -          get_bid_ask ] current bid/ask for symbol = UPRO(61228752): bid:None|(None), ask:None|(None)
Mon 2026-03-30 09:30:02:    ERROR [      strategy2:257 -          get_bid_ask ] incomplete quote: UPRO(61228752): bid:None|(None), ask:None|(None)
Mon 2026-03-30 09:30:03:     INFO [  ib_endpoints2:970 -      market_snapshot ] {
    "last": 92.5,
    "ask": 92.55,
    "bid": 92.52,
    "bid_sz": 10000,
    "ask_sz": 10000,
    "volume": 46340227131,
    "symbol": "UPRO",
    "conid": 61228752,
    "date": "20260330",
    "time": "09:30:03",
    "_updated": "20260330-09:30:03"
}
Mon 2026-03-30 09:30:03:     INFO [      strategy2:255 -          get_bid_ask ] current bid/ask for symbol = UPRO(61228752): bid:92.52|(10000), ask:92.55|(10000)
Mon 2026-03-30 09:30:03:     INFO [      strategy2:335 -          get_targets ] calculating trading targets
Mon 2026-03-30 09:30:03:     INFO [      strategy2:336 -          get_targets ] using TARGET_CALC_FUNC: calc_entry_targets {"strategy_layer": "LEX"}
Mon 2026-03-30 09:30:03:     INFO [      strategy2:337 -          get_targets ] PRICES:
{
    "UPRO": [
        92.52,
        92.55
    ]
}
Mon 2026-03-30 09:30:03: CRITICAL [      strategy2:386 -          get_targets ] 
TRADING TARGET TOTALS:
{
    "UPRO": 11346
}

AllocNode:
{
    "account_id": "DU9085815",
    "cash": 210078.15,
    "timestamp": "20260330-07:30:20",
    "targets": {},
    "positions": {},
    "position_layers": {}
}
    AccountId( DU9085815 ) Targets:
    {
        "symbol": "UPRO",
        "target_amt": 2269,
        "order_type": "MKT",
        "stop_price": null,
        "limit_price": null
    }
AllocNode:
{
    "account_id": "DU9085817",
    "cash": 210180.78,
    "timestamp": "20260330-07:30:20",
    "targets": {},
    "positions": {},
    "position_layers": {}
}
    AccountId( DU9085817 ) Targets:
    {
        "symbol": "UPRO",
        "target_amt": 2270,
        "order_type": "MKT",
        "stop_price": null,
        "limit_price": null
    }
AllocNode:
{
    "account_id": "DU9085814",
    "cash": 210048.08,
    "timestamp": "20260330-07:30:20",
    "targets": {},
    "positions": {},
    "position_layers": {}
}
    AccountId( DU9085814 ) Targets:
    {
        "symbol": "UPRO",
        "target_amt": 2268,
        "order_type": "MKT",
        "stop_price": null,
        "limit_price": null
    }
AllocNode:
{
    "account_id": "DU9085816",
    "cash": 210167.6,
    "timestamp": "20260330-07:30:20",
    "targets": {},
    "positions": {},
    "position_layers": {}
}
    AccountId( DU9085816 ) Targets:
    {
        "symbol": "UPRO",
        "target_amt": 2270,
        "order_type": "MKT",
        "stop_price": null,
        "limit_price": null
    }
AllocNode:
{
    "account_id": "DU9085813",
    "cash": 210087.3,
    "timestamp": "20260330-07:30:20",
    "targets": {},
    "positions": {},
    "position_layers": {}
}
    AccountId( DU9085813 ) Targets:
    {
        "symbol": "UPRO",
        "target_amt": 2269,
        "order_type": "MKT",
        "stop_price": null,
        "limit_price": null
    }

Mon 2026-03-30 09:30:03:     INFO [        posmgr2:971 -      write_positions ] /portfolio//aim_test/positions//aim_test.positions.20260330.json updated
Mon 2026-03-30 09:30:04:     INFO [      strategy2:454 -      create_fa_group ] created fa_group:
{
    "name": "UPRO_BUY_11346_61228752_093003",
    "accounts": [
        {
            "amount": 2269,
            "name": "DU9085815"
        },
        {
            "amount": 2270,
            "name": "DU9085817"
        },
        {
            "amount": 2268,
            "name": "DU9085814"
        },
        {
            "amount": 2270,
            "name": "DU9085816"
        },
        {
            "amount": 2269,
            "name": "DU9085813"
        }
    ],
    "default_method": "S"
}
Mon 2026-03-30 09:30:04:     INFO [      strategy2:407 -         create_order ] sending order.
Mon 2026-03-30 09:30:04:  WARNING [  ib_endpoints2:465 -        order_request ] overriding DF9085812 with faGroup = UPRO_BUY_11346_61228752_093003
Mon 2026-03-30 09:30:08:     INFO [      strategy2:420 -         create_order ] order_id: 1050013715 successfully sent.
Mon 2026-03-30 09:30:08:     INFO [      strategy2:435 -         create_order ] order_info:
{
    "order_id": "1050013715",
    "symbol": "UPRO",
    "quantity": 11346,
    "side": "BUY",
    "order_type": "MKT",
    "stop_price": null,
    "limit_price": null,
    "fa_group": "UPRO_BUY_11346_61228752_093003",
    "info": "LEX"
}
Mon 2026-03-30 09:30:08:     INFO [        posmgr2:1017 -       register_order ] writing order 1050013715 to register
Mon 2026-03-30 09:30:08:     INFO [        posmgr2:928 -         write_orders ] /portfolio//aim_test/trades//aim_test.orders.20260330.json updated
Mon 2026-03-30 09:30:08:     INFO [        posmgr2:1020 -       register_order ] order: 1050013715 logged to order register
Mon 2026-03-30 09:30:08:     INFO [        posmgr2:1022 -       register_order ] current order_ledger:
[
    "1050013715"
]
Mon 2026-03-30 09:30:08:     INFO [            aim:462 -         run_strategy ] checking for fills
Mon 2026-03-30 09:30:11:     INFO [            aim:462 -         run_strategy ] checking for fills
Mon 2026-03-30 09:30:15:     INFO [            aim:462 -         run_strategy ] checking for fills
Mon 2026-03-30 09:30:18:     INFO [            aim:462 -         run_strategy ] checking for fills
Mon 2026-03-30 09:30:22:     INFO [            aim:462 -         run_strategy ] checking for fills
Mon 2026-03-30 09:30:26:     INFO [            aim:462 -         run_strategy ] checking for fills
Mon 2026-03-30 09:30:29:     INFO [            aim:462 -         run_strategy ] checking for fills
Mon 2026-03-30 09:30:32:     INFO [            aim:462 -         run_strategy ] checking for fills
Mon 2026-03-30 09:30:36:     INFO [            aim:462 -         run_strategy ] checking for fills
Mon 2026-03-30 09:30:39:     INFO [            aim:462 -         run_strategy ] checking for fills
Mon 2026-03-30 09:30:43:     INFO [            aim:462 -         run_strategy ] checking for fills
Mon 2026-03-30 09:30:44:     INFO [        posmgr2:928 -         write_orders ] /portfolio//aim_test/trades//aim_test.orders.20260330.json updated
Mon 2026-03-30 09:30:44:     INFO [      strategy2:539 -         process_fill ] Processing trade_id: 1050013715-0001
Mon 2026-03-30 09:30:44:     INFO [        posmgr2:1406 -        update_trades ] trade fill recieved:
{
    "qty": 11346.0,
    "price": 92.523628,
    "order_id": "1050013715",
    "trade_id": "1050013715-0001",
    "ticker": "UPRO",
    "side": "BUY",
    "conidex": "61228752",
    "lastExecutionTime_r": 1774877404000,
    "lastExecutionTime_str": "20260330-09:30:04",
    "order_info": "LEX"
}
Mon 2026-03-30 09:30:44:     INFO [        posmgr2:1410 -        update_trades ] converted fill: {
    "trade_id": "1050013715-0001",
    "order_id": "1050013715",
    "order_info": "LEX",
    "side": "BUY",
    "asset": "UPRO",
    "units": 11346.0,
    "price": 92.523628,
    "commission": null,
    "fees": 0.0,
    "broker": null,
    "exchange": "61228752",
    "timestamp": "20260330-09:30:04"
}
Mon 2026-03-30 09:30:44:     INFO [        posmgr2:1455 -        update_trades ] captured new trade: {
    "trade_id": "1050013715-0001",
    "order_id": "1050013715",
    "order_info": "LEX",
    "side": "BUY",
    "asset": "UPRO",
    "units": 11346.0,
    "price": 92.523628,
    "commission": null,
    "fees": 0.0,
    "broker": null,
    "exchange": "61228752",
    "timestamp": "20260330-09:30:04"
}
Mon 2026-03-30 09:30:44:     INFO [        posmgr2:1478 -        update_trades ] order_id:1050013715, status = FILLED
Mon 2026-03-30 09:30:44:     INFO [        posmgr2:1479 -        update_trades ] updating order 1050013715 in order_ledger.
{
    "order_id": "1050013715",
    "symbol": "UPRO",
    "side": "BUY",
    "order_type": "MKT",
    "qty": 11346,
    "open_qty": 0.0,
    "filled_qty": 11346.0,
    "filled_avg_price": "92.523628",
    "stop_price": null,
    "limit_price": null,
    "timestamp": "20260330-09:30:08",
    "info": "LEX",
    "status": "FILLED",
    "fa_group": "UPRO_BUY_11346_61228752_093003"
}
Mon 2026-03-30 09:30:44:     INFO [        posmgr2:928 -         write_orders ] /portfolio//aim_test/trades//aim_test.orders.20260330.json updated
Mon 2026-03-30 09:30:44:     INFO [        posmgr2:196 -                  add ] New Position Layer: Layer= LEX, Symbol= UPRO
Mon 2026-03-30 09:30:44:     INFO [        posmgr2:204 -                  add ] Position Layer UPDATE: Layer= LEX, Symbol= UPRO
{
    "price": 92.523628,
    "position": 11346.0,
    "duration": 0
}
Mon 2026-03-30 09:30:44:     INFO [        posmgr2:1366 -   update_allocations ] allocating positions for UPRO, trade_id= 1050013715-0001
Mon 2026-03-30 09:30:44:     INFO [        posmgr2:1289 - distribute_positions ] 
targets for UPRO:
{
    "DU9085815": 2269,
    "DU9085817": 2270,
    "DU9085814": 2268,
    "DU9085816": 2270,
    "DU9085813": 2269
}
Mon 2026-03-30 09:30:44:     INFO [        posmgr2:1291 - distribute_positions ] 
positions for UPRO:
{
    "DU9085815": 0,
    "DU9085817": 0,
    "DU9085814": 0,
    "DU9085816": 0,
    "DU9085813": 0
}
Mon 2026-03-30 09:30:44:     INFO [        posmgr2:1310 - distribute_positions ] 
distibution based on: TARGETS map:
{
    "DU9085815": 2269,
    "DU9085817": 2270,
    "DU9085814": 2268,
    "DU9085816": 2270,
    "DU9085813": 2269
}
Mon 2026-03-30 09:30:44:     INFO [        posmgr2:1339 - distribute_positions ] 
CURRENT POSITION for UPRO: 11346.0, avg_price= 92.523628
allocated positions by account for UPRO:
{
    "DU9085815": {
        "new_position": 2269,
        "residual": 2269
    },
    "DU9085817": {
        "new_position": 2270,
        "residual": 2270
    },
    "DU9085814": {
        "new_position": 2268,
        "residual": 2268
    },
    "DU9085816": {
        "new_position": 2270,
        "residual": 2270
    },
    "DU9085813": {
        "new_position": 2269,
        "residual": 2269
    }
}
Mon 2026-03-30 09:30:44:     INFO [        posmgr2:196 -                  add ] New Position Layer: Layer= LEX, Symbol= UPRO
Mon 2026-03-30 09:30:44:     INFO [        posmgr2:204 -                  add ] Position Layer UPDATE: Layer= LEX, Symbol= UPRO
{
    "price": 92.523628,
    "position": 2269.0,
    "duration": 0
}
Mon 2026-03-30 09:30:44:     INFO [        posmgr2:196 -                  add ] New Position Layer: Layer= LEX, Symbol= UPRO
Mon 2026-03-30 09:30:44:     INFO [        posmgr2:204 -                  add ] Position Layer UPDATE: Layer= LEX, Symbol= UPRO
{
    "price": 92.523628,
    "position": 2270.0,
    "duration": 0
}
Mon 2026-03-30 09:30:44:     INFO [        posmgr2:196 -                  add ] New Position Layer: Layer= LEX, Symbol= UPRO
Mon 2026-03-30 09:30:44:     INFO [        posmgr2:204 -                  add ] Position Layer UPDATE: Layer= LEX, Symbol= UPRO
{
    "price": 92.523628,
    "position": 2268.0,
    "duration": 0
}
Mon 2026-03-30 09:30:44:     INFO [        posmgr2:196 -                  add ] New Position Layer: Layer= LEX, Symbol= UPRO
Mon 2026-03-30 09:30:44:     INFO [        posmgr2:204 -                  add ] Position Layer UPDATE: Layer= LEX, Symbol= UPRO
{
    "price": 92.523628,
    "position": 2270.0,
    "duration": 0
}
Mon 2026-03-30 09:30:44:     INFO [        posmgr2:196 -                  add ] New Position Layer: Layer= LEX, Symbol= UPRO
Mon 2026-03-30 09:30:44:     INFO [        posmgr2:204 -                  add ] Position Layer UPDATE: Layer= LEX, Symbol= UPRO
{
    "price": 92.523628,
    "position": 2269.0,
    "duration": 0
}
Mon 2026-03-30 09:30:44:     INFO [        posmgr2:971 -      write_positions ] /portfolio//aim_test/positions//aim_test.positions.20260330.json updated
Mon 2026-03-30 09:30:44:     INFO [        posmgr2:993 -         write_trades ] /portfolio//aim_test/trades//aim_test.trades.20260330.json updated
Mon 2026-03-30 09:31:02:     INFO [  ib_endpoints2:970 -      market_snapshot ] {
    "last": 92.52,
    "ask": 92.52,
    "bid": 92.48,
    "bid_sz": 10000,
    "ask_sz": 10000,
    "volume": 46374427131,
    "symbol": "UPRO",
    "conid": 61228752,
    "date": "20260330",
    "time": "09:31:02",
    "_updated": "20260330-09:30:59"
}
Mon 2026-03-30 09:32:03:     INFO [  ib_endpoints2:970 -      market_snapshot ] {
    "last": 92.61,
    "ask": 92.63,
    "bid": 92.59,
    "bid_sz": 10000,
    "ask_sz": 320000,
    "volume": 466978028571,
    "symbol": "UPRO",
    "conid": 61228752,
    "date": "20260330",
    "time": "09:32:03",
    "_updated": "20260330-09:32:00"
}
Mon 2026-03-30 09:33:01:     INFO [  ib_endpoints2:970 -      market_snapshot ] {
    "last": 92.57,
    "ask": 92.65,
    "bid": 92.61,
    "bid_sz": 10000,
    "ask_sz": 180000,
    "volume": 467881028571,
    "symbol": "UPRO",
    "conid": 61228752,
    "date": "20260330",
    "time": "09:33:01",
    "_updated": "20260330-09:32:59"
}
Mon 2026-03-30 09:34:01:     INFO [  ib_endpoints2:970 -      market_snapshot ] {
    "last": 92.58,
    "ask": 92.6,
    "bid": 92.56,
    "bid_sz": 20000,
    "ask_sz": 140000,
    "volume": 488783028571,
    "symbol": "UPRO",
    "conid": 61228752,
    "date": "20260330",
    "time": "09:34:01",
    "_updated": "20260330-09:34:01"
}
Mon 2026-03-30 09:35:02:     INFO [  ib_endpoints2:970 -      market_snapshot ] {
    "last": 92.57,
    "ask": 92.61,
    "bid": 92.58,
    "bid_sz": 10000,
    "ask_sz": 20000,
    "volume": 489273028571,
    "symbol": "UPRO",
    "conid": 61228752,
    "date": "20260330",
    "time": "09:35:02",
    "_updated": "20260330-09:34:59"
}
Mon 2026-03-30 09:36:02:     INFO [  ib_endpoints2:970 -      market_snapshot ] {
    "last": 92.57,
    "ask": 92.59,
    "bid": 92.56,
    "bid_sz": 50000,
    "ask_sz": 60000,
    "volume": 489419028571,
    "symbol": "UPRO",
    "conid": 61228752,
    "date": "20260330",
    "time": "09:36:02",
    "_updated": "20260330-09:35:59"
}
Mon 2026-03-30 09:37:03:     INFO [  ib_endpoints2:970 -      market_snapshot ] {
    "last": 92.64,
    "ask": 92.72,
    "bid": 92.69,
    "bid_sz": 50000,
    "ask_sz": 50000,
    "volume": 490845028571,
    "symbol": "UPRO",
    "conid": 61228752,
    "date": "20260330",
    "time": "09:37:03",
    "_updated": "20260330-09:36:59"
}
Mon 2026-03-30 09:38:01:     INFO [  ib_endpoints2:970 -      market_snapshot ] {
    "last": 92.7,
    "ask": 92.68,
    "bid": 92.64,
    "bid_sz": 60000,
    "ask_sz": 260000,
    "volume": 491710528571,
    "symbol": "UPRO",
    "conid": 61228752,
    "date": "20260330",
    "time": "09:38:01",
    "_updated": "20260330-09:37:59"
}
Mon 2026-03-30 09:39:01:     INFO [  ib_endpoints2:970 -      market_snapshot ] {
    "last": 92.72,
    "ask": 92.75,
    "bid": 92.71,
    "bid_sz": 50000,
    "ask_sz": 380000,
    "volume": 492336028571,
    "symbol": "UPRO",
    "conid": 61228752,
    "date": "20260330",
    "time": "09:39:01",
    "_updated": "20260330-09:39:00"
}
Mon 2026-03-30 09:40:01:     INFO [  ib_endpoints2:970 -      market_snapshot ] {
    "last": 92.7,
    "ask": 92.71,
    "bid": 92.66,
    "bid_sz": 60000,
    "ask_sz": 70000,
    "volume": 492760028571,
    "symbol": "UPRO",
    "conid": 61228752,
    "date": "20260330",
    "time": "09:40:01",
    "_updated": "20260330-09:39:59"
}
Mon 2026-03-30 09:41:02:     INFO [  ib_endpoints2:970 -      market_snapshot ] {
    "last": 92.75,
    "ask": 92.77,
    "bid": 92.73,
    "bid_sz": 50000,
    "ask_sz": 70000,
    "volume": 495726028571,
    "symbol": "UPRO",
    "conid": 61228752,
    "date": "20260330",
    "time": "09:41:02",
    "_updated": "20260330-09:40:59"
}
Mon 2026-03-30 09:42:02:     INFO [  ib_endpoints2:970 -      market_snapshot ] {
    "last": 92.75,
    "ask": 92.72,
    "bid": 92.69,
    "bid_sz": 50000,
    "ask_sz": 110000,
    "volume": 496351028571,
    "symbol": "UPRO",
    "conid": 61228752,
    "date": "20260330",
    "time": "09:42:02",
    "_updated": "20260330-09:42:02"
}
Mon 2026-03-30 09:43:03:     INFO [  ib_endpoints2:970 -      market_snapshot ] {
    "last": 92.7,
    "ask": 92.65,
    "bid": 92.61,
    "bid_sz": 50000,
    "ask_sz": 110000,
    "volume": 499854028571,
    "symbol": "UPRO",
    "conid": 61228752,
    "date": "20260330",
    "time": "09:43:03",
    "_updated": "20260330-09:43:03"
}
Mon 2026-03-30 09:44:01:     INFO [  ib_endpoints2:970 -      market_snapshot ] {
    "last": 92.71,
    "ask": 92.73,
    "bid": 92.7,
    "bid_sz": 50000,
    "ask_sz": 320000,
    "volume": 500850028571,
    "symbol": "UPRO",
    "conid": 61228752,
    "date": "20260330",
    "time": "09:44:01",
    "_updated": "20260330-09:43:59"
}
Mon 2026-03-30 09:45:02:     INFO [  ib_endpoints2:970 -      market_snapshot ] {
    "last": 92.73,
    "ask": 92.75,
    "bid": 92.73,
    "bid_sz": 120000,
    "ask_sz": 10000,
    "volume": 580880042743,
    "symbol": "UPRO",
    "conid": 61228752,
    "date": "20260330",
    "time": "09:45:02",
    "_updated": "20260330-09:45:01"
}
Mon 2026-03-30 09:46:03:     INFO [  ib_endpoints2:970 -      market_snapshot ] {
    "last": 92.5,
    "ask": 92.55,
    "bid": 92.51,
    "bid_sz": 650000,
    "ask_sz": 80000,
    "volume": 647187924395,
    "symbol": "UPRO",
    "conid": 61228752,
    "date": "20260330",
    "time": "09:46:03",
    "_updated": "20260330-09:45:59"
}
Mon 2026-03-30 09:47:01:     INFO [  ib_endpoints2:970 -      market_snapshot ] {
    "last": 92.79,
    "ask": 92.82,
    "bid": 92.79,
    "bid_sz": 20000,
    "ask_sz": 40000,
    "volume": 681389681944,
    "symbol": "UPRO",
    "conid": 61228752,
    "date": "20260330",
    "time": "09:47:01",
    "_updated": "20260330-09:46:59"
}
Mon 2026-03-30 09:48:01:     INFO [  ib_endpoints2:970 -      market_snapshot ] {
    "last": 92.58,
    "ask": 92.63,
    "bid": 92.59,
    "bid_sz": 60000,
    "ask_sz": 40000,
    "volume": 724137764392,
    "symbol": "UPRO",
    "conid": 61228752,
    "date": "20260330",
    "time": "09:48:01",
    "_updated": "20260330-09:47:59"
}
Mon 2026-03-30 09:49:01:     INFO [  ib_endpoints2:970 -      market_snapshot ] {
    "last": 92.6,
    "ask": 92.61,
    "bid": 92.58,
    "bid_sz": 90000,
    "ask_sz": 50000,
    "volume": 753149039035,
    "symbol": "UPRO",
    "conid": 61228752,
    "date": "20260330",
    "time": "09:49:01",
    "_updated": "20260330-09:48:59"
}
Mon 2026-03-30 09:50:02:     INFO [  ib_endpoints2:970 -      market_snapshot ] {
    "last": 92.23,
    "ask": 92.25,
    "bid": 92.21,
    "bid_sz": 70000,
    "ask_sz": 230000,
    "volume": 777469556951,
    "symbol": "UPRO",
    "conid": 61228752,
    "date": "20260330",
    "time": "09:50:02",
    "_updated": "20260330-09:50:01"
}
Mon 2026-03-30 09:51:03:     INFO [  ib_endpoints2:970 -      market_snapshot ] {
    "last": 91.95,
    "ask": 91.95,
    "bid": 91.92,
    "bid_sz": 20000,
    "ask_sz": 300000,
    "volume": 8234220256,
    "symbol": "UPRO",
    "conid": 61228752,
    "date": "20260330",
    "time": "09:51:03",
    "_updated": "20260330-09:50:59"
}
Mon 2026-03-30 09:52:01:     INFO [  ib_endpoints2:970 -      market_snapshot ] {
    "last": 91.92,
    "ask": 91.95,
    "bid": 91.92,
    "bid_sz": 140000,
    "ask_sz": 20000,
    "volume": 853034868505,
    "symbol": "UPRO",
    "conid": 61228752,
    "date": "20260330",
    "time": "09:52:01",
    "_updated": "20260330-09:51:59"
}
Mon 2026-03-30 09:53:01:     INFO [  ib_endpoints2:970 -      market_snapshot ] {
    "last": 91.95,
    "ask": 91.99,
    "bid": 91.95,
    "bid_sz": 50000,
    "ask_sz": 200000,
    "volume": 876245339587,
    "symbol": "UPRO",
    "conid": 61228752,
    "date": "20260330",
    "time": "09:53:01",
    "_updated": "20260330-09:53:01"
}
Mon 2026-03-30 09:54:02:     INFO [  ib_endpoints2:970 -      market_snapshot ] {
    "last": 91.77,
    "ask": 91.8,
    "bid": 91.78,
    "bid_sz": 90000,
    "ask_sz": 20000,
    "volume": 895193671525,
    "symbol": "UPRO",
    "conid": 61228752,
    "date": "20260330",
    "time": "09:54:02",
    "_updated": "20260330-09:53:59"
}
Mon 2026-03-30 09:55:03:     INFO [  ib_endpoints2:970 -      market_snapshot ] {
    "last": 91.83,
    "ask": 91.84,
    "bid": 91.81,
    "bid_sz": 40000,
    "ask_sz": 20000,
    "volume": 918380135485,
    "symbol": "UPRO",
    "conid": 61228752,
    "date": "20260330",
    "time": "09:55:03",
    "_updated": "20260330-09:54:59"
}
Mon 2026-03-30 09:56:00:     INFO [  ib_endpoints2:970 -      market_snapshot ] {
    "last": 91.45,
    "ask": 91.47,
    "bid": 91.44,
    "bid_sz": 20000,
    "ask_sz": 20000,
    "volume": 949761768902,
    "symbol": "UPRO",
    "conid": 61228752,
    "date": "20260330",
    "time": "09:56:00",
    "_updated": "20260330-09:55:59"
}
Mon 2026-03-30 09:57:01:     INFO [  ib_endpoints2:970 -      market_snapshot ] {
    "last": 91.4,
    "ask": 91.4,
    "bid": 91.37,
    "bid_sz": 80000,
    "ask_sz": 20000,
    "volume": 984540883576,
    "symbol": "UPRO",
    "conid": 61228752,
    "date": "20260330",
    "time": "09:57:01",
    "_updated": "20260330-09:56:59"
}
Mon 2026-03-30 09:58:02:     INFO [  ib_endpoints2:970 -      market_snapshot ] {
    "last": 91.48,
    "ask": 91.5,
    "bid": 91.47,
    "bid_sz": 110000,
    "ask_sz": 10000,
    "volume": 1015308442838,
    "symbol": "UPRO",
    "conid": 61228752,
    "date": "20260330",
    "time": "09:58:02",
    "_updated": "20260330-09:58:00"
}
Mon 2026-03-30 09:59:03:     INFO [  ib_endpoints2:970 -      market_snapshot ] {
    "last": 91.57,
    "ask": 91.58,
    "bid": 91.55,
    "bid_sz": 40000,
    "ask_sz": 120000,
    "volume": 1031186956148,
    "symbol": "UPRO",
    "conid": 61228752,
    "date": "20260330",
    "time": "09:59:03",
    "_updated": "20260330-09:59:00"
}
Mon 2026-03-30 10:00:01:     INFO [  ib_endpoints2:970 -      market_snapshot ] {
    "last": 91.52,
    "ask": 91.51,
    "bid": 91.49,
    "bid_sz": 140000,
    "ask_sz": 20000,
    "volume": 1048677702418,
    "symbol": "UPRO",
    "conid": 61228752,
    "date": "20260330",
    "time": "10:00:01",
    "_updated": "20260330-09:59:59"
}
Mon 2026-03-30 10:01:01:     INFO [  ib_endpoints2:970 -      market_snapshot ] {
    "last": 91.45,
    "ask": 91.56,
    "bid": 91.52,
    "bid_sz": 300000,
    "ask_sz": 420000,
    "volume": 1081987605841,
    "symbol": "UPRO",
    "conid": 61228752,
    "date": "20260330",
    "time": "10:01:01",
    "_updated": "20260330-10:00:59"
}
Mon 2026-03-30 10:02:02:     INFO [  ib_endpoints2:970 -      market_snapshot ] {
    "last": 91.17,
    "ask": 91.2,
    "bid": 91.17,
    "bid_sz": 30000,
    "ask_sz": 200000,
    "volume": 1103873819376,
    "symbol": "UPRO",
    "conid": 61228752,
    "date": "20260330",
    "time": "10:02:02",
    "_updated": "20260330-10:02:01"
}
Mon 2026-03-30 10:03:03:     INFO [  ib_endpoints2:970 -      market_snapshot ] {
    "last": 91.2,
    "ask": 91.2,
    "bid": 91.19,
    "bid_sz": 20000,
    "ask_sz": 60000,
    "volume": 1164720584853,
    "symbol": "UPRO",
    "conid": 61228752,
    "date": "20260330",
    "time": "10:03:03",
    "_updated": "20260330-10:02:59"
}
Mon 2026-03-30 10:04:01:     INFO [  ib_endpoints2:970 -      market_snapshot ] {
    "last": 91.14,
    "ask": 91.15,
    "bid": 91.13,
    "bid_sz": 600000,
    "ask_sz": 20000,
    "volume": 1217679384399,
    "symbol": "UPRO",
    "conid": 61228752,
    "date": "20260330",
    "time": "10:04:01",
    "_updated": "20260330-10:04:00"
}
Mon 2026-03-30 10:05:02:     INFO [  ib_endpoints2:970 -      market_snapshot ] {
    "last": 91.04,
    "ask": 91.05,
    "bid": 91.03,
    "bid_sz": 210000,
    "ask_sz": 200000,
    "volume": 1255778415037,
    "symbol": "UPRO",
    "conid": 61228752,
    "date": "20260330",
    "time": "10:05:02",
    "_updated": "20260330-10:04:59"
}
Mon 2026-03-30 10:06:03:     INFO [  ib_endpoints2:970 -      market_snapshot ] {
    "last": 90.97,
    "ask": 90.99,
    "bid": 90.97,
    "bid_sz": 150000,
    "ask_sz": 10000,
    "volume": 1271045503713,
    "symbol": "UPRO",
    "conid": 61228752,
    "date": "20260330",
    "time": "10:06:03",
    "_updated": "20260330-10:05:59"
}
Mon 2026-03-30 10:07:00:     INFO [  ib_endpoints2:970 -      market_snapshot ] {
    "last": 91.17,
    "ask": 91.18,
    "bid": 91.16,
    "bid_sz": 200000,
    "ask_sz": 80000,
    "volume": 1313064695146,
    "symbol": "UPRO",
    "conid": 61228752,
    "date": "20260330",
    "time": "10:07:00",
    "_updated": "20260330-10:06:59"
}
Mon 2026-03-30 10:08:02:     INFO [  ib_endpoints2:970 -      market_snapshot ] {
    "last": 91.22,
    "ask": 91.23,
    "bid": 91.21,
    "bid_sz": 300000,
    "ask_sz": 30000,
    "volume": 1322133477327,
    "symbol": "UPRO",
    "conid": 61228752,
    "date": "20260330",
    "time": "10:08:02",
    "_updated": "20260330-10:07:59"
}
Mon 2026-03-30 10:09:02:     INFO [  ib_endpoints2:970 -      market_snapshot ] {
    "last": 91.02,
    "ask": 91.05,
    "bid": 91.03,
    "bid_sz": 350000,
    "ask_sz": 20000,
    "volume": 1376030559585,
    "symbol": "UPRO",
    "conid": 61228752,
    "date": "20260330",
    "time": "10:09:02",
    "_updated": "20260330-10:09:02"
}
Mon 2026-03-30 10:10:03:     INFO [  ib_endpoints2:970 -      market_snapshot ] {
    "last": 90.89,
    "ask": 90.91,
    "bid": 90.88,
    "bid_sz": 350000,
    "ask_sz": 150000,
    "volume": 140472879038,
    "symbol": "UPRO",
    "conid": 61228752,
    "date": "20260330",
    "time": "10:10:03",
    "_updated": "20260330-10:10:00"
}
Mon 2026-03-30 10:11:01:     INFO [  ib_endpoints2:970 -      market_snapshot ] {
    "last": 90.79,
    "ask": 90.8,
    "bid": 90.79,
    "bid_sz": 30000,
    "ask_sz": 10000,
    "volume": 1426713901415,
    "symbol": "UPRO",
    "conid": 61228752,
    "date": "20260330",
    "time": "10:11:01",
    "_updated": "20260330-10:10:59"
}
Mon 2026-03-30 10:12:01:     INFO [  ib_endpoints2:970 -      market_snapshot ] {
    "last": 90.63,
    "ask": 90.66,
    "bid": 90.64,
    "bid_sz": 300000,
    "ask_sz": 10000,
    "volume": 1506549022713,
    "symbol": "UPRO",
    "conid": 61228752,
    "date": "20260330",
    "time": "10:12:01",
    "_updated": "20260330-10:12:00"
}
Mon 2026-03-30 10:13:02:     INFO [  ib_endpoints2:970 -      market_snapshot ] {
    "last": 90.6,
    "ask": 90.63,
    "bid": 90.6,
    "bid_sz": 390000,
    "ask_sz": 250000,
    "volume": 1541564124713,
    "symbol": "UPRO",
    "conid": 61228752,
    "date": "20260330",
    "time": "10:13:02",
    "_updated": "20260330-10:12:59"
}
Mon 2026-03-30 10:14:02:     INFO [  ib_endpoints2:970 -      market_snapshot ] {
    "last": 90.55,
    "ask": 90.57,
    "bid": 90.55,
    "bid_sz": 40000,
    "ask_sz": 40000,
    "volume": 1560320597742,
    "symbol": "UPRO",
    "conid": 61228752,
    "date": "20260330",
    "time": "10:14:02",
    "_updated": "20260330-10:13:59"
}
Mon 2026-03-30 10:15:03:     INFO [  ib_endpoints2:970 -      market_snapshot ] {
    "last": 90.6,
    "ask": 90.6,
    "bid": 90.58,
    "bid_sz": 390000,
    "ask_sz": 80000,
    "volume": 1580777873019,
    "symbol": "UPRO",
    "conid": 61228752,
    "date": "20260330",
    "time": "10:15:03",
    "_updated": "20260330-10:14:59"
}
Mon 2026-03-30 10:16:00:     INFO [  ib_endpoints2:970 -      market_snapshot ] {
    "last": 90.77,
    "ask": 90.79,
    "bid": 90.77,
    "bid_sz": 10000,
    "ask_sz": 30000,
    "volume": 1617063209816,
    "symbol": "UPRO",
    "conid": 61228752,
    "date": "20260330",
    "time": "10:16:00",
    "_updated": "20260330-10:15:59"
}
Mon 2026-03-30 10:17:01:     INFO [  ib_endpoints2:970 -      market_snapshot ] {
    "last": 90.84,
    "ask": 90.87,
    "bid": 90.84,
    "bid_sz": 70000,
    "ask_sz": 260000,
    "volume": 1625366568776,
    "symbol": "UPRO",
    "conid": 61228752,
    "date": "20260330",
    "time": "10:17:01",
    "_updated": "20260330-10:17:00"
}
Mon 2026-03-30 10:18:02:     INFO [  ib_endpoints2:970 -      market_snapshot ] {
    "last": 90.91,
    "ask": 90.92,
    "bid": 90.89,
    "bid_sz": 260000,
    "ask_sz": 270000,
    "volume": 1636413552053,
    "symbol": "UPRO",
    "conid": 61228752,
    "date": "20260330",
    "time": "10:18:02",
    "_updated": "20260330-10:17:59"
}
Mon 2026-03-30 10:19:03:     INFO [  ib_endpoints2:970 -      market_snapshot ] {
    "last": 91.0,
    "ask": 91.02,
    "bid": 91.0,
    "bid_sz": 50000,
    "ask_sz": 20000,
    "volume": 1660361342318,
    "symbol": "UPRO",
    "conid": 61228752,
    "date": "20260330",
    "time": "10:19:03",
    "_updated": "20260330-10:18:59"
}
Mon 2026-03-30 10:20:01:     INFO [  ib_endpoints2:970 -      market_snapshot ] {
    "last": 91.04,
    "ask": 91.03,
    "bid": 91.0,
    "bid_sz": 170000,
    "ask_sz": 70000,
    "volume": 1677175115866,
    "symbol": "UPRO",
    "conid": 61228752,
    "date": "20260330",
    "time": "10:20:01",
    "_updated": "20260330-10:19:59"
}
Mon 2026-03-30 10:21:01:     INFO [  ib_endpoints2:970 -      market_snapshot ] {
    "last": 90.79,
    "ask": 90.84,
    "bid": 90.82,
    "bid_sz": 10000,
    "ask_sz": 70000,
    "volume": 1686319827207,
    "symbol": "UPRO",
    "conid": 61228752,
    "date": "20260330",
    "time": "10:21:01",
    "_updated": "20260330-10:20:59"
}
Mon 2026-03-30 10:22:02:     INFO [  ib_endpoints2:970 -      market_snapshot ] {
    "last": 90.74,
    "ask": 90.77,
    "bid": 90.74,
    "bid_sz": 350000,
    "ask_sz": 30000,
    "volume": 1699155682141,
    "symbol": "UPRO",
    "conid": 61228752,
    "date": "20260330",
    "time": "10:22:02",
    "_updated": "20260330-10:21:59"
}
Mon 2026-03-30 10:23:03:     INFO [  ib_endpoints2:970 -      market_snapshot ] {
    "last": 90.93,
    "ask": 90.93,
    "bid": 90.91,
    "bid_sz": 10000,
    "ask_sz": 60000,
    "volume": 1707308003306,
    "symbol": "UPRO",
    "conid": 61228752,
    "date": "20260330",
    "time": "10:23:03",
    "_updated": "20260330-10:22:59"
}
Mon 2026-03-30 10:24:00:     INFO [  ib_endpoints2:970 -      market_snapshot ] {
    "last": 91.01,
    "ask": 90.99,
    "bid": 90.96,
    "bid_sz": 170000,
    "ask_sz": 30000,
    "volume": 1727933342134,
    "symbol": "UPRO",
    "conid": 61228752,
    "date": "20260330",
    "time": "10:24:00",
    "_updated": "20260330-10:23:59"
}
Mon 2026-03-30 10:25:02:     INFO [  ib_endpoints2:970 -      market_snapshot ] {
    "last": 91.07,
    "ask": 91.09,
    "bid": 91.06,
    "bid_sz": 10000,
    "ask_sz": 270000,
    "volume": 1736234358343,
    "symbol": "UPRO",
    "conid": 61228752,
    "date": "20260330",
    "time": "10:25:02",
    "_updated": "20260330-10:25:00"
}
Mon 2026-03-30 10:26:02:     INFO [  ib_endpoints2:970 -      market_snapshot ] {
    "last": 90.95,
    "ask": 90.96,
    "bid": 90.93,
    "bid_sz": 340000,
    "ask_sz": 50000,
    "volume": 1769721200875,
    "symbol": "UPRO",
    "conid": 61228752,
    "date": "20260330",
    "time": "10:26:02",
    "_updated": "20260330-10:25:59"
}
Mon 2026-03-30 10:27:02:     INFO [  ib_endpoints2:970 -      market_snapshot ] {
    "last": 91.07,
    "ask": 91.09,
    "bid": 91.06,
    "bid_sz": 130000,
    "ask_sz": 90000,
    "volume": 1781429987143,
    "symbol": "UPRO",
    "conid": 61228752,
    "date": "20260330",
    "time": "10:27:02",
    "_updated": "20260330-10:27:01"
}
Mon 2026-03-30 10:28:03:     INFO [  ib_endpoints2:970 -      market_snapshot ] {
    "last": 91.26,
    "ask": 91.28,
    "bid": 91.26,
    "bid_sz": 40000,
    "ask_sz": 180000,
    "volume": 1788415295985,
    "symbol": "UPRO",
    "conid": 61228752,
    "date": "20260330",
    "time": "10:28:03",
    "_updated": "20260330-10:27:59"
}
Mon 2026-03-30 10:29:00:     INFO [  ib_endpoints2:970 -      market_snapshot ] {
    "last": 91.28,
    "ask": 91.27,
    "bid": 91.24,
    "bid_sz": 60000,
    "ask_sz": 140000,
    "volume": 179803183659,
    "symbol": "UPRO",
    "conid": 61228752,
    "date": "20260330",
    "time": "10:29:00",
    "_updated": "20260330-10:28:59"
}
Mon 2026-03-30 10:30:01:     INFO [  ib_endpoints2:970 -      market_snapshot ] {
    "last": 91.23,
    "ask": 91.23,
    "bid": 91.2,
    "bid_sz": 260000,
    "ask_sz": 70000,
    "volume": 1807624317763,
    "symbol": "UPRO",
    "conid": 61228752,
    "date": "20260330",
    "time": "10:30:01",
    "_updated": "20260330-10:29:59"
}
Mon 2026-03-30 10:31:02:     INFO [  ib_endpoints2:970 -      market_snapshot ] {
    "last": 90.96,
    "ask": 90.98,
    "bid": 90.95,
    "bid_sz": 30000,
    "ask_sz": 390000,
    "volume": 1815627198878,
    "symbol": "UPRO",
    "conid": 61228752,
    "date": "20260330",
    "time": "10:31:02",
    "_updated": "20260330-10:30:59"
}
Mon 2026-03-30 10:32:02:     INFO [  ib_endpoints2:970 -      market_snapshot ] {
    "last": 91.08,
    "ask": 91.1,
    "bid": 91.07,
    "bid_sz": 280000,
    "ask_sz": 60000,
    "volume": 1820325350968,
    "symbol": "UPRO",
    "conid": 61228752,
    "date": "20260330",
    "time": "10:32:02",
    "_updated": "20260330-10:32:00"
}
Mon 2026-03-30 10:33:03:     INFO [  ib_endpoints2:970 -      market_snapshot ] {
    "last": 90.99,
    "ask": 91.0,
    "bid": 90.97,
    "bid_sz": 30000,
    "ask_sz": 290000,
    "volume": 1826689267019,
    "symbol": "UPRO",
    "conid": 61228752,
    "date": "20260330",
    "time": "10:33:03",
    "_updated": "20260330-10:32:59"
}
Mon 2026-03-30 10:34:01:     INFO [  ib_endpoints2:970 -      market_snapshot ] {
    "last": 90.93,
    "ask": 90.96,
    "bid": 90.93,
    "bid_sz": 280000,
    "ask_sz": 70000,
    "volume": 1832437298964,
    "symbol": "UPRO",
    "conid": 61228752,
    "date": "20260330",
    "time": "10:34:01",
    "_updated": "20260330-10:33:59"
}
Mon 2026-03-30 10:35:02:     INFO [  ib_endpoints2:970 -      market_snapshot ] {
    "last": 90.92,
    "ask": 90.97,
    "bid": 90.94,
    "bid_sz": 60000,
    "ask_sz": 160000,
    "volume": 1842731115416,
    "symbol": "UPRO",
    "conid": 61228752,
    "date": "20260330",
    "time": "10:35:02",
    "_updated": "20260330-10:34:59"
}
Mon 2026-03-30 10:36:02:     INFO [  ib_endpoints2:970 -      market_snapshot ] {
    "last": 91.06,
    "ask": 91.05,
    "bid": 91.02,
    "bid_sz": 370000,
    "ask_sz": 30000,
    "volume": 1851278235428,
    "symbol": "UPRO",
    "conid": 61228752,
    "date": "20260330",
    "time": "10:36:02",
    "_updated": "20260330-10:35:59"
}
Mon 2026-03-30 10:37:03:     INFO [  ib_endpoints2:970 -      market_snapshot ] {
    "last": 90.93,
    "ask": 90.91,
    "bid": 90.88,
    "bid_sz": 50000,
    "ask_sz": 300000,
    "volume": 1854738846873,
    "symbol": "UPRO",
    "conid": 61228752,
    "date": "20260330",
    "time": "10:37:03",
    "_updated": "20260330-10:37:00"
}
Mon 2026-03-30 10:38:01:     INFO [  ib_endpoints2:970 -      market_snapshot ] {
    "last": 91.15,
    "ask": 91.13,
    "bid": 91.1,
    "bid_sz": 320000,
    "ask_sz": 80000,
    "volume": 1859677458904,
    "symbol": "UPRO",
    "conid": 61228752,
    "date": "20260330",
    "time": "10:38:01",
    "_updated": "20260330-10:37:59"
}
Mon 2026-03-30 10:39:01:     INFO [  ib_endpoints2:970 -      market_snapshot ] {
    "last": 91.13,
    "ask": 91.13,
    "bid": 91.11,
    "bid_sz": 10000,
    "ask_sz": 40000,
    "volume": 1864316507821,
    "symbol": "UPRO",
    "conid": 61228752,
    "date": "20260330",
    "time": "10:39:01",
    "_updated": "20260330-10:38:59"
}
Mon 2026-03-30 10:40:02:     INFO [  ib_endpoints2:970 -      market_snapshot ] {
    "last": 91.12,
    "ask": 91.14,
    "bid": 91.12,
    "bid_sz": 90000,
    "ask_sz": 80000,
    "volume": 1866838097361,
    "symbol": "UPRO",
    "conid": 61228752,
    "date": "20260330",
    "time": "10:40:02",
    "_updated": "20260330-10:39:59"
}
Mon 2026-03-30 10:41:02:     INFO [  ib_endpoints2:970 -      market_snapshot ] {
    "last": 91.19,
    "ask": 91.12,
    "bid": 91.1,
    "bid_sz": 30000,
    "ask_sz": 40000,
    "volume": 1872631789282,
    "symbol": "UPRO",
    "conid": 61228752,
    "date": "20260330",
    "time": "10:41:02",
    "_updated": "20260330-10:40:59"
}
Mon 2026-03-30 10:42:01:     INFO [  ib_endpoints2:970 -      market_snapshot ] {
    "last": 91.0,
    "ask": 91.0,
    "bid": 90.98,
    "bid_sz": 20000,
    "ask_sz": 230000,
    "volume": 1876689012055,
    "symbol": "UPRO",
    "conid": 61228752,
    "date": "20260330",
    "time": "10:42:01",
    "_updated": "20260330-10:41:59"
}
Mon 2026-03-30 10:43:01:     INFO [  ib_endpoints2:970 -      market_snapshot ] {
    "last": 90.94,
    "ask": 90.99,
    "bid": 90.97,
    "bid_sz": 120000,
    "ask_sz": 30000,
    "volume": 1885785992116,
    "symbol": "UPRO",
    "conid": 61228752,
    "date": "20260330",
    "time": "10:43:01",
    "_updated": "20260330-10:42:59"
}
Mon 2026-03-30 10:44:02:     INFO [  ib_endpoints2:970 -      market_snapshot ] {
    "last": 90.87,
    "ask": 90.88,
    "bid": 90.86,
    "bid_sz": 140000,
    "ask_sz": 90000,
    "volume": 190283498671,
    "symbol": "UPRO",
    "conid": 61228752,
    "date": "20260330",
    "time": "10:44:02",
    "_updated": "20260330-10:43:59"
}
Mon 2026-03-30 10:45:02:     INFO [  ib_endpoints2:970 -      market_snapshot ] {
    "last": 90.95,
    "ask": 90.97,
    "bid": 90.93,
    "bid_sz": 240000,
    "ask_sz": 230000,
    "volume": 1909577393296,
    "symbol": "UPRO",
    "conid": 61228752,
    "date": "20260330",
    "time": "10:45:02",
    "_updated": "20260330-10:44:59"
}
Mon 2026-03-30 10:46:03:     INFO [  ib_endpoints2:970 -      market_snapshot ] {
    "last": 91.09,
    "ask": 91.12,
    "bid": 91.08,
    "bid_sz": 610000,
    "ask_sz": 80000,
    "volume": 1918130997605,
    "symbol": "UPRO",
    "conid": 61228752,
    "date": "20260330",
    "time": "10:46:03",
    "_updated": "20260330-10:45:59"
}
Mon 2026-03-30 10:47:00:     INFO [  ib_endpoints2:970 -      market_snapshot ] {
    "last": 91.13,
    "ask": 91.14,
    "bid": 91.1,
    "bid_sz": 590000,
    "ask_sz": 180000,
    "volume": 1926549629675,
    "symbol": "UPRO",
    "conid": 61228752,
    "date": "20260330",
    "time": "10:47:00",
    "_updated": "20260330-10:47:00"
}
Mon 2026-03-30 10:48:01:     INFO [  ib_endpoints2:970 -      market_snapshot ] {
    "last": 91.05,
    "ask": 91.08,
    "bid": 91.05,
    "bid_sz": 50000,
    "ask_sz": 260000,
    "volume": 1936358713718,
    "symbol": "UPRO",
    "conid": 61228752,
    "date": "20260330",
    "time": "10:48:01",
    "_updated": "20260330-10:47:59"
}
Mon 2026-03-30 10:49:01:     INFO [  ib_endpoints2:970 -      market_snapshot ] {
    "last": 91.03,
    "ask": 91.07,
    "bid": 91.04,
    "bid_sz": 500000,
    "ask_sz": 10000,
    "volume": 1937858139746,
    "symbol": "UPRO",
    "conid": 61228752,
    "date": "20260330",
    "time": "10:49:01",
    "_updated": "20260330-10:48:59"
}
Mon 2026-03-30 10:50:02:     INFO [  ib_endpoints2:970 -      market_snapshot ] {
    "last": 90.95,
    "ask": 91.0,
    "bid": 90.97,
    "bid_sz": 240000,
    "ask_sz": 30000,
    "volume": 1942051280847,
    "symbol": "UPRO",
    "conid": 61228752,
    "date": "20260330",
    "time": "10:50:02",
    "_updated": "20260330-10:49:59"
}
Mon 2026-03-30 10:51:02:     INFO [  ib_endpoints2:970 -      market_snapshot ] {
    "last": 90.76,
    "ask": 90.78,
    "bid": 90.74,
    "bid_sz": 560000,
    "ask_sz": 80000,
    "volume": 1957378736024,
    "symbol": "UPRO",
    "conid": 61228752,
    "date": "20260330",
    "time": "10:51:02",
    "_updated": "20260330-10:51:00"
}
Mon 2026-03-30 10:52:03:     INFO [  ib_endpoints2:970 -      market_snapshot ] {
    "last": 90.88,
    "ask": 90.86,
    "bid": 90.83,
    "bid_sz": 270000,
    "ask_sz": 10000,
    "volume": 1974063688466,
    "symbol": "UPRO",
    "conid": 61228752,
    "date": "20260330",
    "time": "10:52:03",
    "_updated": "20260330-10:51:59"
}
Mon 2026-03-30 10:53:00:     INFO [  ib_endpoints2:970 -      market_snapshot ] {
    "last": 90.88,
    "ask": 90.96,
    "bid": 90.93,
    "bid_sz": 260000,
    "ask_sz": 20000,
    "volume": 197919454394,
    "symbol": "UPRO",
    "conid": 61228752,
    "date": "20260330",
    "time": "10:53:00",
    "_updated": "20260330-10:52:59"
}
Mon 2026-03-30 10:54:01:     INFO [  ib_endpoints2:970 -      market_snapshot ] {
    "last": 91.0,
    "ask": 91.01,
    "bid": 90.98,
    "bid_sz": 30000,
    "ask_sz": 260000,
    "volume": 1980103580984,
    "symbol": "UPRO",
    "conid": 61228752,
    "date": "20260330",
    "time": "10:54:01",
    "_updated": "20260330-10:53:59"
}
Mon 2026-03-30 10:55:01:     INFO [  ib_endpoints2:970 -      market_snapshot ] {
    "last": 90.97,
    "ask": 90.96,
    "bid": 90.92,
    "bid_sz": 430000,
    "ask_sz": 140000,
    "volume": 1980649201697,
    "symbol": "UPRO",
    "conid": 61228752,
    "date": "20260330",
    "time": "10:55:01",
    "_updated": "20260330-10:54:59"
}
Mon 2026-03-30 10:56:01:     INFO [  ib_endpoints2:970 -      market_snapshot ] {
    "last": 90.88,
    "ask": 90.91,
    "bid": 90.87,
    "bid_sz": 540000,
    "ask_sz": 220000,
    "volume": 1990803186473,
    "symbol": "UPRO",
    "conid": 61228752,
    "date": "20260330",
    "time": "10:56:01",
    "_updated": "20260330-10:55:59"
}
Mon 2026-03-30 10:57:02:     INFO [  ib_endpoints2:970 -      market_snapshot ] {
    "last": 90.66,
    "ask": 90.7,
    "bid": 90.67,
    "bid_sz": 530000,
    "ask_sz": 20000,
    "volume": 1995013534501,
    "symbol": "UPRO",
    "conid": 61228752,
    "date": "20260330",
    "time": "10:57:02",
    "_updated": "20260330-10:56:59"
}
Mon 2026-03-30 10:58:02:     INFO [  ib_endpoints2:970 -      market_snapshot ] {
    "last": 90.71,
    "ask": 90.72,
    "bid": 90.68,
    "bid_sz": 340000,
    "ask_sz": 280000,
    "volume": 2004764222378,
    "symbol": "UPRO",
    "conid": 61228752,
    "date": "20260330",
    "time": "10:58:02",
    "_updated": "20260330-10:58:00"
}
Mon 2026-03-30 10:59:02:     INFO [  ib_endpoints2:970 -      market_snapshot ] {
    "last": 90.58,
    "ask": 90.61,
    "bid": 90.58,
    "bid_sz": 110000,
    "ask_sz": 200000,
    "volume": 2017052830324,
    "symbol": "UPRO",
    "conid": 61228752,
    "date": "20260330",
    "time": "10:59:02",
    "_updated": "20260330-10:58:59"
}
Mon 2026-03-30 11:00:03:     INFO [  ib_endpoints2:970 -      market_snapshot ] {
    "last": 90.53,
    "ask": 90.57,
    "bid": 90.54,
    "bid_sz": 40000,
    "ask_sz": 230000,
    "volume": 2043884598163,
    "symbol": "UPRO",
    "conid": 61228752,
    "date": "20260330",
    "time": "11:00:03",
    "_updated": "20260330-10:59:59"
}
Mon 2026-03-30 11:01:00:     INFO [  ib_endpoints2:970 -      market_snapshot ] {
    "last": 90.6,
    "ask": 90.6,
    "bid": 90.57,
    "bid_sz": 280000,
    "ask_sz": 20000,
    "volume": 2064451973832,
    "symbol": "UPRO",
    "conid": 61228752,
    "date": "20260330",
    "time": "11:01:00",
    "_updated": "20260330-11:00:59"
}
Mon 2026-03-30 11:02:01:     INFO [  ib_endpoints2:970 -      market_snapshot ] {
    "last": 90.96,
    "ask": 90.97,
    "bid": 90.95,
    "bid_sz": 20000,
    "ask_sz": 30000,
    "volume": 2081339384324,
    "symbol": "UPRO",
    "conid": 61228752,
    "date": "20260330",
    "time": "11:02:01",
    "_updated": "20260330-11:01:59"
}
Mon 2026-03-30 11:03:02:     INFO [  ib_endpoints2:970 -      market_snapshot ] {
    "last": 91.17,
    "ask": 91.21,
    "bid": 91.18,
    "bid_sz": 80000,
    "ask_sz": 50000,
    "volume": 2093630501174,
    "symbol": "UPRO",
    "conid": 61228752,
    "date": "20260330",
    "time": "11:03:02",
    "_updated": "20260330-11:02:59"
}
Mon 2026-03-30 11:04:03:     INFO [  ib_endpoints2:970 -      market_snapshot ] {
    "last": 91.11,
    "ask": 91.09,
    "bid": 91.06,
    "bid_sz": 110000,
    "ask_sz": 30000,
    "volume": 2147155720952,
    "symbol": "UPRO",
    "conid": 61228752,
    "date": "20260330",
    "time": "11:04:03",
    "_updated": "20260330-11:04:00"
}
Mon 2026-03-30 11:05:01:     INFO [  ib_endpoints2:970 -      market_snapshot ] {
    "last": 90.89,
    "ask": 90.92,
    "bid": 90.89,
    "bid_sz": 50000,
    "ask_sz": 220000,
    "volume": 2164338224899,
    "symbol": "UPRO",
    "conid": 61228752,
    "date": "20260330",
    "time": "11:05:01",
    "_updated": "20260330-11:04:59"
}
Mon 2026-03-30 11:06:02:     INFO [  ib_endpoints2:970 -      market_snapshot ] {
    "last": 90.99,
    "ask": 90.94,
    "bid": 90.91,
    "bid_sz": 150000,
    "ask_sz": 20000,
    "volume": 2170489376461,
    "symbol": "UPRO",
    "conid": 61228752,
    "date": "20260330",
    "time": "11:06:02",
    "_updated": "20260330-11:05:59"
}
Mon 2026-03-30 11:07:03:     INFO [  ib_endpoints2:970 -      market_snapshot ] {
    "last": 90.83,
    "ask": 90.85,
    "bid": 90.82,
    "bid_sz": 260000,
    "ask_sz": 10000,
    "volume": 2177842813983,
    "symbol": "UPRO",
    "conid": 61228752,
    "date": "20260330",
    "time": "11:07:03",
    "_updated": "20260330-11:06:59"
}
Mon 2026-03-30 11:08:01:     INFO [  ib_endpoints2:970 -      market_snapshot ] {
    "last": 90.9,
    "ask": 90.9,
    "bid": 90.87,
    "bid_sz": 220000,
    "ask_sz": 60000,
    "volume": 2179970581515,
    "symbol": "UPRO",
    "conid": 61228752,
    "date": "20260330",
    "time": "11:08:01",
    "_updated": "20260330-11:08:00"
}
Mon 2026-03-30 11:09:01:     INFO [  ib_endpoints2:970 -      market_snapshot ] {
    "last": 91.04,
    "ask": 91.06,
    "bid": 91.03,
    "bid_sz": 210000,
    "ask_sz": 20000,
    "volume": 2183052190951,
    "symbol": "UPRO",
    "conid": 61228752,
    "date": "20260330",
    "time": "11:09:01",
    "_updated": "20260330-11:08:59"
}
Mon 2026-03-30 11:10:02:     INFO [  ib_endpoints2:970 -      market_snapshot ] {
    "last": 91.08,
    "ask": 91.12,
    "bid": 91.1,
    "bid_sz": 10000,
    "ask_sz": 20000,
    "volume": 2185667789939,
    "symbol": "UPRO",
    "conid": 61228752,
    "date": "20260330",
    "time": "11:10:02",
    "_updated": "20260330-11:09:59"
}
Mon 2026-03-30 11:11:02:     INFO [  ib_endpoints2:970 -      market_snapshot ] {
    "last": 90.95,
    "ask": 91.05,
    "bid": 91.02,
    "bid_sz": 140000,
    "ask_sz": 100000,
    "volume": 219522033318,
    "symbol": "UPRO",
    "conid": 61228752,
    "date": "20260330",
    "time": "11:11:02",
    "_updated": "20260330-11:10:59"
}
Mon 2026-03-30 11:12:03:     INFO [  ib_endpoints2:970 -      market_snapshot ] {
    "last": 91.29,
    "ask": 91.3,
    "bid": 91.27,
    "bid_sz": 220000,
    "ask_sz": 190000,
    "volume": 2198862189464,
    "symbol": "UPRO",
    "conid": 61228752,
    "date": "20260330",
    "time": "11:12:03",
    "_updated": "20260330-11:11:59"
}
Mon 2026-03-30 11:13:01:     INFO [  ib_endpoints2:970 -      market_snapshot ] {
    "last": 91.48,
    "ask": 91.44,
    "bid": 91.41,
    "bid_sz": 120000,
    "ask_sz": 140000,
    "volume": 2224632347565,
    "symbol": "UPRO",
    "conid": 61228752,
    "date": "20260330",
    "time": "11:13:01",
    "_updated": "20260330-11:12:59"
}
Mon 2026-03-30 11:14:01:     INFO [  ib_endpoints2:970 -      market_snapshot ] {
    "last": 91.64,
    "ask": 91.63,
    "bid": 91.6,
    "bid_sz": 30000,
    "ask_sz": 140000,
    "volume": 2234855719262,
    "symbol": "UPRO",
    "conid": 61228752,
    "date": "20260330",
    "time": "11:14:01",
    "_updated": "20260330-11:13:59"
}
Mon 2026-03-30 11:15:02:     INFO [  ib_endpoints2:970 -      market_snapshot ] {
    "last": 91.65,
    "ask": 91.66,
    "bid": 91.64,
    "bid_sz": 40000,
    "ask_sz": 40000,
    "volume": 2246929331682,
    "symbol": "UPRO",
    "conid": 61228752,
    "date": "20260330",
    "time": "11:15:02",
    "_updated": "20260330-11:14:59"
}
Mon 2026-03-30 11:16:03:     INFO [  ib_endpoints2:970 -      market_snapshot ] {
    "last": 91.82,
    "ask": 91.85,
    "bid": 91.83,
    "bid_sz": 20000,
    "ask_sz": 20000,
    "volume": 2258527648713,
    "symbol": "UPRO",
    "conid": 61228752,
    "date": "20260330",
    "time": "11:16:03",
    "_updated": "20260330-11:15:59"
}
Mon 2026-03-30 11:17:01:     INFO [  ib_endpoints2:970 -      market_snapshot ] {
    "last": 91.82,
    "ask": 91.86,
    "bid": 91.83,
    "bid_sz": 180000,
    "ask_sz": 40000,
    "volume": 2270355565926,
    "symbol": "UPRO",
    "conid": 61228752,
    "date": "20260330",
    "time": "11:17:01",
    "_updated": "20260330-11:16:59"
}
Mon 2026-03-30 11:18:01:     INFO [  ib_endpoints2:970 -      market_snapshot ] {
    "last": 91.91,
    "ask": 91.94,
    "bid": 91.91,
    "bid_sz": 500000,
    "ask_sz": 20000,
    "volume": 2276103686506,
    "symbol": "UPRO",
    "conid": 61228752,
    "date": "20260330",
    "time": "11:18:01",
    "_updated": "20260330-11:17:59"
}
Mon 2026-03-30 11:19:02:     INFO [  ib_endpoints2:970 -      market_snapshot ] {
    "last": 91.99,
    "ask": 92.0,
    "bid": 91.97,
    "bid_sz": 60000,
    "ask_sz": 540000,
    "volume": 228260169028,
    "symbol": "UPRO",
    "conid": 61228752,
    "date": "20260330",
    "time": "11:19:02",
    "_updated": "20260330-11:18:59"
}
Mon 2026-03-30 11:20:03:     INFO [  ib_endpoints2:970 -      market_snapshot ] {
    "last": 92.01,
    "ask": 92.03,
    "bid": 92.0,
    "bid_sz": 60000,
    "ask_sz": 100000,
    "volume": 2292757453572,
    "symbol": "UPRO",
    "conid": 61228752,
    "date": "20260330",
    "time": "11:20:03",
    "_updated": "20260330-11:19:59"
}
Mon 2026-03-30 11:21:01:     INFO [  ib_endpoints2:970 -      market_snapshot ] {
    "last": 91.92,
    "ask": 91.92,
    "bid": 91.89,
    "bid_sz": 40000,
    "ask_sz": 510000,
    "volume": 2301358573972,
    "symbol": "UPRO",
    "conid": 61228752,
    "date": "20260330",
    "time": "11:21:01",
    "_updated": "20260330-11:20:59"
}
Mon 2026-03-30 11:22:01:     INFO [  ib_endpoints2:970 -      market_snapshot ] {
    "last": 91.67,
    "ask": 91.69,
    "bid": 91.66,
    "bid_sz": 50000,
    "ask_sz": 200000,
    "volume": 2318974247294,
    "symbol": "UPRO",
    "conid": 61228752,
    "date": "20260330",
    "time": "11:22:01",
    "_updated": "20260330-11:21:59"
}
Mon 2026-03-30 11:23:02:     INFO [  ib_endpoints2:970 -      market_snapshot ] {
    "last": 91.39,
    "ask": 91.42,
    "bid": 91.39,
    "bid_sz": 320000,
    "ask_sz": 20000,
    "volume": 233348857432,
    "symbol": "UPRO",
    "conid": 61228752,
    "date": "20260330",
    "time": "11:23:02",
    "_updated": "20260330-11:22:59"
}
Mon 2026-03-30 11:24:00:     INFO [  ib_endpoints2:970 -      market_snapshot ] {
    "last": 91.39,
    "ask": 91.38,
    "bid": 91.35,
    "bid_sz": 90000,
    "ask_sz": 450000,
    "volume": 2346069932675,
    "symbol": "UPRO",
    "conid": 61228752,
    "date": "20260330",
    "time": "11:24:00",
    "_updated": "20260330-11:23:59"
}
Mon 2026-03-30 11:25:01:     INFO [  ib_endpoints2:970 -      market_snapshot ] {
    "last": 91.37,
    "ask": 91.36,
    "bid": 91.34,
    "bid_sz": 10000,
    "ask_sz": 10000,
    "volume": 2348022164814,
    "symbol": "UPRO",
    "conid": 61228752,
    "date": "20260330",
    "time": "11:25:01",
    "_updated": "20260330-11:24:59"
}
Mon 2026-03-30 11:26:02:     INFO [  ib_endpoints2:970 -      market_snapshot ] {
    "last": 91.44,
    "ask": 91.43,
    "bid": 91.4,
    "bid_sz": 130000,
    "ask_sz": 130000,
    "volume": 2349819881756,
    "symbol": "UPRO",
    "conid": 61228752,
    "date": "20260330",
    "time": "11:26:02",
    "_updated": "20260330-11:25:59"
}
Mon 2026-03-30 11:27:03:     INFO [  ib_endpoints2:970 -      market_snapshot ] {
    "last": 91.37,
    "ask": 91.36,
    "bid": 91.33,
    "bid_sz": 530000,
    "ask_sz": 90000,
    "volume": 2358037645459,
    "symbol": "UPRO",
    "conid": 61228752,
    "date": "20260330",
    "time": "11:27:03",
    "_updated": "20260330-11:26:59"
}
Mon 2026-03-30 11:28:01:     INFO [  ib_endpoints2:970 -      market_snapshot ] {
    "last": 91.37,
    "ask": 91.41,
    "bid": 91.37,
    "bid_sz": 430000,
    "ask_sz": 240000,
    "volume": 2362473155471,
    "symbol": "UPRO",
    "conid": 61228752,
    "date": "20260330",
    "time": "11:28:01",
    "_updated": "20260330-11:27:59"
}
Mon 2026-03-30 11:29:01:     INFO [  ib_endpoints2:970 -      market_snapshot ] {
    "last": 91.28,
    "ask": 91.4,
    "bid": 91.36,
    "bid_sz": 230000,
    "ask_sz": 510000,
    "volume": 2364914444668,
    "symbol": "UPRO",
    "conid": 61228752,
    "date": "20260330",
    "time": "11:29:01",
    "_updated": "20260330-11:28:59"
}
Mon 2026-03-30 14:00:01:     INFO [  ib_endpoints2:970 -      market_snapshot ] {
    "last": 90.25,
    "ask": 90.26,
    "bid": 90.23,
    "bid_sz": 60000,
    "ask_sz": 250000,
    "volume": 3238865864109,
    "symbol": "UPRO",
    "conid": 61228752,
    "date": "20260330",
    "time": "14:00:01",
    "_updated": "20260330-14:00:01"
}
Mon 2026-03-30 14:01:02:     INFO [  ib_endpoints2:970 -      market_snapshot ] {
    "last": 90.27,
    "ask": 90.29,
    "bid": 90.26,
    "bid_sz": 20000,
    "ask_sz": 500000,
    "volume": 3241234909109,
    "symbol": "UPRO",
    "conid": 61228752,
    "date": "20260330",
    "time": "14:01:02",
    "_updated": "20260330-14:01:00"
}
Mon 2026-03-30 14:02:02:     INFO [  ib_endpoints2:970 -      market_snapshot ] {
    "last": 90.14,
    "ask": 90.11,
    "bid": 90.09,
    "bid_sz": 10000,
    "ask_sz": 50000,
    "volume": 3243993503344,
    "symbol": "UPRO",
    "conid": 61228752,
    "date": "20260330",
    "time": "14:02:02",
    "_updated": "20260330-14:01:59"
}
Mon 2026-03-30 14:03:03:     INFO [  ib_endpoints2:970 -      market_snapshot ] {
    "last": 90.18,
    "ask": 90.23,
    "bid": 90.2,
    "bid_sz": 260000,
    "ask_sz": 20000,
    "volume": 3289443891186,
    "symbol": "UPRO",
    "conid": 61228752,
    "date": "20260330",
    "time": "14:03:03",
    "_updated": "20260330-14:02:59"
}
Mon 2026-03-30 14:04:01:     INFO [  ib_endpoints2:970 -      market_snapshot ] {
    "last": 90.02,
    "ask": 90.04,
    "bid": 90.0,
    "bid_sz": 330000,
    "ask_sz": 300000,
    "volume": 329327435511,
    "symbol": "UPRO",
    "conid": 61228752,
    "date": "20260330",
    "time": "14:04:01",
    "_updated": "20260330-14:03:59"
}
Mon 2026-03-30 14:05:01:     INFO [  ib_endpoints2:970 -      market_snapshot ] {
    "last": 90.02,
    "ask": 90.01,
    "bid": 89.98,
    "bid_sz": 170000,
    "ask_sz": 80000,
    "volume": 3294096018702,
    "symbol": "UPRO",
    "conid": 61228752,
    "date": "20260330",
    "time": "14:05:01",
    "_updated": "20260330-14:04:59"
}
Mon 2026-03-30 14:06:02:     INFO [  ib_endpoints2:970 -      market_snapshot ] {
    "last": 89.97,
    "ask": 89.95,
    "bid": 89.93,
    "bid_sz": 60000,
    "ask_sz": 30000,
    "volume": 3296413372702,
    "symbol": "UPRO",
    "conid": 61228752,
    "date": "20260330",
    "time": "14:06:02",
    "_updated": "20260330-14:05:59"
}
Mon 2026-03-30 14:07:02:     INFO [  ib_endpoints2:970 -      market_snapshot ] {
    "last": 90.04,
    "ask": 90.03,
    "bid": 90.01,
    "bid_sz": 10000,
    "ask_sz": 300000,
    "volume": 3297469372702,
    "symbol": "UPRO",
    "conid": 61228752,
    "date": "20260330",
    "time": "14:07:02",
    "_updated": "20260330-14:06:59"
}
Mon 2026-03-30 14:08:03:     INFO [  ib_endpoints2:970 -      market_snapshot ] {
    "last": 90.0,
    "ask": 89.97,
    "bid": 89.94,
    "bid_sz": 100000,
    "ask_sz": 220000,
    "volume": 3299059728511,
    "symbol": "UPRO",
    "conid": 61228752,
    "date": "20260330",
    "time": "14:08:03",
    "_updated": "20260330-14:08:02"
}
Mon 2026-03-30 14:09:00:     INFO [  ib_endpoints2:970 -      market_snapshot ] {
    "last": 90.02,
    "ask": 90.03,
    "bid": 90.0,
    "bid_sz": 130000,
    "ask_sz": 380000,
    "volume": 3300067739627,
    "symbol": "UPRO",
    "conid": 61228752,
    "date": "20260330",
    "time": "14:09:00",
    "_updated": "20260330-14:08:59"
}
Mon 2026-03-30 14:10:00:     INFO [  ib_endpoints2:970 -      market_snapshot ] {
    "last": 89.92,
    "ask": 89.95,
    "bid": 89.92,
    "bid_sz": 430000,
    "ask_sz": 50000,
    "volume": 3304057798387,
    "symbol": "UPRO",
    "conid": 61228752,
    "date": "20260330",
    "time": "14:10:00",
    "_updated": "20260330-14:10:00"
}
Mon 2026-03-30 14:11:01:     INFO [  ib_endpoints2:970 -      market_snapshot ] {
    "last": 89.91,
    "ask": 89.93,
    "bid": 89.9,
    "bid_sz": 80000,
    "ask_sz": 140000,
    "volume": 3307137820625,
    "symbol": "UPRO",
    "conid": 61228752,
    "date": "20260330",
    "time": "14:11:01",
    "_updated": "20260330-14:11:01"
}
Mon 2026-03-30 14:12:01:     INFO [  ib_endpoints2:970 -      market_snapshot ] {
    "last": 89.96,
    "ask": 89.92,
    "bid": 89.9,
    "bid_sz": 70000,
    "ask_sz": 210000,
    "volume": 3307800033412,
    "symbol": "UPRO",
    "conid": 61228752,
    "date": "20260330",
    "time": "14:12:01",
    "_updated": "20260330-14:11:59"
}
Mon 2026-03-30 14:13:02:     INFO [  ib_endpoints2:970 -      market_snapshot ] {
    "last": 89.86,
    "ask": 89.89,
    "bid": 89.87,
    "bid_sz": 240000,
    "ask_sz": 40000,
    "volume": 3309843295198,
    "symbol": "UPRO",
    "conid": 61228752,
    "date": "20260330",
    "time": "14:13:02",
    "_updated": "20260330-14:12:59"
}
Mon 2026-03-30 14:14:03:     INFO [  ib_endpoints2:970 -      market_snapshot ] {
    "last": 89.85,
    "ask": 89.84,
    "bid": 89.81,
    "bid_sz": 110000,
    "ask_sz": 60000,
    "volume": 3312402401107,
    "symbol": "UPRO",
    "conid": 61228752,
    "date": "20260330",
    "time": "14:14:03",
    "_updated": "20260330-14:13:59"
}
Mon 2026-03-30 14:15:01:     INFO [  ib_endpoints2:970 -      market_snapshot ] {
    "last": 89.95,
    "ask": 89.98,
    "bid": 89.96,
    "bid_sz": 40000,
    "ask_sz": 50000,
    "volume": 3313273401107,
    "symbol": "UPRO",
    "conid": 61228752,
    "date": "20260330",
    "time": "14:15:01",
    "_updated": "20260330-14:14:59"
}
Mon 2026-03-30 14:16:01:     INFO [  ib_endpoints2:970 -      market_snapshot ] {
    "last": 89.93,
    "ask": 89.93,
    "bid": 89.91,
    "bid_sz": 30000,
    "ask_sz": 290000,
    "volume": 3315536621224,
    "symbol": "UPRO",
    "conid": 61228752,
    "date": "20260330",
    "time": "14:16:01",
    "_updated": "20260330-14:15:59"
}
Mon 2026-03-30 14:17:02:     INFO [  ib_endpoints2:970 -      market_snapshot ] {
    "last": 89.9,
    "ask": 89.9,
    "bid": 89.88,
    "bid_sz": 100000,
    "ask_sz": 30000,
    "volume": 3316423939437,
    "symbol": "UPRO",
    "conid": 61228752,
    "date": "20260330",
    "time": "14:17:02",
    "_updated": "20260330-14:16:59"
}
Mon 2026-03-30 14:18:03:     INFO [  ib_endpoints2:970 -      market_snapshot ] {
    "last": 89.97,
    "ask": 89.97,
    "bid": 89.96,
    "bid_sz": 30000,
    "ask_sz": 10000,
    "volume": 3317895939437,
    "symbol": "UPRO",
    "conid": 61228752,
    "date": "20260330",
    "time": "14:18:03",
    "_updated": "20260330-14:17:59"
}
Mon 2026-03-30 14:19:00:     INFO [  ib_endpoints2:970 -      market_snapshot ] {
    "last": 89.93,
    "ask": 89.94,
    "bid": 89.92,
    "bid_sz": 30000,
    "ask_sz": 20000,
    "volume": 3318524788437,
    "symbol": "UPRO",
    "conid": 61228752,
    "date": "20260330",
    "time": "14:19:00",
    "_updated": "20260330-14:18:59"
}
Mon 2026-03-30 14:20:01:     INFO [  ib_endpoints2:970 -      market_snapshot ] {
    "last": 89.89,
    "ask": 89.86,
    "bid": 89.84,
    "bid_sz": 100000,
    "ask_sz": 70000,
    "volume": 3321083882524,
    "symbol": "UPRO",
    "conid": 61228752,
    "date": "20260330",
    "time": "14:20:01",
    "_updated": "20260330-14:19:59"
}
Mon 2026-03-30 14:21:02:     INFO [  ib_endpoints2:970 -      market_snapshot ] {
    "last": 89.9,
    "ask": 89.92,
    "bid": 89.9,
    "bid_sz": 180000,
    "ask_sz": 10000,
    "volume": 3323061142983,
    "symbol": "UPRO",
    "conid": 61228752,
    "date": "20260330",
    "time": "14:21:02",
    "_updated": "20260330-14:21:00"
}
Mon 2026-03-30 14:22:02:     INFO [  ib_endpoints2:970 -      market_snapshot ] {
    "last": 89.74,
    "ask": 89.8,
    "bid": 89.78,
    "bid_sz": 140000,
    "ask_sz": 20000,
    "volume": 3326298624983,
    "symbol": "UPRO",
    "conid": 61228752,
    "date": "20260330",
    "time": "14:22:02",
    "_updated": "20260330-14:21:59"
}
Mon 2026-03-30 14:23:03:     INFO [  ib_endpoints2:970 -      market_snapshot ] {
    "last": 89.72,
    "ask": 89.74,
    "bid": 89.72,
    "bid_sz": 230000,
    "ask_sz": 20000,
    "volume": 3328427888321,
    "symbol": "UPRO",
    "conid": 61228752,
    "date": "20260330",
    "time": "14:23:03",
    "_updated": "20260330-14:22:59"
}
Mon 2026-03-30 14:24:01:     INFO [  ib_endpoints2:970 -      market_snapshot ] {
    "last": 89.7,
    "ask": 89.7,
    "bid": 89.68,
    "bid_sz": 30000,
    "ask_sz": 30000,
    "volume": 3331128113109,
    "symbol": "UPRO",
    "conid": 61228752,
    "date": "20260330",
    "time": "14:24:01",
    "_updated": "20260330-14:23:59"
}
Mon 2026-03-30 14:25:02:     INFO [  ib_endpoints2:970 -      market_snapshot ] {
    "last": 89.74,
    "ask": 89.71,
    "bid": 89.69,
    "bid_sz": 100000,
    "ask_sz": 10000,
    "volume": 3334187815229,
    "symbol": "UPRO",
    "conid": 61228752,
    "date": "20260330",
    "time": "14:25:02",
    "_updated": "20260330-14:24:59"
}
Mon 2026-03-30 14:26:03:     INFO [  ib_endpoints2:970 -      market_snapshot ] {
    "last": 89.72,
    "ask": 89.72,
    "bid": 89.7,
    "bid_sz": 70000,
    "ask_sz": 10000,
    "volume": 3336237675452,
    "symbol": "UPRO",
    "conid": 61228752,
    "date": "20260330",
    "time": "14:26:03",
    "_updated": "20260330-14:25:59"
}
Mon 2026-03-30 14:27:00:     INFO [  ib_endpoints2:970 -      market_snapshot ] {
    "last": 89.77,
    "ask": 89.79,
    "bid": 89.77,
    "bid_sz": 110000,
    "ask_sz": 30000,
    "volume": 3339443940452,
    "symbol": "UPRO",
    "conid": 61228752,
    "date": "20260330",
    "time": "14:27:00",
    "_updated": "20260330-14:26:59"
}
Mon 2026-03-30 14:28:00:     INFO [  ib_endpoints2:970 -      market_snapshot ] {
    "last": 89.77,
    "ask": 89.79,
    "bid": 89.77,
    "bid_sz": 20000,
    "ask_sz": 90000,
    "volume": 3341218977096,
    "symbol": "UPRO",
    "conid": 61228752,
    "date": "20260330",
    "time": "14:28:00",
    "_updated": "20260330-14:28:00"
}
Mon 2026-03-30 14:29:01:     INFO [  ib_endpoints2:970 -      market_snapshot ] {
    "last": 89.71,
    "ask": 89.72,
    "bid": 89.7,
    "bid_sz": 20000,
    "ask_sz": 20000,
    "volume": 334178501043,
    "symbol": "UPRO",
    "conid": 61228752,
    "date": "20260330",
    "time": "14:29:01",
    "_updated": "20260330-14:28:59"
}
Mon 2026-03-30 14:30:02:     INFO [  ib_endpoints2:970 -      market_snapshot ] {
    "last": 89.78,
    "ask": 89.85,
    "bid": 89.82,
    "bid_sz": 20000,
    "ask_sz": 80000,
    "volume": 3343145955318,
    "symbol": "UPRO",
    "conid": 61228752,
    "date": "20260330",
    "time": "14:30:02",
    "_updated": "20260330-14:29:59"
}
Mon 2026-03-30 14:31:02:     INFO [  ib_endpoints2:970 -      market_snapshot ] {
    "last": 89.74,
    "ask": 89.75,
    "bid": 89.73,
    "bid_sz": 10000,
    "ask_sz": 250000,
    "volume": 3350047539989,
    "symbol": "UPRO",
    "conid": 61228752,
    "date": "20260330",
    "time": "14:31:02",
    "_updated": "20260330-14:30:59"
}
Mon 2026-03-30 14:32:01:     INFO [  ib_endpoints2:970 -      market_snapshot ] {
    "last": 89.77,
    "ask": 89.77,
    "bid": 89.75,
    "bid_sz": 80000,
    "ask_sz": 20000,
    "volume": 3351657118989,
    "symbol": "UPRO",
    "conid": 61228752,
    "date": "20260330",
    "time": "14:32:01",
    "_updated": "20260330-14:31:59"
}
Mon 2026-03-30 14:33:01:     INFO [  ib_endpoints2:970 -      market_snapshot ] {
    "last": 89.76,
    "ask": 89.77,
    "bid": 89.74,
    "bid_sz": 270000,
    "ask_sz": 60000,
    "volume": 3356711536478,
    "symbol": "UPRO",
    "conid": 61228752,
    "date": "20260330",
    "time": "14:33:01",
    "_updated": "20260330-14:32:59"
}
Mon 2026-03-30 14:34:02:     INFO [  ib_endpoints2:970 -      market_snapshot ] {
    "last": 89.79,
    "ask": 89.8,
    "bid": 89.78,
    "bid_sz": 80000,
    "ask_sz": 20000,
    "volume": 3357506632986,
    "symbol": "UPRO",
    "conid": 61228752,
    "date": "20260330",
    "time": "14:34:02",
    "_updated": "20260330-14:33:59"
}
Mon 2026-03-30 14:35:03:     INFO [  ib_endpoints2:970 -      market_snapshot ] {
    "last": 89.93,
    "ask": 89.93,
    "bid": 89.91,
    "bid_sz": 20000,
    "ask_sz": 10000,
    "volume": 336428046631,
    "symbol": "UPRO",
    "conid": 61228752,
    "date": "20260330",
    "time": "14:35:03",
    "_updated": "20260330-14:35:00"
}
Mon 2026-03-30 14:36:00:     INFO [  ib_endpoints2:970 -      market_snapshot ] {
    "last": 89.92,
    "ask": 89.97,
    "bid": 89.94,
    "bid_sz": 280000,
    "ask_sz": 30000,
    "volume": 3367380268523,
    "symbol": "UPRO",
    "conid": 61228752,
    "date": "20260330",
    "time": "14:36:00",
    "_updated": "20260330-14:35:59"
}
Mon 2026-03-30 14:37:01:     INFO [  ib_endpoints2:970 -      market_snapshot ] {
    "last": 89.88,
    "ask": 89.87,
    "bid": 89.85,
    "bid_sz": 20000,
    "ask_sz": 10000,
    "volume": 3374836268523,
    "symbol": "UPRO",
    "conid": 61228752,
    "date": "20260330",
    "time": "14:37:01",
    "_updated": "20260330-14:36:59"
}
Mon 2026-03-30 14:38:02:     INFO [  ib_endpoints2:970 -      market_snapshot ] {
    "last": 89.78,
    "ask": 89.81,
    "bid": 89.79,
    "bid_sz": 20000,
    "ask_sz": 130000,
    "volume": 3378758633497,
    "symbol": "UPRO",
    "conid": 61228752,
    "date": "20260330",
    "time": "14:38:02",
    "_updated": "20260330-14:38:02"
}
Mon 2026-03-30 14:39:02:     INFO [  ib_endpoints2:970 -      market_snapshot ] {
    "last": 89.76,
    "ask": 89.77,
    "bid": 89.75,
    "bid_sz": 50000,
    "ask_sz": 20000,
    "volume": 3385083633497,
    "symbol": "UPRO",
    "conid": 61228752,
    "date": "20260330",
    "time": "14:39:02",
    "_updated": "20260330-14:38:59"
}
Mon 2026-03-30 14:40:03:     INFO [  ib_endpoints2:970 -      market_snapshot ] {
    "last": 89.74,
    "ask": 89.76,
    "bid": 89.73,
    "bid_sz": 370000,
    "ask_sz": 20000,
    "volume": 3387198689084,
    "symbol": "UPRO",
    "conid": 61228752,
    "date": "20260330",
    "time": "14:40:03",
    "_updated": "20260330-14:39:59"
}
Mon 2026-03-30 14:41:01:     INFO [  ib_endpoints2:970 -      market_snapshot ] {
    "last": 89.66,
    "ask": 89.67,
    "bid": 89.65,
    "bid_sz": 20000,
    "ask_sz": 60000,
    "volume": 3390342689084,
    "symbol": "UPRO",
    "conid": 61228752,
    "date": "20260330",
    "time": "14:41:01",
    "_updated": "20260330-14:40:59"
}
Mon 2026-03-30 14:42:02:     INFO [  ib_endpoints2:970 -      market_snapshot ] {
    "last": 89.56,
    "ask": 89.58,
    "bid": 89.56,
    "bid_sz": 70000,
    "ask_sz": 100000,
    "volume": 3402837318431,
    "symbol": "UPRO",
    "conid": 61228752,
    "date": "20260330",
    "time": "14:42:02",
    "_updated": "20260330-14:41:59"
}
Mon 2026-03-30 14:43:02:     INFO [  ib_endpoints2:970 -      market_snapshot ] {
    "last": 89.52,
    "ask": 89.53,
    "bid": 89.5,
    "bid_sz": 60000,
    "ask_sz": 160000,
    "volume": 3412130887204,
    "symbol": "UPRO",
    "conid": 61228752,
    "date": "20260330",
    "time": "14:43:02",
    "_updated": "20260330-14:42:59"
}
Mon 2026-03-30 14:44:03:     INFO [  ib_endpoints2:970 -      market_snapshot ] {
    "last": 89.49,
    "ask": 89.49,
    "bid": 89.48,
    "bid_sz": 50000,
    "ask_sz": 10000,
    "volume": 3429677937204,
    "symbol": "UPRO",
    "conid": 61228752,
    "date": "20260330",
    "time": "14:44:03",
    "_updated": "20260330-14:43:59"
}
Mon 2026-03-30 14:45:01:     INFO [  ib_endpoints2:970 -      market_snapshot ] {
    "last": 89.42,
    "ask": 89.44,
    "bid": 89.42,
    "bid_sz": 10000,
    "ask_sz": 240000,
    "volume": 3431199937204,
    "symbol": "UPRO",
    "conid": 61228752,
    "date": "20260330",
    "time": "14:45:01",
    "_updated": "20260330-14:44:59"
}
Mon 2026-03-30 14:46:01:     INFO [  ib_endpoints2:970 -      market_snapshot ] {
    "last": 89.5,
    "ask": 89.51,
    "bid": 89.5,
    "bid_sz": 10000,
    "ask_sz": 20000,
    "volume": 3433359370248,
    "symbol": "UPRO",
    "conid": 61228752,
    "date": "20260330",
    "time": "14:46:01",
    "_updated": "20260330-14:45:59"
}
Mon 2026-03-30 14:47:02:     INFO [  ib_endpoints2:970 -      market_snapshot ] {
    "last": 89.54,
    "ask": 89.53,
    "bid": 89.51,
    "bid_sz": 30000,
    "ask_sz": 30000,
    "volume": 3440733403748,
    "symbol": "UPRO",
    "conid": 61228752,
    "date": "20260330",
    "time": "14:47:02",
    "_updated": "20260330-14:46:59"
}
Mon 2026-03-30 14:48:02:     INFO [  ib_endpoints2:970 -      market_snapshot ] {
    "last": 89.56,
    "ask": 89.54,
    "bid": 89.52,
    "bid_sz": 10000,
    "ask_sz": 280000,
    "volume": 3441667715749,
    "symbol": "UPRO",
    "conid": 61228752,
    "date": "20260330",
    "time": "14:48:02",
    "_updated": "20260330-14:47:59"
}
Mon 2026-03-30 14:49:03:     INFO [  ib_endpoints2:970 -      market_snapshot ] {
    "last": 89.54,
    "ask": 89.56,
    "bid": 89.54,
    "bid_sz": 60000,
    "ask_sz": 20000,
    "volume": 3442871050265,
    "symbol": "UPRO",
    "conid": 61228752,
    "date": "20260330",
    "time": "14:49:03",
    "_updated": "20260330-14:48:59"
}
Mon 2026-03-30 14:50:01:     INFO [  ib_endpoints2:970 -      market_snapshot ] {
    "last": 89.54,
    "ask": 89.57,
    "bid": 89.54,
    "bid_sz": 190000,
    "ask_sz": 90000,
    "volume": 3443570392358,
    "symbol": "UPRO",
    "conid": 61228752,
    "date": "20260330",
    "time": "14:50:01",
    "_updated": "20260330-14:49:59"
}
Mon 2026-03-30 14:51:02:     INFO [  ib_endpoints2:970 -      market_snapshot ] {
    "last": 89.67,
    "ask": 89.66,
    "bid": 89.63,
    "bid_sz": 150000,
    "ask_sz": 300000,
    "volume": 3444764543801,
    "symbol": "UPRO",
    "conid": 61228752,
    "date": "20260330",
    "time": "14:51:02",
    "_updated": "20260330-14:51:02"
}
Mon 2026-03-30 14:52:03:     INFO [  ib_endpoints2:970 -      market_snapshot ] {
    "last": 89.78,
    "ask": 89.8,
    "bid": 89.78,
    "bid_sz": 140000,
    "ask_sz": 10000,
    "volume": 3448114545839,
    "symbol": "UPRO",
    "conid": 61228752,
    "date": "20260330",
    "time": "14:52:03",
    "_updated": "20260330-14:51:59"
}
Mon 2026-03-30 14:53:00:     INFO [  ib_endpoints2:970 -      market_snapshot ] {
    "last": 89.74,
    "ask": 89.74,
    "bid": 89.71,
    "bid_sz": 60000,
    "ask_sz": 260000,
    "volume": 345008382105,
    "symbol": "UPRO",
    "conid": 61228752,
    "date": "20260330",
    "time": "14:53:00",
    "_updated": "20260330-14:52:59"
}
Mon 2026-03-30 14:54:01:     INFO [  ib_endpoints2:970 -      market_snapshot ] {
    "last": 89.64,
    "ask": 89.65,
    "bid": 89.63,
    "bid_sz": 100000,
    "ask_sz": 50000,
    "volume": 345599982105,
    "symbol": "UPRO",
    "conid": 61228752,
    "date": "20260330",
    "time": "14:54:01",
    "_updated": "20260330-14:53:59"
}
Mon 2026-03-30 14:55:02:     INFO [  ib_endpoints2:970 -      market_snapshot ] {
    "last": 89.55,
    "ask": 89.52,
    "bid": 89.5,
    "bid_sz": 30000,
    "ask_sz": 40000,
    "volume": 3461077593181,
    "symbol": "UPRO",
    "conid": 61228752,
    "date": "20260330",
    "time": "14:55:02",
    "_updated": "20260330-14:54:59"
}
Mon 2026-03-30 14:56:02:     INFO [  ib_endpoints2:970 -      market_snapshot ] {
    "last": 89.56,
    "ask": 89.59,
    "bid": 89.56,
    "bid_sz": 320000,
    "ask_sz": 80000,
    "volume": 3465720931181,
    "symbol": "UPRO",
    "conid": 61228752,
    "date": "20260330",
    "time": "14:56:02",
    "_updated": "20260330-14:55:59"
}
Mon 2026-03-30 14:57:03:     INFO [  ib_endpoints2:970 -      market_snapshot ] {
    "last": 89.58,
    "ask": 89.57,
    "bid": 89.55,
    "bid_sz": 60000,
    "ask_sz": 30000,
    "volume": 3466943768694,
    "symbol": "UPRO",
    "conid": 61228752,
    "date": "20260330",
    "time": "14:57:03",
    "_updated": "20260330-14:56:59"
}
Mon 2026-03-30 14:58:00:     INFO [  ib_endpoints2:970 -      market_snapshot ] {
    "last": 89.51,
    "ask": 89.53,
    "bid": 89.5,
    "bid_sz": 310000,
    "ask_sz": 240000,
    "volume": 3469859880292,
    "symbol": "UPRO",
    "conid": 61228752,
    "date": "20260330",
    "time": "14:58:00",
    "_updated": "20260330-14:57:59"
}
Mon 2026-03-30 14:59:02:     INFO [  ib_endpoints2:970 -      market_snapshot ] {
    "last": 89.49,
    "ask": 89.52,
    "bid": 89.5,
    "bid_sz": 370000,
    "ask_sz": 20000,
    "volume": 3471107112719,
    "symbol": "UPRO",
    "conid": 61228752,
    "date": "20260330",
    "time": "14:59:02",
    "_updated": "20260330-14:58:59"
}
Mon 2026-03-30 15:00:02:     INFO [  ib_endpoints2:970 -      market_snapshot ] {
    "last": 89.49,
    "ask": 89.51,
    "bid": 89.49,
    "bid_sz": 10000,
    "ask_sz": 140000,
    "volume": 347236552954,
    "symbol": "UPRO",
    "conid": 61228752,
    "date": "20260330",
    "time": "15:00:02",
    "_updated": "20260330-14:59:59"
}
Mon 2026-03-30 15:01:00:     INFO [  ib_endpoints2:970 -      market_snapshot ] {
    "last": 89.54,
    "ask": 89.53,
    "bid": 89.51,
    "bid_sz": 250000,
    "ask_sz": 70000,
    "volume": 347461094054,
    "symbol": "UPRO",
    "conid": 61228752,
    "date": "20260330",
    "time": "15:01:00",
    "_updated": "20260330-15:00:59"
}
Mon 2026-03-30 15:02:00:     INFO [  ib_endpoints2:970 -      market_snapshot ] {
    "last": 89.45,
    "ask": 89.48,
    "bid": 89.46,
    "bid_sz": 110000,
    "ask_sz": 20000,
    "volume": 3476166053309,
    "symbol": "UPRO",
    "conid": 61228752,
    "date": "20260330",
    "time": "15:02:00",
    "_updated": "20260330-15:01:59"
}
Mon 2026-03-30 15:03:01:     INFO [  ib_endpoints2:970 -      market_snapshot ] {
    "last": 89.43,
    "ask": 89.48,
    "bid": 89.45,
    "bid_sz": 450000,
    "ask_sz": 60000,
    "volume": 3478786627482,
    "symbol": "UPRO",
    "conid": 61228752,
    "date": "20260330",
    "time": "15:03:01",
    "_updated": "20260330-15:02:59"
}
Mon 2026-03-30 15:04:01:     INFO [  ib_endpoints2:970 -      market_snapshot ] {
    "last": 89.37,
    "ask": 89.42,
    "bid": 89.4,
    "bid_sz": 170000,
    "ask_sz": 30000,
    "volume": 3483378523955,
    "symbol": "UPRO",
    "conid": 61228752,
    "date": "20260330",
    "time": "15:04:01",
    "_updated": "20260330-15:03:59"
}
Mon 2026-03-30 15:05:02:     INFO [  ib_endpoints2:970 -      market_snapshot ] {
    "last": 89.39,
    "ask": 89.42,
    "bid": 89.4,
    "bid_sz": 20000,
    "ask_sz": 290000,
    "volume": 3485263136955,
    "symbol": "UPRO",
    "conid": 61228752,
    "date": "20260330",
    "time": "15:05:02",
    "_updated": "20260330-15:04:59"
}
Mon 2026-03-30 15:06:03:     INFO [  ib_endpoints2:970 -      market_snapshot ] {
    "last": 89.29,
    "ask": 89.34,
    "bid": 89.33,
    "bid_sz": 90000,
    "ask_sz": 10000,
    "volume": 3488194248786,
    "symbol": "UPRO",
    "conid": 61228752,
    "date": "20260330",
    "time": "15:06:03",
    "_updated": "20260330-15:05:59"
}
Mon 2026-03-30 15:07:00:     INFO [  ib_endpoints2:970 -      market_snapshot ] {
    "last": 89.24,
    "ask": 89.25,
    "bid": 89.23,
    "bid_sz": 30000,
    "ask_sz": 220000,
    "volume": 3500853408188,
    "symbol": "UPRO",
    "conid": 61228752,
    "date": "20260330",
    "time": "15:07:00",
    "_updated": "20260330-15:06:59"
}
Mon 2026-03-30 15:08:01:     INFO [  ib_endpoints2:970 -      market_snapshot ] {
    "last": 89.19,
    "ask": 89.23,
    "bid": 89.2,
    "bid_sz": 130000,
    "ask_sz": 480000,
    "volume": 3503638755188,
    "symbol": "UPRO",
    "conid": 61228752,
    "date": "20260330",
    "time": "15:08:01",
    "_updated": "20260330-15:07:59"
}
Mon 2026-03-30 15:09:02:     INFO [  ib_endpoints2:970 -      market_snapshot ] {
    "last": 89.19,
    "ask": 89.22,
    "bid": 89.19,
    "bid_sz": 150000,
    "ask_sz": 290000,
    "volume": 3509464203564,
    "symbol": "UPRO",
    "conid": 61228752,
    "date": "20260330",
    "time": "15:09:02",
    "_updated": "20260330-15:08:59"
}
Mon 2026-03-30 15:10:03:     INFO [  ib_endpoints2:970 -      market_snapshot ] {
    "last": 89.21,
    "ask": 89.24,
    "bid": 89.22,
    "bid_sz": 30000,
    "ask_sz": 130000,
    "volume": 3513858203564,
    "symbol": "UPRO",
    "conid": 61228752,
    "date": "20260330",
    "time": "15:10:03",
    "_updated": "20260330-15:09:59"
}
Mon 2026-03-30 15:11:00:     INFO [  ib_endpoints2:970 -      market_snapshot ] {
    "last": 89.26,
    "ask": 89.27,
    "bid": 89.25,
    "bid_sz": 20000,
    "ask_sz": 510000,
    "volume": 3518297630581,
    "symbol": "UPRO",
    "conid": 61228752,
    "date": "20260330",
    "time": "15:11:00",
    "_updated": "20260330-15:11:00"
}
Mon 2026-03-30 15:12:01:     INFO [  ib_endpoints2:970 -      market_snapshot ] {
    "last": 89.23,
    "ask": 89.24,
    "bid": 89.21,
    "bid_sz": 160000,
    "ask_sz": 250000,
    "volume": 3519863284504,
    "symbol": "UPRO",
    "conid": 61228752,
    "date": "20260330",
    "time": "15:12:01",
    "_updated": "20260330-15:11:59"
}
Mon 2026-03-30 15:13:01:     INFO [  ib_endpoints2:970 -      market_snapshot ] {
    "last": 89.08,
    "ask": 89.1,
    "bid": 89.08,
    "bid_sz": 190000,
    "ask_sz": 470000,
    "volume": 3525740573377,
    "symbol": "UPRO",
    "conid": 61228752,
    "date": "20260330",
    "time": "15:13:01",
    "_updated": "20260330-15:12:59"
}
Mon 2026-03-30 15:14:01:     INFO [  ib_endpoints2:970 -      market_snapshot ] {
    "last": 89.11,
    "ask": 89.13,
    "bid": 89.11,
    "bid_sz": 240000,
    "ask_sz": 20000,
    "volume": 3530249852826,
    "symbol": "UPRO",
    "conid": 61228752,
    "date": "20260330",
    "time": "15:14:01",
    "_updated": "20260330-15:13:59"
}
Mon 2026-03-30 15:15:02:     INFO [  ib_endpoints2:970 -      market_snapshot ] {
    "last": 89.21,
    "ask": 89.2,
    "bid": 89.18,
    "bid_sz": 50000,
    "ask_sz": 50000,
    "volume": 3531188023221,
    "symbol": "UPRO",
    "conid": 61228752,
    "date": "20260330",
    "time": "15:15:02",
    "_updated": "20260330-15:14:59"
}
Mon 2026-03-30 15:16:03:     INFO [  ib_endpoints2:970 -      market_snapshot ] {
    "last": 89.14,
    "ask": 89.14,
    "bid": 89.12,
    "bid_sz": 210000,
    "ask_sz": 20000,
    "volume": 353254985679,
    "symbol": "UPRO",
    "conid": 61228752,
    "date": "20260330",
    "time": "15:16:03",
    "_updated": "20260330-15:15:59"
}
Mon 2026-03-30 15:17:01:     INFO [  ib_endpoints2:970 -      market_snapshot ] {
    "last": 89.19,
    "ask": 89.19,
    "bid": 89.17,
    "bid_sz": 160000,
    "ask_sz": 20000,
    "volume": 3535563451466,
    "symbol": "UPRO",
    "conid": 61228752,
    "date": "20260330",
    "time": "15:17:01",
    "_updated": "20260330-15:16:59"
}
Mon 2026-03-30 15:18:02:     INFO [  ib_endpoints2:970 -      market_snapshot ] {
    "last": 89.19,
    "ask": 89.17,
    "bid": 89.15,
    "bid_sz": 90000,
    "ask_sz": 220000,
    "volume": 3542751684423,
    "symbol": "UPRO",
    "conid": 61228752,
    "date": "20260330",
    "time": "15:18:02",
    "_updated": "20260330-15:17:59"
}
Mon 2026-03-30 15:19:02:     INFO [  ib_endpoints2:970 -      market_snapshot ] {
    "last": 89.07,
    "ask": 89.07,
    "bid": 89.04,
    "bid_sz": 40000,
    "ask_sz": 540000,
    "volume": 3544275203855,
    "symbol": "UPRO",
    "conid": 61228752,
    "date": "20260330",
    "time": "15:19:02",
    "_updated": "20260330-15:19:02"
}
Mon 2026-03-30 15:20:04:     INFO [  ib_endpoints2:970 -      market_snapshot ] {
    "last": 89.08,
    "ask": 89.1,
    "bid": 89.08,
    "bid_sz": 80000,
    "ask_sz": 70000,
    "volume": 3547074139984,
    "symbol": "UPRO",
    "conid": 61228752,
    "date": "20260330",
    "time": "15:20:04",
    "_updated": "20260330-15:20:01"
}
Mon 2026-03-30 15:21:02:     INFO [  ib_endpoints2:970 -      market_snapshot ] {
    "last": 88.98,
    "ask": 88.98,
    "bid": 88.96,
    "bid_sz": 20000,
    "ask_sz": 110000,
    "volume": 3609350053934,
    "symbol": "UPRO",
    "conid": 61228752,
    "date": "20260330",
    "time": "15:21:02",
    "_updated": "20260330-15:20:59"
}
Mon 2026-03-30 15:22:02:     INFO [  ib_endpoints2:970 -      market_snapshot ] {
    "last": 88.85,
    "ask": 88.91,
    "bid": 88.89,
    "bid_sz": 230000,
    "ask_sz": 270000,
    "volume": 3621592784071,
    "symbol": "UPRO",
    "conid": 61228752,
    "date": "20260330",
    "time": "15:22:02",
    "_updated": "20260330-15:21:59"
}
Mon 2026-03-30 15:23:03:     INFO [  ib_endpoints2:970 -      market_snapshot ] {
    "last": 88.78,
    "ask": 88.76,
    "bid": 88.74,
    "bid_sz": 20000,
    "ask_sz": 240000,
    "volume": 3627422130147,
    "symbol": "UPRO",
    "conid": 61228752,
    "date": "20260330",
    "time": "15:23:03",
    "_updated": "20260330-15:23:01"
}
Mon 2026-03-30 15:24:01:     INFO [  ib_endpoints2:970 -      market_snapshot ] {
    "last": 88.72,
    "ask": 88.74,
    "bid": 88.71,
    "bid_sz": 180000,
    "ask_sz": 220000,
    "volume": 3668429565755,
    "symbol": "UPRO",
    "conid": 61228752,
    "date": "20260330",
    "time": "15:24:01",
    "_updated": "20260330-15:23:59"
}
Mon 2026-03-30 15:25:01:     INFO [  ib_endpoints2:970 -      market_snapshot ] {
    "last": 88.64,
    "ask": 88.65,
    "bid": 88.63,
    "bid_sz": 140000,
    "ask_sz": 20000,
    "volume": 3677641904755,
    "symbol": "UPRO",
    "conid": 61228752,
    "date": "20260330",
    "time": "15:25:01",
    "_updated": "20260330-15:24:59"
}
Mon 2026-03-30 15:26:02:     INFO [  ib_endpoints2:970 -      market_snapshot ] {
    "last": 88.45,
    "ask": 88.46,
    "bid": 88.43,
    "bid_sz": 80000,
    "ask_sz": 100000,
    "volume": 3703675854353,
    "symbol": "UPRO",
    "conid": 61228752,
    "date": "20260330",
    "time": "15:26:02",
    "_updated": "20260330-15:25:59"
}
Mon 2026-03-30 15:27:03:     INFO [  ib_endpoints2:970 -      market_snapshot ] {
    "last": 88.41,
    "ask": 88.4,
    "bid": 88.38,
    "bid_sz": 10000,
    "ask_sz": 90000,
    "volume": 3721789367353,
    "symbol": "UPRO",
    "conid": 61228752,
    "date": "20260330",
    "time": "15:27:03",
    "_updated": "20260330-15:26:59"
}
Mon 2026-03-30 15:28:00:     INFO [  ib_endpoints2:970 -      market_snapshot ] {
    "last": 88.37,
    "ask": 88.39,
    "bid": 88.37,
    "bid_sz": 80000,
    "ask_sz": 20000,
    "volume": 376873626538,
    "symbol": "UPRO",
    "conid": 61228752,
    "date": "20260330",
    "time": "15:28:00",
    "_updated": "20260330-15:28:00"
}
Mon 2026-03-30 15:29:02:     INFO [  ib_endpoints2:970 -      market_snapshot ] {
    "last": 88.45,
    "ask": 88.46,
    "bid": 88.44,
    "bid_sz": 40000,
    "ask_sz": 60000,
    "volume": 3773398477325,
    "symbol": "UPRO",
    "conid": 61228752,
    "date": "20260330",
    "time": "15:29:02",
    "_updated": "20260330-15:28:59"
}
Mon 2026-03-30 15:30:03:     INFO [  ib_endpoints2:970 -      market_snapshot ] {
    "last": 88.42,
    "ask": 88.43,
    "bid": 88.41,
    "bid_sz": 70000,
    "ask_sz": 20000,
    "volume": 3777374839463,
    "symbol": "UPRO",
    "conid": 61228752,
    "date": "20260330",
    "time": "15:30:03",
    "_updated": "20260330-15:30:00"
}
Mon 2026-03-30 15:31:00:     INFO [  ib_endpoints2:970 -      market_snapshot ] {
    "last": 88.52,
    "ask": 88.52,
    "bid": 88.49,
    "bid_sz": 500000,
    "ask_sz": 50000,
    "volume": 3781937862493,
    "symbol": "UPRO",
    "conid": 61228752,
    "date": "20260330",
    "time": "15:31:00",
    "_updated": "20260330-15:31:00"
}
Mon 2026-03-30 15:32:01:     INFO [  ib_endpoints2:970 -      market_snapshot ] {
    "last": 88.49,
    "ask": 88.51,
    "bid": 88.48,
    "bid_sz": 210000,
    "ask_sz": 190000,
    "volume": 3787374807308,
    "symbol": "UPRO",
    "conid": 61228752,
    "date": "20260330",
    "time": "15:32:01",
    "_updated": "20260330-15:31:59"
}
Mon 2026-03-30 15:33:02:     INFO [  ib_endpoints2:970 -      market_snapshot ] {
    "last": 88.54,
    "ask": 88.52,
    "bid": 88.5,
    "bid_sz": 30000,
    "ask_sz": 20000,
    "volume": 3790583090308,
    "symbol": "UPRO",
    "conid": 61228752,
    "date": "20260330",
    "time": "15:33:02",
    "_updated": "20260330-15:32:59"
}
Mon 2026-03-30 15:34:03:     INFO [  ib_endpoints2:970 -      market_snapshot ] {
    "last": 88.55,
    "ask": 88.52,
    "bid": 88.49,
    "bid_sz": 280000,
    "ask_sz": 90000,
    "volume": 3796147090308,
    "symbol": "UPRO",
    "conid": 61228752,
    "date": "20260330",
    "time": "15:34:03",
    "_updated": "20260330-15:33:59"
}
Mon 2026-03-30 15:35:01:     INFO [  ib_endpoints2:970 -      market_snapshot ] {
    "last": 88.45,
    "ask": 88.47,
    "bid": 88.45,
    "bid_sz": 110000,
    "ask_sz": 40000,
    "volume": 3799999122308,
    "symbol": "UPRO",
    "conid": 61228752,
    "date": "20260330",
    "time": "15:35:01",
    "_updated": "20260330-15:34:59"
}
Mon 2026-03-30 15:36:01:     INFO [  ib_endpoints2:970 -      market_snapshot ] {
    "last": 88.52,
    "ask": 88.55,
    "bid": 88.53,
    "bid_sz": 20000,
    "ask_sz": 20000,
    "volume": 3802228714408,
    "symbol": "UPRO",
    "conid": 61228752,
    "date": "20260330",
    "time": "15:36:01",
    "_updated": "20260330-15:36:00"
}
Mon 2026-03-30 15:37:03:     INFO [  ib_endpoints2:970 -      market_snapshot ] {
    "last": 88.36,
    "ask": 88.38,
    "bid": 88.36,
    "bid_sz": 80000,
    "ask_sz": 80000,
    "volume": 3805878096085,
    "symbol": "UPRO",
    "conid": 61228752,
    "date": "20260330",
    "time": "15:37:03",
    "_updated": "20260330-15:37:00"
}
Mon 2026-03-30 15:38:00:     INFO [  ib_endpoints2:970 -      market_snapshot ] {
    "last": 88.4,
    "ask": 88.41,
    "bid": 88.39,
    "bid_sz": 50000,
    "ask_sz": 10000,
    "volume": 3810261008085,
    "symbol": "UPRO",
    "conid": 61228752,
    "date": "20260330",
    "time": "15:38:00",
    "_updated": "20260330-15:37:59"
}
Mon 2026-03-30 15:39:01:     INFO [  ib_endpoints2:970 -      market_snapshot ] {
    "last": 88.43,
    "ask": 88.47,
    "bid": 88.45,
    "bid_sz": 170000,
    "ask_sz": 20000,
    "volume": 3813120127475,
    "symbol": "UPRO",
    "conid": 61228752,
    "date": "20260330",
    "time": "15:39:01",
    "_updated": "20260330-15:38:59"
}
Mon 2026-03-30 15:40:02:     INFO [  ib_endpoints2:970 -      market_snapshot ] {
    "last": 88.43,
    "ask": 88.39,
    "bid": 88.38,
    "bid_sz": 20000,
    "ask_sz": 30000,
    "volume": 3814130023475,
    "symbol": "UPRO",
    "conid": 61228752,
    "date": "20260330",
    "time": "15:40:02",
    "_updated": "20260330-15:39:59"
}
Mon 2026-03-30 15:41:02:     INFO [  ib_endpoints2:970 -      market_snapshot ] {
    "last": 88.3,
    "ask": 88.31,
    "bid": 88.29,
    "bid_sz": 130000,
    "ask_sz": 130000,
    "volume": 3816896518475,
    "symbol": "UPRO",
    "conid": 61228752,
    "date": "20260330",
    "time": "15:41:02",
    "_updated": "20260330-15:40:59"
}
Mon 2026-03-30 15:42:03:     INFO [  ib_endpoints2:970 -      market_snapshot ] {
    "last": 88.36,
    "ask": 88.38,
    "bid": 88.36,
    "bid_sz": 90000,
    "ask_sz": 30000,
    "volume": 3820346505753,
    "symbol": "UPRO",
    "conid": 61228752,
    "date": "20260330",
    "time": "15:42:03",
    "_updated": "20260330-15:41:59"
}
Mon 2026-03-30 15:43:01:     INFO [  ib_endpoints2:970 -      market_snapshot ] {
    "last": 88.26,
    "ask": 88.29,
    "bid": 88.27,
    "bid_sz": 220000,
    "ask_sz": 30000,
    "volume": 3821440505753,
    "symbol": "UPRO",
    "conid": 61228752,
    "date": "20260330",
    "time": "15:43:01",
    "_updated": "20260330-15:42:59"
}
Mon 2026-03-30 15:44:01:     INFO [  ib_endpoints2:970 -      market_snapshot ] {
    "last": 88.17,
    "ask": 88.22,
    "bid": 88.19,
    "bid_sz": 220000,
    "ask_sz": 210000,
    "volume": 3827402892974,
    "symbol": "UPRO",
    "conid": 61228752,
    "date": "20260330",
    "time": "15:44:01",
    "_updated": "20260330-15:43:59"
}
Mon 2026-03-30 15:45:01:     INFO [  ib_endpoints2:970 -      market_snapshot ] {
    "last": 88.26,
    "ask": 88.27,
    "bid": 88.25,
    "bid_sz": 210000,
    "ask_sz": 10000,
    "volume": 3832524374426,
    "symbol": "UPRO",
    "conid": 61228752,
    "date": "20260330",
    "time": "15:45:01",
    "_updated": "20260330-15:44:59"
}
Mon 2026-03-30 15:46:02:     INFO [  ib_endpoints2:970 -      market_snapshot ] {
    "last": 88.41,
    "ask": 88.42,
    "bid": 88.4,
    "bid_sz": 20000,
    "ask_sz": 70000,
    "volume": 3843311697426,
    "symbol": "UPRO",
    "conid": 61228752,
    "date": "20260330",
    "time": "15:46:02",
    "_updated": "20260330-15:45:59"
}
Mon 2026-03-30 15:47:03:     INFO [  ib_endpoints2:970 -      market_snapshot ] {
    "last": 88.25,
    "ask": 88.26,
    "bid": 88.23,
    "bid_sz": 340000,
    "ask_sz": 110000,
    "volume": 3845879828903,
    "symbol": "UPRO",
    "conid": 61228752,
    "date": "20260330",
    "time": "15:47:03",
    "_updated": "20260330-15:47:01"
}
Mon 2026-03-30 15:48:00:     INFO [  ib_endpoints2:970 -      market_snapshot ] {
    "last": 88.18,
    "ask": 88.23,
    "bid": 88.21,
    "bid_sz": 20000,
    "ask_sz": 30000,
    "volume": 3854976474265,
    "symbol": "UPRO",
    "conid": 61228752,
    "date": "20260330",
    "time": "15:48:00",
    "_updated": "20260330-15:47:59"
}
Mon 2026-03-30 15:49:01:     INFO [  ib_endpoints2:970 -      market_snapshot ] {
    "last": 88.27,
    "ask": 88.29,
    "bid": 88.26,
    "bid_sz": 130000,
    "ask_sz": 330000,
    "volume": 3860379000905,
    "symbol": "UPRO",
    "conid": 61228752,
    "date": "20260330",
    "time": "15:49:01",
    "_updated": "20260330-15:48:59"
}
Mon 2026-03-30 15:50:02:     INFO [  ib_endpoints2:970 -      market_snapshot ] {
    "last": 88.2,
    "ask": 88.22,
    "bid": 88.2,
    "bid_sz": 40000,
    "ask_sz": 40000,
    "volume": 3868285000905,
    "symbol": "UPRO",
    "conid": 61228752,
    "date": "20260330",
    "time": "15:50:02",
    "_updated": "20260330-15:49:59"
}
Mon 2026-03-30 15:51:02:     INFO [  ib_endpoints2:970 -      market_snapshot ] {
    "last": 88.39,
    "ask": 88.39,
    "bid": 88.37,
    "bid_sz": 10000,
    "ask_sz": 110000,
    "volume": 3872692067477,
    "symbol": "UPRO",
    "conid": 61228752,
    "date": "20260330",
    "time": "15:51:02",
    "_updated": "20260330-15:50:59"
}
Mon 2026-03-30 15:52:03:     INFO [  ib_endpoints2:970 -      market_snapshot ] {
    "last": 88.69,
    "ask": 88.7,
    "bid": 88.68,
    "bid_sz": 40000,
    "ask_sz": 90000,
    "volume": 3881353350609,
    "symbol": "UPRO",
    "conid": 61228752,
    "date": "20260330",
    "time": "15:52:03",
    "_updated": "20260330-15:51:59"
}
Mon 2026-03-30 15:53:01:     INFO [  ib_endpoints2:970 -      market_snapshot ] {
    "last": 88.59,
    "ask": 88.61,
    "bid": 88.59,
    "bid_sz": 200000,
    "ask_sz": 20000,
    "volume": 3897285588167,
    "symbol": "UPRO",
    "conid": 61228752,
    "date": "20260330",
    "time": "15:53:01",
    "_updated": "20260330-15:52:59"
}
Mon 2026-03-30 15:54:01:     INFO [  ib_endpoints2:970 -      market_snapshot ] {
    "last": 88.46,
    "ask": 88.48,
    "bid": 88.46,
    "bid_sz": 40000,
    "ask_sz": 50000,
    "volume": 3899866599447,
    "symbol": "UPRO",
    "conid": 61228752,
    "date": "20260330",
    "time": "15:54:01",
    "_updated": "20260330-15:53:59"
}
Mon 2026-03-30 15:55:01:     INFO [  ib_endpoints2:970 -      market_snapshot ] {
    "last": 88.56,
    "ask": 88.55,
    "bid": 88.53,
    "bid_sz": 20000,
    "ask_sz": 310000,
    "volume": 3903184495746,
    "symbol": "UPRO",
    "conid": 61228752,
    "date": "20260330",
    "time": "15:55:01",
    "_updated": "20260330-15:54:59"
}
Mon 2026-03-30 15:56:02:     INFO [  ib_endpoints2:970 -      market_snapshot ] {
    "last": 88.66,
    "ask": 88.68,
    "bid": 88.66,
    "bid_sz": 10000,
    "ask_sz": 90000,
    "volume": 3909338878739,
    "symbol": "UPRO",
    "conid": 61228752,
    "date": "20260330",
    "time": "15:56:02",
    "_updated": "20260330-15:55:59"
}
Mon 2026-03-30 15:57:03:     INFO [  ib_endpoints2:970 -      market_snapshot ] {
    "last": 88.74,
    "ask": 88.77,
    "bid": 88.74,
    "bid_sz": 330000,
    "ask_sz": 250000,
    "volume": 3913376991628,
    "symbol": "UPRO",
    "conid": 61228752,
    "date": "20260330",
    "time": "15:57:03",
    "_updated": "20260330-15:56:59"
}
Mon 2026-03-30 15:58:00:     INFO [  ib_endpoints2:970 -      market_snapshot ] {
    "last": 88.77,
    "ask": 88.77,
    "bid": 88.75,
    "bid_sz": 110000,
    "ask_sz": 20000,
    "volume": 3926075554824,
    "symbol": "UPRO",
    "conid": 61228752,
    "date": "20260330",
    "time": "15:58:00",
    "_updated": "20260330-15:57:59"
}
Mon 2026-03-30 15:58:01:     INFO [  ib_endpoints2:970 -      market_snapshot ] {
    "last": 88.77,
    "ask": 88.77,
    "bid": 88.75,
    "bid_sz": 110000,
    "ask_sz": 20000,
    "volume": 3926075554824,
    "symbol": "UPRO",
    "conid": 61228752,
    "date": "20260330",
    "time": "15:58:01",
    "_updated": "20260330-15:57:59"
}
Mon 2026-03-30 15:58:01:     INFO [      strategy2:255 -          get_bid_ask ] current bid/ask for symbol = UPRO(61228752): bid:88.75|(110000), ask:88.77|(20000)
Mon 2026-03-30 15:58:01:     INFO [            aim:354 -           check_exit ] check_exit (LEX)= NO EXIT
Mon 2026-03-30 15:58:01:     INFO [            aim:477 -         run_strategy ] no LEX exit signal holding: UPRO 11346.0
Mon 2026-03-30 15:59:02:     INFO [  ib_endpoints2:970 -      market_snapshot ] {
    "last": 88.75,
    "ask": 88.76,
    "bid": 88.74,
    "bid_sz": 70000,
    "ask_sz": 120000,
    "volume": 3947451026309,
    "symbol": "UPRO",
    "conid": 61228752,
    "date": "20260330",
    "time": "15:59:02",
    "_updated": "20260330-15:58:59"
}
Mon 2026-03-30 16:00:02:     INFO [            aim:497 -         run_strategy ] saving intraday prices to: /portfolio//aim_test/data/UPRO.20260330.csv
Mon 2026-03-30 16:00:02:     INFO [      strategy2:172 -   close_trading_book ] grabbing EOD prices to CLOSE TRADING BOOK.
Mon 2026-03-30 16:00:03:     INFO [  ib_endpoints2:970 -      market_snapshot ] {
    "last": 88.76,
    "ask": 88.77,
    "bid": 88.75,
    "bid_sz": 30000,
    "ask_sz": 100000,
    "volume": 3949842071604,
    "symbol": "UPRO",
    "conid": 61228752,
    "date": "20260330",
    "time": "16:00:03",
    "_updated": "20260330-15:59:59"
}
Mon 2026-03-30 16:00:03:     INFO [      strategy2:255 -          get_bid_ask ] current bid/ask for symbol = UPRO(61228752): bid:88.75|(30000), ask:88.77|(100000)
Mon 2026-03-30 16:00:03:     INFO [      strategy2:177 -   close_trading_book ] EOD PRICES:
{
    "UPRO": [
        88.75,
        88.77
    ]
}
Mon 2026-03-30 16:00:03:     INFO [      strategy2:179 -   close_trading_book ] marking open positions.
Mon 2026-03-30 16:00:03:     INFO [        posmgr2:1508 - mark_to_market_open_positions ] 
MARK-TO-MARKET PRICES:
{
    "UPRO": [
        88.75,
        88.77
    ]
}
Mon 2026-03-30 16:00:03:     INFO [        posmgr2:1513 - mark_to_market_open_positions ] marking positions to market.
Mon 2026-03-30 16:00:03:     INFO [        posmgr2:1197 -            write_pnl ] /portfolio//aim_test/trades//aim_test.pnl.20260330.csv updated
Mon 2026-03-30 16:00:03:     INFO [      strategy2:181 -   close_trading_book ] updating position durations.
Mon 2026-03-30 16:00:03:     INFO [        posmgr2:1162 -     update_durations ] updated duration: UPRO position:11346.0 duration= 1
Mon 2026-03-30 16:00:03:     INFO [        posmgr2:971 -      write_positions ] /portfolio//aim_test/positions//aim_test.positions.20260330.json updated
Mon 2026-03-30 16:00:03:     INFO [      strategy2:185 -   close_trading_book ] removing resolved fa_groups

Mon 2026-03-30 16:00:04:     INFO [        posmgr2:1092 -   purge_order_groups ] removing fa_groups:
UPRO_BUY_11346_61228752_093003 delete response:
{
    "success": true
}

Mon 2026-03-30 16:00:04: CRITICAL [            aim:501 -         run_strategy ] end of day completed.
Mon 2026-03-30 16:00:04:     INFO [      strategy2:235 -               logout ] logged out = True
Fri 2026-05-01 12:04:52:     INFO [     hub_server:322 -             <module> ] Starting HUB
Fri 2026-05-01 12:04:52:     INFO [     hub_server:323 -             <module> ] USE_HUB= True, HUB_HOST= 96.126.109.155:8000
Fri 2026-05-01 12:04:52:     INFO [     hub_server:325 -             <module> ] Initiating HUB @ 96.126.109.155:8000
INFO:     Started server process [1144617]
INFO:     Waiting for application startup.
Fri 2026-05-01 12:04:52:     INFO [     hub_server:211 -             lifespan ] SYSTEM: Starting IBKR Hub background tasks...
Fri 2026-05-01 12:04:52: CRITICAL [auth_controller:143 -  _save_token_to_file ] Persisting Authentication Token
Fri 2026-05-01 12:04:52:     INFO [auth_controller:156 -  _save_token_to_file ] Token saved to /trading/utils//auth_token_cache.json. Expires at: Sat May  2 12:04:52 2026
Fri 2026-05-01 12:04:52:     INFO [     hub_server:122 -       heartbeat_loop ] SYSTEM: Heartbeat Recovery loop active.
Fri 2026-05-01 12:04:52:     INFO [     hub_server:126 -       heartbeat_loop ] HEARTBEAT: Disconnect detected. Triggering proactive heal...
Fri 2026-05-01 12:04:52:     INFO [        _client:1758 - _send_single_request ] HTTP Request: GET https://api.ibkr.com/v1/api/tickle "HTTP/1.1 200 OK"
Fri 2026-05-01 12:04:52:  WARNING [     hub_server: 84 -     _verify_and_heal ] DIAGNOSTIC: Bridge disconnected. Initiating atomic recovery...
Fri 2026-05-01 12:04:52:  WARNING [auth_controller:244 -      get_auth_header ] Manual reset requested. Forcing new token.
Fri 2026-05-01 12:04:52:     INFO [auth_controller:235 -    clear_auth_header ] Cleared token cache file: /trading/utils//auth_token_cache.json
Fri 2026-05-01 12:04:53: CRITICAL [auth_controller:143 -  _save_token_to_file ] Persisting Authentication Token
Fri 2026-05-01 12:04:53:     INFO [auth_controller:156 -  _save_token_to_file ] Token saved to /trading/utils//auth_token_cache.json. Expires at: Sat May  2 12:04:53 2026
Fri 2026-05-01 12:04:53:     INFO [        _client:1758 - _send_single_request ] HTTP Request: GET https://api.ibkr.com/v1/api/sso/validate "HTTP/1.1 200 OK"
Fri 2026-05-01 12:04:56:     INFO [        _client:1758 - _send_single_request ] HTTP Request: POST https://api.ibkr.com/v1/api/iserver/auth/ssodh/init "HTTP/1.1 200 OK"
Fri 2026-05-01 12:04:58:     INFO [        _client:1758 - _send_single_request ] HTTP Request: GET https://api.ibkr.com/v1/api/iserver/auth/status "HTTP/1.1 200 OK"
Fri 2026-05-01 12:04:58:     INFO [     hub_server:109 -     _verify_and_heal ] DIAGNOSTIC: Recovery successful on attempt 1.
Fri 2026-05-01 12:04:58:     INFO [     hub_server:217 -             lifespan ] SYSTEM: Initial connection established. Hub is market-ready.
INFO:     Application startup complete.
INFO:     Uvicorn running on http://0.0.0.0:8000 (Press CTRL+C to quit)
Fri 2026-05-01 12:05:37:     INFO [        _client:1758 - _send_single_request ] HTTP Request: GET https://api.ibkr.com/v1/api/tickle "HTTP/1.1 200 OK"
Fri 2026-05-01 12:06:07:     INFO [     hub_server:289 -                relay ] RELAY: [Task 1b0a53c7-5791-43c7-aa52-f0d20b111c47] Adding to queue:
{
    "method": "GET",
    "url": "https://api.ibkr.com/v1/api/iserver/marketdata/snapshot",
    "params": {
        "conids": "61228752",
        "fields": "55,31"
    },
    "content": "",
    "headers": {
        "user-agent": "python-requests/2.31.0",
        "accept-encoding": "gzip, deflate",
        "accept": "*/*",
        "connection": "keep-alive",
        "X-Hub-Task-ID": "1b0a53c7-5791-43c7-aa52-f0d20b111c47"
    }
}
Fri 2026-05-01 12:06:07:     INFO [        _client:1758 - _send_single_request ] HTTP Request: GET https://api.ibkr.com/v1/api/iserver/marketdata/snapshot?conids=61228752&fields=55%2C31 "HTTP/1.1 200 OK"
Fri 2026-05-01 12:06:07:     INFO [     hub_server:192 -               worker ] WORKER: [Task 1b0a53c7-5791-43c7-aa52-f0d20b111c47] Completed.
INFO:     96.126.109.155:33486 - "GET /hhub/v1/api/iserver/marketdata/snapshot?conids=61228752&fields=55,31 HTTP/1.1" 200 OK
Fri 2026-05-01 12:06:09:     INFO [     hub_server:289 -                relay ] RELAY: [Task 978c702c-6d60-46d7-b127-e25ff1d9715f] Adding to queue:
{
    "method": "GET",
    "url": "https://api.ibkr.com/v1/api/iserver/marketdata/snapshot",
    "params": {
        "conids": "61228752",
        "fields": "55,31"
    },
    "content": "",
    "headers": {
        "user-agent": "python-requests/2.31.0",
        "accept-encoding": "gzip, deflate",
        "accept": "*/*",
        "connection": "keep-alive",
        "X-Hub-Task-ID": "978c702c-6d60-46d7-b127-e25ff1d9715f"
    }
}
Fri 2026-05-01 12:06:09:     INFO [        _client:1758 - _send_single_request ] HTTP Request: GET https://api.ibkr.com/v1/api/iserver/marketdata/snapshot?conids=61228752&fields=55%2C31 "HTTP/1.1 200 OK"
Fri 2026-05-01 12:06:09:     INFO [     hub_server:192 -               worker ] WORKER: [Task 978c702c-6d60-46d7-b127-e25ff1d9715f] Completed.
INFO:     96.126.109.155:33500 - "GET /hhub/v1/api/iserver/marketdata/snapshot?conids=61228752&fields=55,31 HTTP/1.1" 200 OK
Fri 2026-05-01 12:06:10:     INFO [     hub_server:289 -                relay ] RELAY: [Task 6b798bc1-1824-403d-bed6-bdce7694b779] Adding to queue:
{
    "method": "GET",
    "url": "https://api.ibkr.com/v1/api/iserver/marketdata/snapshot",
    "params": {
        "conids": "61228752",
        "fields": "31,86,84,88,85,7762,55,6008"
    },
    "content": "",
    "headers": {
        "user-agent": "python-requests/2.31.0",
        "accept-encoding": "gzip, deflate",
        "accept": "*/*",
        "connection": "keep-alive",
        "X-Hub-Task-ID": "6b798bc1-1824-403d-bed6-bdce7694b779"
    }
}
Fri 2026-05-01 12:06:10:     INFO [        _client:1758 - _send_single_request ] HTTP Request: GET https://api.ibkr.com/v1/api/iserver/marketdata/snapshot?conids=61228752&fields=31%2C86%2C84%2C88%2C85%2C7762%2C55%2C6008 "HTTP/1.1 200 OK"
Fri 2026-05-01 12:06:10:     INFO [     hub_server:192 -               worker ] WORKER: [Task 6b798bc1-1824-403d-bed6-bdce7694b779] Completed.
INFO:     96.126.109.155:33504 - "GET /hhub/v1/api/iserver/marketdata/snapshot?conids=61228752&fields=31,86,84,88,85,7762,55,6008 HTTP/1.1" 200 OK
Fri 2026-05-01 12:06:22:     INFO [        _client:1758 - _send_single_request ] HTTP Request: GET https://api.ibkr.com/v1/api/tickle "HTTP/1.1 200 OK"
Fri 2026-05-01 12:07:01:     INFO [     hub_server:289 -                relay ] RELAY: [Task e0b46663-813b-48d6-b7d3-7fedc69e5787] Adding to queue:
{
    "method": "GET",
    "url": "https://api.ibkr.com/v1/api/iserver/marketdata/snapshot",
    "params": {
        "conids": "61228752",
        "fields": "31,86,84,88,85,7762,55,6008"
    },
    "content": "",
    "headers": {
        "user-agent": "python-requests/2.31.0",
        "accept-encoding": "gzip, deflate",
        "accept": "*/*",
        "connection": "keep-alive",
        "X-Hub-Task-ID": "e0b46663-813b-48d6-b7d3-7fedc69e5787"
    }
}
Fri 2026-05-01 12:07:02:     INFO [        _client:1758 - _send_single_request ] HTTP Request: GET https://api.ibkr.com/v1/api/iserver/marketdata/snapshot?conids=61228752&fields=31%2C86%2C84%2C88%2C85%2C7762%2C55%2C6008 "HTTP/1.1 200 OK"
Fri 2026-05-01 12:07:02:     INFO [     hub_server:192 -               worker ] WORKER: [Task e0b46663-813b-48d6-b7d3-7fedc69e5787] Completed.
INFO:     96.126.109.155:48242 - "GET /hhub/v1/api/iserver/marketdata/snapshot?conids=61228752&fields=31,86,84,88,85,7762,55,6008 HTTP/1.1" 200 OK
Fri 2026-05-01 12:07:07:     INFO [        _client:1758 - _send_single_request ] HTTP Request: GET https://api.ibkr.com/v1/api/tickle "HTTP/1.1 200 OK"
Fri 2026-05-01 12:07:52:     INFO [        _client:1758 - _send_single_request ] HTTP Request: GET https://api.ibkr.com/v1/api/tickle "HTTP/1.1 200 OK"
Fri 2026-05-01 12:08:02:     INFO [     hub_server:289 -                relay ] RELAY: [Task d02c5b08-68a0-4e98-a819-10a53b8a6087] Adding to queue:
{
    "method": "GET",
    "url": "https://api.ibkr.com/v1/api/iserver/marketdata/snapshot",
    "params": {
        "conids": "61228752",
        "fields": "31,86,84,88,85,7762,55,6008"
    },
    "content": "",
    "headers": {
        "user-agent": "python-requests/2.31.0",
        "accept-encoding": "gzip, deflate",
        "accept": "*/*",
        "connection": "keep-alive",
        "X-Hub-Task-ID": "d02c5b08-68a0-4e98-a819-10a53b8a6087"
    }
}
Fri 2026-05-01 12:08:02:     INFO [        _client:1758 - _send_single_request ] HTTP Request: GET https://api.ibkr.com/v1/api/iserver/marketdata/snapshot?conids=61228752&fields=31%2C86%2C84%2C88%2C85%2C7762%2C55%2C6008 "HTTP/1.1 200 OK"
Fri 2026-05-01 12:08:02:     INFO [     hub_server:192 -               worker ] WORKER: [Task d02c5b08-68a0-4e98-a819-10a53b8a6087] Completed.
INFO:     96.126.109.155:37104 - "GET /hhub/v1/api/iserver/marketdata/snapshot?conids=61228752&fields=31,86,84,88,85,7762,55,6008 HTTP/1.1" 200 OK
Fri 2026-05-01 12:08:38:     INFO [        _client:1758 - _send_single_request ] HTTP Request: GET https://api.ibkr.com/v1/api/tickle "HTTP/1.1 200 OK"
Fri 2026-05-01 12:09:03:     INFO [     hub_server:289 -                relay ] RELAY: [Task c6aaeca9-45b4-46b7-9edb-2314a87b0922] Adding to queue:
{
    "method": "GET",
    "url": "https://api.ibkr.com/v1/api/iserver/marketdata/snapshot",
    "params": {
        "conids": "61228752",
        "fields": "31,86,84,88,85,7762,55,6008"
    },
    "content": "",
    "headers": {
        "user-agent": "python-requests/2.31.0",
        "accept-encoding": "gzip, deflate",
        "accept": "*/*",
        "connection": "keep-alive",
        "X-Hub-Task-ID": "c6aaeca9-45b4-46b7-9edb-2314a87b0922"
    }
}
Fri 2026-05-01 12:09:03:     INFO [        _client:1758 - _send_single_request ] HTTP Request: GET https://api.ibkr.com/v1/api/iserver/marketdata/snapshot?conids=61228752&fields=31%2C86%2C84%2C88%2C85%2C7762%2C55%2C6008 "HTTP/1.1 200 OK"
Fri 2026-05-01 12:09:03:     INFO [     hub_server:192 -               worker ] WORKER: [Task c6aaeca9-45b4-46b7-9edb-2314a87b0922] Completed.
INFO:     96.126.109.155:48368 - "GET /hhub/v1/api/iserver/marketdata/snapshot?conids=61228752&fields=31,86,84,88,85,7762,55,6008 HTTP/1.1" 200 OK
Fri 2026-05-01 12:09:23:     INFO [        _client:1758 - _send_single_request ] HTTP Request: GET https://api.ibkr.com/v1/api/tickle "HTTP/1.1 200 OK"
Fri 2026-05-01 12:10:01:     INFO [     hub_server:289 -                relay ] RELAY: [Task dba75280-637e-4c28-a081-5c5dfdb524a4] Adding to queue:
{
    "method": "GET",
    "url": "https://api.ibkr.com/v1/api/iserver/marketdata/snapshot",
    "params": {
        "conids": "61228752",
        "fields": "31,86,84,88,85,7762,55,6008"
    },
    "content": "",
    "headers": {
        "user-agent": "python-requests/2.31.0",
        "accept-encoding": "gzip, deflate",
        "accept": "*/*",
        "connection": "keep-alive",
        "X-Hub-Task-ID": "dba75280-637e-4c28-a081-5c5dfdb524a4"
    }
}
Fri 2026-05-01 12:10:01:     INFO [        _client:1758 - _send_single_request ] HTTP Request: GET https://api.ibkr.com/v1/api/iserver/marketdata/snapshot?conids=61228752&fields=31%2C86%2C84%2C88%2C85%2C7762%2C55%2C6008 "HTTP/1.1 200 OK"
Fri 2026-05-01 12:10:01:     INFO [     hub_server:192 -               worker ] WORKER: [Task dba75280-637e-4c28-a081-5c5dfdb524a4] Completed.
INFO:     96.126.109.155:40868 - "GET /hhub/v1/api/iserver/marketdata/snapshot?conids=61228752&fields=31,86,84,88,85,7762,55,6008 HTTP/1.1" 200 OK
Fri 2026-05-01 12:10:08:     INFO [        _client:1758 - _send_single_request ] HTTP Request: GET https://api.ibkr.com/v1/api/tickle "HTTP/1.1 200 OK"
Fri 2026-05-01 12:10:53:     INFO [        _client:1758 - _send_single_request ] HTTP Request: GET https://api.ibkr.com/v1/api/tickle "HTTP/1.1 200 OK"
Fri 2026-05-01 12:11:01:     INFO [     hub_server:289 -                relay ] RELAY: [Task 2e17be88-b2d5-4101-b8b6-2f4a3745e017] Adding to queue:
{
    "method": "GET",
    "url": "https://api.ibkr.com/v1/api/iserver/marketdata/snapshot",
    "params": {
        "conids": "61228752",
        "fields": "31,86,84,88,85,7762,55,6008"
    },
    "content": "",
    "headers": {
        "user-agent": "python-requests/2.31.0",
        "accept-encoding": "gzip, deflate",
        "accept": "*/*",
        "connection": "keep-alive",
        "X-Hub-Task-ID": "2e17be88-b2d5-4101-b8b6-2f4a3745e017"
    }
}
Fri 2026-05-01 12:11:01:     INFO [        _client:1758 - _send_single_request ] HTTP Request: GET https://api.ibkr.com/v1/api/iserver/marketdata/snapshot?conids=61228752&fields=31%2C86%2C84%2C88%2C85%2C7762%2C55%2C6008 "HTTP/1.1 200 OK"
Fri 2026-05-01 12:11:01:     INFO [     hub_server:192 -               worker ] WORKER: [Task 2e17be88-b2d5-4101-b8b6-2f4a3745e017] Completed.
INFO:     96.126.109.155:32856 - "GET /hhub/v1/api/iserver/marketdata/snapshot?conids=61228752&fields=31,86,84,88,85,7762,55,6008 HTTP/1.1" 200 OK
Fri 2026-05-01 12:11:38:     INFO [        _client:1758 - _send_single_request ] HTTP Request: GET https://api.ibkr.com/v1/api/tickle "HTTP/1.1 200 OK"
Fri 2026-05-01 12:12:02:     INFO [     hub_server:289 -                relay ] RELAY: [Task f28a4135-1407-4380-be1b-fb85fdf2760f] Adding to queue:
{
    "method": "GET",
    "url": "https://api.ibkr.com/v1/api/iserver/marketdata/snapshot",
    "params": {
        "conids": "61228752",
        "fields": "31,86,84,88,85,7762,55,6008"
    },
    "content": "",
    "headers": {
        "user-agent": "python-requests/2.31.0",
        "accept-encoding": "gzip, deflate",
        "accept": "*/*",
        "connection": "keep-alive",
        "X-Hub-Task-ID": "f28a4135-1407-4380-be1b-fb85fdf2760f"
    }
}
Fri 2026-05-01 12:12:02:     INFO [        _client:1758 - _send_single_request ] HTTP Request: GET https://api.ibkr.com/v1/api/iserver/marketdata/snapshot?conids=61228752&fields=31%2C86%2C84%2C88%2C85%2C7762%2C55%2C6008 "HTTP/1.1 200 OK"
Fri 2026-05-01 12:12:02:     INFO [     hub_server:192 -               worker ] WORKER: [Task f28a4135-1407-4380-be1b-fb85fdf2760f] Completed.
INFO:     96.126.109.155:45422 - "GET /hhub/v1/api/iserver/marketdata/snapshot?conids=61228752&fields=31,86,84,88,85,7762,55,6008 HTTP/1.1" 200 OK
Fri 2026-05-01 12:12:23:     INFO [        _client:1758 - _send_single_request ] HTTP Request: GET https://api.ibkr.com/v1/api/tickle "HTTP/1.1 200 OK"
Fri 2026-05-01 12:13:03:     INFO [     hub_server:289 -                relay ] RELAY: [Task 13299ebb-41a8-430c-b1f9-849c37db3598] Adding to queue:
{
    "method": "GET",
    "url": "https://api.ibkr.com/v1/api/iserver/marketdata/snapshot",
    "params": {
        "conids": "61228752",
        "fields": "31,86,84,88,85,7762,55,6008"
    },
    "content": "",
    "headers": {
        "user-agent": "python-requests/2.31.0",
        "accept-encoding": "gzip, deflate",
        "accept": "*/*",
        "connection": "keep-alive",
        "X-Hub-Task-ID": "13299ebb-41a8-430c-b1f9-849c37db3598"
    }
}
Fri 2026-05-01 12:13:03:     INFO [        _client:1758 - _send_single_request ] HTTP Request: GET https://api.ibkr.com/v1/api/iserver/marketdata/snapshot?conids=61228752&fields=31%2C86%2C84%2C88%2C85%2C7762%2C55%2C6008 "HTTP/1.1 200 OK"
Fri 2026-05-01 12:13:03:     INFO [     hub_server:192 -               worker ] WORKER: [Task 13299ebb-41a8-430c-b1f9-849c37db3598] Completed.
INFO:     96.126.109.155:50734 - "GET /hhub/v1/api/iserver/marketdata/snapshot?conids=61228752&fields=31,86,84,88,85,7762,55,6008 HTTP/1.1" 200 OK
Fri 2026-05-01 12:13:08:     INFO [        _client:1758 - _send_single_request ] HTTP Request: GET https://api.ibkr.com/v1/api/tickle "HTTP/1.1 200 OK"
Fri 2026-05-01 12:13:53:     INFO [        _client:1758 - _send_single_request ] HTTP Request: GET https://api.ibkr.com/v1/api/tickle "HTTP/1.1 200 OK"
Fri 2026-05-01 12:14:01:     INFO [     hub_server:289 -                relay ] RELAY: [Task 70b2b2fa-ba8a-440b-b564-c64d57f267e4] Adding to queue:
{
    "method": "GET",
    "url": "https://api.ibkr.com/v1/api/iserver/marketdata/snapshot",
    "params": {
        "conids": "61228752",
        "fields": "31,86,84,88,85,7762,55,6008"
    },
    "content": "",
    "headers": {
        "user-agent": "python-requests/2.31.0",
        "accept-encoding": "gzip, deflate",
        "accept": "*/*",
        "connection": "keep-alive",
        "X-Hub-Task-ID": "70b2b2fa-ba8a-440b-b564-c64d57f267e4"
    }
}
Fri 2026-05-01 12:14:01:     INFO [        _client:1758 - _send_single_request ] HTTP Request: GET https://api.ibkr.com/v1/api/iserver/marketdata/snapshot?conids=61228752&fields=31%2C86%2C84%2C88%2C85%2C7762%2C55%2C6008 "HTTP/1.1 200 OK"
Fri 2026-05-01 12:14:01:     INFO [     hub_server:192 -               worker ] WORKER: [Task 70b2b2fa-ba8a-440b-b564-c64d57f267e4] Completed.
INFO:     96.126.109.155:37680 - "GET /hhub/v1/api/iserver/marketdata/snapshot?conids=61228752&fields=31,86,84,88,85,7762,55,6008 HTTP/1.1" 200 OK
Fri 2026-05-01 12:14:38:     INFO [        _client:1758 - _send_single_request ] HTTP Request: GET https://api.ibkr.com/v1/api/tickle "HTTP/1.1 200 OK"
Fri 2026-05-01 12:15:02:     INFO [     hub_server:289 -                relay ] RELAY: [Task 18132656-8c23-4031-a652-3b1bf61a222c] Adding to queue:
{
    "method": "GET",
    "url": "https://api.ibkr.com/v1/api/iserver/marketdata/snapshot",
    "params": {
        "conids": "61228752",
        "fields": "31,86,84,88,85,7762,55,6008"
    },
    "content": "",
    "headers": {
        "user-agent": "python-requests/2.31.0",
        "accept-encoding": "gzip, deflate",
        "accept": "*/*",
        "connection": "keep-alive",
        "X-Hub-Task-ID": "18132656-8c23-4031-a652-3b1bf61a222c"
    }
}
Fri 2026-05-01 12:15:02:     INFO [        _client:1758 - _send_single_request ] HTTP Request: GET https://api.ibkr.com/v1/api/iserver/marketdata/snapshot?conids=61228752&fields=31%2C86%2C84%2C88%2C85%2C7762%2C55%2C6008 "HTTP/1.1 200 OK"
Fri 2026-05-01 12:15:02:     INFO [     hub_server:192 -               worker ] WORKER: [Task 18132656-8c23-4031-a652-3b1bf61a222c] Completed.
INFO:     96.126.109.155:52934 - "GET /hhub/v1/api/iserver/marketdata/snapshot?conids=61228752&fields=31,86,84,88,85,7762,55,6008 HTTP/1.1" 200 OK
Fri 2026-05-01 12:15:23:     INFO [        _client:1758 - _send_single_request ] HTTP Request: GET https://api.ibkr.com/v1/api/tickle "HTTP/1.1 200 OK"
Fri 2026-05-01 12:16:02:     INFO [     hub_server:289 -                relay ] RELAY: [Task 50f4ec92-e47a-4429-99a6-eebb9550acbf] Adding to queue:
{
    "method": "GET",
    "url": "https://api.ibkr.com/v1/api/iserver/marketdata/snapshot",
    "params": {
        "conids": "61228752",
        "fields": "31,86,84,88,85,7762,55,6008"
    },
    "content": "",
    "headers": {
        "user-agent": "python-requests/2.31.0",
        "accept-encoding": "gzip, deflate",
        "accept": "*/*",
        "connection": "keep-alive",
        "X-Hub-Task-ID": "50f4ec92-e47a-4429-99a6-eebb9550acbf"
    }
}
Fri 2026-05-01 12:16:03:     INFO [        _client:1758 - _send_single_request ] HTTP Request: GET https://api.ibkr.com/v1/api/iserver/marketdata/snapshot?conids=61228752&fields=31%2C86%2C84%2C88%2C85%2C7762%2C55%2C6008 "HTTP/1.1 200 OK"
Fri 2026-05-01 12:16:03:     INFO [     hub_server:192 -               worker ] WORKER: [Task 50f4ec92-e47a-4429-99a6-eebb9550acbf] Completed.
INFO:     96.126.109.155:57228 - "GET /hhub/v1/api/iserver/marketdata/snapshot?conids=61228752&fields=31,86,84,88,85,7762,55,6008 HTTP/1.1" 200 OK
Fri 2026-05-01 12:16:08:     INFO [        _client:1758 - _send_single_request ] HTTP Request: GET https://api.ibkr.com/v1/api/tickle "HTTP/1.1 200 OK"
Fri 2026-05-01 12:16:54:     INFO [        _client:1758 - _send_single_request ] HTTP Request: GET https://api.ibkr.com/v1/api/tickle "HTTP/1.1 200 OK"
Fri 2026-05-01 12:17:01:     INFO [     hub_server:289 -                relay ] RELAY: [Task fe728c23-e683-4722-a93a-35a6727080f4] Adding to queue:
{
    "method": "GET",
    "url": "https://api.ibkr.com/v1/api/iserver/marketdata/snapshot",
    "params": {
        "conids": "61228752",
        "fields": "31,86,84,88,85,7762,55,6008"
    },
    "content": "",
    "headers": {
        "user-agent": "python-requests/2.31.0",
        "accept-encoding": "gzip, deflate",
        "accept": "*/*",
        "connection": "keep-alive",
        "X-Hub-Task-ID": "fe728c23-e683-4722-a93a-35a6727080f4"
    }
}
Fri 2026-05-01 12:17:01:     INFO [        _client:1758 - _send_single_request ] HTTP Request: GET https://api.ibkr.com/v1/api/iserver/marketdata/snapshot?conids=61228752&fields=31%2C86%2C84%2C88%2C85%2C7762%2C55%2C6008 "HTTP/1.1 200 OK"
Fri 2026-05-01 12:17:01:     INFO [     hub_server:192 -               worker ] WORKER: [Task fe728c23-e683-4722-a93a-35a6727080f4] Completed.
INFO:     96.126.109.155:59914 - "GET /hhub/v1/api/iserver/marketdata/snapshot?conids=61228752&fields=31,86,84,88,85,7762,55,6008 HTTP/1.1" 200 OK
Fri 2026-05-01 12:17:39:     INFO [        _client:1758 - _send_single_request ] HTTP Request: GET https://api.ibkr.com/v1/api/tickle "HTTP/1.1 200 OK"
Fri 2026-05-01 12:18:01:     INFO [     hub_server:289 -                relay ] RELAY: [Task 3caf98a2-9509-46ab-8199-ff0aaa8e1d91] Adding to queue:
{
    "method": "GET",
    "url": "https://api.ibkr.com/v1/api/iserver/marketdata/snapshot",
    "params": {
        "conids": "61228752",
        "fields": "31,86,84,88,85,7762,55,6008"
    },
    "content": "",
    "headers": {
        "user-agent": "python-requests/2.31.0",
        "accept-encoding": "gzip, deflate",
        "accept": "*/*",
        "connection": "keep-alive",
        "X-Hub-Task-ID": "3caf98a2-9509-46ab-8199-ff0aaa8e1d91"
    }
}
Fri 2026-05-01 12:18:01:     INFO [        _client:1758 - _send_single_request ] HTTP Request: GET https://api.ibkr.com/v1/api/iserver/marketdata/snapshot?conids=61228752&fields=31%2C86%2C84%2C88%2C85%2C7762%2C55%2C6008 "HTTP/1.1 200 OK"
Fri 2026-05-01 12:18:01:     INFO [     hub_server:192 -               worker ] WORKER: [Task 3caf98a2-9509-46ab-8199-ff0aaa8e1d91] Completed.
INFO:     96.126.109.155:39216 - "GET /hhub/v1/api/iserver/marketdata/snapshot?conids=61228752&fields=31,86,84,88,85,7762,55,6008 HTTP/1.1" 200 OK
Fri 2026-05-01 12:18:24:     INFO [        _client:1758 - _send_single_request ] HTTP Request: GET https://api.ibkr.com/v1/api/tickle "HTTP/1.1 200 OK"
Fri 2026-05-01 12:19:02:     INFO [     hub_server:289 -                relay ] RELAY: [Task db600fcd-19b3-4c68-95c8-a72dfa1b67f4] Adding to queue:
{
    "method": "GET",
    "url": "https://api.ibkr.com/v1/api/iserver/marketdata/snapshot",
    "params": {
        "conids": "61228752",
        "fields": "31,86,84,88,85,7762,55,6008"
    },
    "content": "",
    "headers": {
        "user-agent": "python-requests/2.31.0",
        "accept-encoding": "gzip, deflate",
        "accept": "*/*",
        "connection": "keep-alive",
        "X-Hub-Task-ID": "db600fcd-19b3-4c68-95c8-a72dfa1b67f4"
    }
}
Fri 2026-05-01 12:19:02:     INFO [        _client:1758 - _send_single_request ] HTTP Request: GET https://api.ibkr.com/v1/api/iserver/marketdata/snapshot?conids=61228752&fields=31%2C86%2C84%2C88%2C85%2C7762%2C55%2C6008 "HTTP/1.1 200 OK"
Fri 2026-05-01 12:19:02:     INFO [     hub_server:192 -               worker ] WORKER: [Task db600fcd-19b3-4c68-95c8-a72dfa1b67f4] Completed.
INFO:     96.126.109.155:52336 - "GET /hhub/v1/api/iserver/marketdata/snapshot?conids=61228752&fields=31,86,84,88,85,7762,55,6008 HTTP/1.1" 200 OK
Fri 2026-05-01 12:19:09:     INFO [        _client:1758 - _send_single_request ] HTTP Request: GET https://api.ibkr.com/v1/api/tickle "HTTP/1.1 200 OK"
Fri 2026-05-01 12:19:54:     INFO [        _client:1758 - _send_single_request ] HTTP Request: GET https://api.ibkr.com/v1/api/tickle "HTTP/1.1 200 OK"
Fri 2026-05-01 12:20:02:     INFO [     hub_server:289 -                relay ] RELAY: [Task 8a95f778-b369-4a57-834b-64474258cca3] Adding to queue:
{
    "method": "GET",
    "url": "https://api.ibkr.com/v1/api/iserver/marketdata/snapshot",
    "params": {
        "conids": "61228752",
        "fields": "31,86,84,88,85,7762,55,6008"
    },
    "content": "",
    "headers": {
        "user-agent": "python-requests/2.31.0",
        "accept-encoding": "gzip, deflate",
        "accept": "*/*",
        "connection": "keep-alive",
        "X-Hub-Task-ID": "8a95f778-b369-4a57-834b-64474258cca3"
    }
}
Fri 2026-05-01 12:20:03:     INFO [        _client:1758 - _send_single_request ] HTTP Request: GET https://api.ibkr.com/v1/api/iserver/marketdata/snapshot?conids=61228752&fields=31%2C86%2C84%2C88%2C85%2C7762%2C55%2C6008 "HTTP/1.1 200 OK"
Fri 2026-05-01 12:20:03:     INFO [     hub_server:192 -               worker ] WORKER: [Task 8a95f778-b369-4a57-834b-64474258cca3] Completed.
INFO:     96.126.109.155:42614 - "GET /hhub/v1/api/iserver/marketdata/snapshot?conids=61228752&fields=31,86,84,88,85,7762,55,6008 HTTP/1.1" 200 OK
Fri 2026-05-01 12:20:40:     INFO [        _client:1758 - _send_single_request ] HTTP Request: GET https://api.ibkr.com/v1/api/tickle "HTTP/1.1 200 OK"
Fri 2026-05-01 12:21:00:     INFO [     hub_server:289 -                relay ] RELAY: [Task 39d18d1d-7e83-483d-95b1-e8400ce5910b] Adding to queue:
{
    "method": "GET",
    "url": "https://api.ibkr.com/v1/api/iserver/marketdata/snapshot",
    "params": {
        "conids": "61228752",
        "fields": "31,86,84,88,85,7762,55,6008"
    },
    "content": "",
    "headers": {
        "user-agent": "python-requests/2.31.0",
        "accept-encoding": "gzip, deflate",
        "accept": "*/*",
        "connection": "keep-alive",
        "X-Hub-Task-ID": "39d18d1d-7e83-483d-95b1-e8400ce5910b"
    }
}
Fri 2026-05-01 12:21:01:     INFO [        _client:1758 - _send_single_request ] HTTP Request: GET https://api.ibkr.com/v1/api/iserver/marketdata/snapshot?conids=61228752&fields=31%2C86%2C84%2C88%2C85%2C7762%2C55%2C6008 "HTTP/1.1 200 OK"
Fri 2026-05-01 12:21:01:     INFO [     hub_server:192 -               worker ] WORKER: [Task 39d18d1d-7e83-483d-95b1-e8400ce5910b] Completed.
INFO:     96.126.109.155:41656 - "GET /hhub/v1/api/iserver/marketdata/snapshot?conids=61228752&fields=31,86,84,88,85,7762,55,6008 HTTP/1.1" 200 OK
Fri 2026-05-01 12:21:25:     INFO [        _client:1758 - _send_single_request ] HTTP Request: GET https://api.ibkr.com/v1/api/tickle "HTTP/1.1 200 OK"
Fri 2026-05-01 12:22:01:     INFO [     hub_server:289 -                relay ] RELAY: [Task 6a5291aa-ffdc-4ba6-bc8e-fd7b55ff3b34] Adding to queue:
{
    "method": "GET",
    "url": "https://api.ibkr.com/v1/api/iserver/marketdata/snapshot",
    "params": {
        "conids": "61228752",
        "fields": "31,86,84,88,85,7762,55,6008"
    },
    "content": "",
    "headers": {
        "user-agent": "python-requests/2.31.0",
        "accept-encoding": "gzip, deflate",
        "accept": "*/*",
        "connection": "keep-alive",
        "X-Hub-Task-ID": "6a5291aa-ffdc-4ba6-bc8e-fd7b55ff3b34"
    }
}
Fri 2026-05-01 12:22:01:     INFO [        _client:1758 - _send_single_request ] HTTP Request: GET https://api.ibkr.com/v1/api/iserver/marketdata/snapshot?conids=61228752&fields=31%2C86%2C84%2C88%2C85%2C7762%2C55%2C6008 "HTTP/1.1 200 OK"
Fri 2026-05-01 12:22:01:     INFO [     hub_server:192 -               worker ] WORKER: [Task 6a5291aa-ffdc-4ba6-bc8e-fd7b55ff3b34] Completed.
INFO:     96.126.109.155:51538 - "GET /hhub/v1/api/iserver/marketdata/snapshot?conids=61228752&fields=31,86,84,88,85,7762,55,6008 HTTP/1.1" 200 OK
Fri 2026-05-01 12:22:10:     INFO [        _client:1758 - _send_single_request ] HTTP Request: GET https://api.ibkr.com/v1/api/tickle "HTTP/1.1 200 OK"
Fri 2026-05-01 12:22:55:     INFO [        _client:1758 - _send_single_request ] HTTP Request: GET https://api.ibkr.com/v1/api/tickle "HTTP/1.1 200 OK"
Fri 2026-05-01 12:23:02:     INFO [     hub_server:289 -                relay ] RELAY: [Task b02afe1d-eaee-46a6-acd6-efa5ce408f3b] Adding to queue:
{
    "method": "GET",
    "url": "https://api.ibkr.com/v1/api/iserver/marketdata/snapshot",
    "params": {
        "conids": "61228752",
        "fields": "31,86,84,88,85,7762,55,6008"
    },
    "content": "",
    "headers": {
        "user-agent": "python-requests/2.31.0",
        "accept-encoding": "gzip, deflate",
        "accept": "*/*",
        "connection": "keep-alive",
        "X-Hub-Task-ID": "b02afe1d-eaee-46a6-acd6-efa5ce408f3b"
    }
}
Fri 2026-05-01 12:23:02:     INFO [        _client:1758 - _send_single_request ] HTTP Request: GET https://api.ibkr.com/v1/api/iserver/marketdata/snapshot?conids=61228752&fields=31%2C86%2C84%2C88%2C85%2C7762%2C55%2C6008 "HTTP/1.1 200 OK"
Fri 2026-05-01 12:23:02:     INFO [     hub_server:192 -               worker ] WORKER: [Task b02afe1d-eaee-46a6-acd6-efa5ce408f3b] Completed.
INFO:     96.126.109.155:48182 - "GET /hhub/v1/api/iserver/marketdata/snapshot?conids=61228752&fields=31,86,84,88,85,7762,55,6008 HTTP/1.1" 200 OK
Fri 2026-05-01 12:23:40:     INFO [        _client:1758 - _send_single_request ] HTTP Request: GET https://api.ibkr.com/v1/api/tickle "HTTP/1.1 200 OK"
Fri 2026-05-01 12:24:03:     INFO [     hub_server:289 -                relay ] RELAY: [Task 3a740a1e-fe02-4509-818a-e8df22ca28aa] Adding to queue:
{
    "method": "GET",
    "url": "https://api.ibkr.com/v1/api/iserver/marketdata/snapshot",
    "params": {
        "conids": "61228752",
        "fields": "31,86,84,88,85,7762,55,6008"
    },
    "content": "",
    "headers": {
        "user-agent": "python-requests/2.31.0",
        "accept-encoding": "gzip, deflate",
        "accept": "*/*",
        "connection": "keep-alive",
        "X-Hub-Task-ID": "3a740a1e-fe02-4509-818a-e8df22ca28aa"
    }
}
Fri 2026-05-01 12:24:03:     INFO [        _client:1758 - _send_single_request ] HTTP Request: GET https://api.ibkr.com/v1/api/iserver/marketdata/snapshot?conids=61228752&fields=31%2C86%2C84%2C88%2C85%2C7762%2C55%2C6008 "HTTP/1.1 200 OK"
Fri 2026-05-01 12:24:03:     INFO [     hub_server:192 -               worker ] WORKER: [Task 3a740a1e-fe02-4509-818a-e8df22ca28aa] Completed.
INFO:     96.126.109.155:52322 - "GET /hhub/v1/api/iserver/marketdata/snapshot?conids=61228752&fields=31,86,84,88,85,7762,55,6008 HTTP/1.1" 200 OK
Fri 2026-05-01 12:24:25:     INFO [        _client:1758 - _send_single_request ] HTTP Request: GET https://api.ibkr.com/v1/api/tickle "HTTP/1.1 200 OK"
Fri 2026-05-01 12:25:01:     INFO [     hub_server:289 -                relay ] RELAY: [Task 6dd7ac47-2ed4-4b05-8ef4-2412ee4b23a9] Adding to queue:
{
    "method": "GET",
    "url": "https://api.ibkr.com/v1/api/iserver/marketdata/snapshot",
    "params": {
        "conids": "61228752",
        "fields": "31,86,84,88,85,7762,55,6008"
    },
    "content": "",
    "headers": {
        "user-agent": "python-requests/2.31.0",
        "accept-encoding": "gzip, deflate",
        "accept": "*/*",
        "connection": "keep-alive",
        "X-Hub-Task-ID": "6dd7ac47-2ed4-4b05-8ef4-2412ee4b23a9"
    }
}
Fri 2026-05-01 12:25:01:     INFO [        _client:1758 - _send_single_request ] HTTP Request: GET https://api.ibkr.com/v1/api/iserver/marketdata/snapshot?conids=61228752&fields=31%2C86%2C84%2C88%2C85%2C7762%2C55%2C6008 "HTTP/1.1 200 OK"
Fri 2026-05-01 12:25:01:     INFO [     hub_server:192 -               worker ] WORKER: [Task 6dd7ac47-2ed4-4b05-8ef4-2412ee4b23a9] Completed.
INFO:     96.126.109.155:60502 - "GET /hhub/v1/api/iserver/marketdata/snapshot?conids=61228752&fields=31,86,84,88,85,7762,55,6008 HTTP/1.1" 200 OK
Fri 2026-05-01 12:25:10:     INFO [        _client:1758 - _send_single_request ] HTTP Request: GET https://api.ibkr.com/v1/api/tickle "HTTP/1.1 200 OK"
Fri 2026-05-01 12:25:56:     INFO [        _client:1758 - _send_single_request ] HTTP Request: GET https://api.ibkr.com/v1/api/tickle "HTTP/1.1 200 OK"
Fri 2026-05-01 12:26:01:     INFO [     hub_server:289 -                relay ] RELAY: [Task 8b42238f-e9d6-44cc-a2d2-2d7503eb09fd] Adding to queue:
{
    "method": "GET",
    "url": "https://api.ibkr.com/v1/api/iserver/marketdata/snapshot",
    "params": {
        "conids": "61228752",
        "fields": "31,86,84,88,85,7762,55,6008"
    },
    "content": "",
    "headers": {
        "user-agent": "python-requests/2.31.0",
        "accept-encoding": "gzip, deflate",
        "accept": "*/*",
        "connection": "keep-alive",
        "X-Hub-Task-ID": "8b42238f-e9d6-44cc-a2d2-2d7503eb09fd"
    }
}
Fri 2026-05-01 12:26:01:     INFO [        _client:1758 - _send_single_request ] HTTP Request: GET https://api.ibkr.com/v1/api/iserver/marketdata/snapshot?conids=61228752&fields=31%2C86%2C84%2C88%2C85%2C7762%2C55%2C6008 "HTTP/1.1 200 OK"
Fri 2026-05-01 12:26:01:     INFO [     hub_server:192 -               worker ] WORKER: [Task 8b42238f-e9d6-44cc-a2d2-2d7503eb09fd] Completed.
INFO:     96.126.109.155:46874 - "GET /hhub/v1/api/iserver/marketdata/snapshot?conids=61228752&fields=31,86,84,88,85,7762,55,6008 HTTP/1.1" 200 OK
Fri 2026-05-01 12:26:41:     INFO [        _client:1758 - _send_single_request ] HTTP Request: GET https://api.ibkr.com/v1/api/tickle "HTTP/1.1 200 OK"
Fri 2026-05-01 12:27:02:     INFO [     hub_server:289 -                relay ] RELAY: [Task 375859a9-90a6-4dcb-a39c-531cf4148f15] Adding to queue:
{
    "method": "GET",
    "url": "https://api.ibkr.com/v1/api/iserver/marketdata/snapshot",
    "params": {
        "conids": "61228752",
        "fields": "31,86,84,88,85,7762,55,6008"
    },
    "content": "",
    "headers": {
        "user-agent": "python-requests/2.31.0",
        "accept-encoding": "gzip, deflate",
        "accept": "*/*",
        "connection": "keep-alive",
        "X-Hub-Task-ID": "375859a9-90a6-4dcb-a39c-531cf4148f15"
    }
}
Fri 2026-05-01 12:27:02:     INFO [        _client:1758 - _send_single_request ] HTTP Request: GET https://api.ibkr.com/v1/api/iserver/marketdata/snapshot?conids=61228752&fields=31%2C86%2C84%2C88%2C85%2C7762%2C55%2C6008 "HTTP/1.1 200 OK"
Fri 2026-05-01 12:27:02:     INFO [     hub_server:192 -               worker ] WORKER: [Task 375859a9-90a6-4dcb-a39c-531cf4148f15] Completed.
INFO:     96.126.109.155:32838 - "GET /hhub/v1/api/iserver/marketdata/snapshot?conids=61228752&fields=31,86,84,88,85,7762,55,6008 HTTP/1.1" 200 OK
Fri 2026-05-01 12:27:26:     INFO [        _client:1758 - _send_single_request ] HTTP Request: GET https://api.ibkr.com/v1/api/tickle "HTTP/1.1 200 OK"
Fri 2026-05-01 12:28:02:     INFO [     hub_server:289 -                relay ] RELAY: [Task d0d0c645-4e40-49cb-bf6e-b928297386e4] Adding to queue:
{
    "method": "GET",
    "url": "https://api.ibkr.com/v1/api/iserver/marketdata/snapshot",
    "params": {
        "conids": "61228752",
        "fields": "31,86,84,88,85,7762,55,6008"
    },
    "content": "",
    "headers": {
        "user-agent": "python-requests/2.31.0",
        "accept-encoding": "gzip, deflate",
        "accept": "*/*",
        "connection": "keep-alive",
        "X-Hub-Task-ID": "d0d0c645-4e40-49cb-bf6e-b928297386e4"
    }
}
Fri 2026-05-01 12:28:02:     INFO [        _client:1758 - _send_single_request ] HTTP Request: GET https://api.ibkr.com/v1/api/iserver/marketdata/snapshot?conids=61228752&fields=31%2C86%2C84%2C88%2C85%2C7762%2C55%2C6008 "HTTP/1.1 200 OK"
Fri 2026-05-01 12:28:02:     INFO [     hub_server:192 -               worker ] WORKER: [Task d0d0c645-4e40-49cb-bf6e-b928297386e4] Completed.
INFO:     96.126.109.155:54052 - "GET /hhub/v1/api/iserver/marketdata/snapshot?conids=61228752&fields=31,86,84,88,85,7762,55,6008 HTTP/1.1" 200 OK
Fri 2026-05-01 12:28:11:     INFO [        _client:1758 - _send_single_request ] HTTP Request: GET https://api.ibkr.com/v1/api/tickle "HTTP/1.1 200 OK"
Fri 2026-05-01 12:28:56:     INFO [        _client:1758 - _send_single_request ] HTTP Request: GET https://api.ibkr.com/v1/api/tickle "HTTP/1.1 200 OK"
Fri 2026-05-01 12:29:03:     INFO [     hub_server:289 -                relay ] RELAY: [Task 9dd40c7f-0dec-4502-ba6a-c6136caf20d2] Adding to queue:
{
    "method": "GET",
    "url": "https://api.ibkr.com/v1/api/iserver/marketdata/snapshot",
    "params": {
        "conids": "61228752",
        "fields": "31,86,84,88,85,7762,55,6008"
    },
    "content": "",
    "headers": {
        "user-agent": "python-requests/2.31.0",
        "accept-encoding": "gzip, deflate",
        "accept": "*/*",
        "connection": "keep-alive",
        "X-Hub-Task-ID": "9dd40c7f-0dec-4502-ba6a-c6136caf20d2"
    }
}
Fri 2026-05-01 12:29:03:     INFO [        _client:1758 - _send_single_request ] HTTP Request: GET https://api.ibkr.com/v1/api/iserver/marketdata/snapshot?conids=61228752&fields=31%2C86%2C84%2C88%2C85%2C7762%2C55%2C6008 "HTTP/1.1 200 OK"
Fri 2026-05-01 12:29:03:     INFO [     hub_server:192 -               worker ] WORKER: [Task 9dd40c7f-0dec-4502-ba6a-c6136caf20d2] Completed.
INFO:     96.126.109.155:53296 - "GET /hhub/v1/api/iserver/marketdata/snapshot?conids=61228752&fields=31,86,84,88,85,7762,55,6008 HTTP/1.1" 200 OK
Fri 2026-05-01 12:29:41:     INFO [        _client:1758 - _send_single_request ] HTTP Request: GET https://api.ibkr.com/v1/api/tickle "HTTP/1.1 200 OK"
Fri 2026-05-01 12:30:00:     INFO [     hub_server:289 -                relay ] RELAY: [Task beec1cb8-98b5-4fc1-8e1b-a25178617468] Adding to queue:
{
    "method": "GET",
    "url": "https://api.ibkr.com/v1/api/iserver/marketdata/snapshot",
    "params": {
        "conids": "61228752",
        "fields": "31,86,84,88,85,7762,55,6008"
    },
    "content": "",
    "headers": {
        "user-agent": "python-requests/2.31.0",
        "accept-encoding": "gzip, deflate",
        "accept": "*/*",
        "connection": "keep-alive",
        "X-Hub-Task-ID": "beec1cb8-98b5-4fc1-8e1b-a25178617468"
    }
}
Fri 2026-05-01 12:30:01:     INFO [        _client:1758 - _send_single_request ] HTTP Request: GET https://api.ibkr.com/v1/api/iserver/marketdata/snapshot?conids=61228752&fields=31%2C86%2C84%2C88%2C85%2C7762%2C55%2C6008 "HTTP/1.1 200 OK"
Fri 2026-05-01 12:30:01:     INFO [     hub_server:192 -               worker ] WORKER: [Task beec1cb8-98b5-4fc1-8e1b-a25178617468] Completed.
INFO:     96.126.109.155:57424 - "GET /hhub/v1/api/iserver/marketdata/snapshot?conids=61228752&fields=31,86,84,88,85,7762,55,6008 HTTP/1.1" 200 OK
Fri 2026-05-01 12:30:26:     INFO [        _client:1758 - _send_single_request ] HTTP Request: GET https://api.ibkr.com/v1/api/tickle "HTTP/1.1 200 OK"
Fri 2026-05-01 12:31:01:     INFO [     hub_server:289 -                relay ] RELAY: [Task 7b2e482e-4184-41d4-83fd-b39cee879e68] Adding to queue:
{
    "method": "GET",
    "url": "https://api.ibkr.com/v1/api/iserver/marketdata/snapshot",
    "params": {
        "conids": "61228752",
        "fields": "31,86,84,88,85,7762,55,6008"
    },
    "content": "",
    "headers": {
        "user-agent": "python-requests/2.31.0",
        "accept-encoding": "gzip, deflate",
        "accept": "*/*",
        "connection": "keep-alive",
        "X-Hub-Task-ID": "7b2e482e-4184-41d4-83fd-b39cee879e68"
    }
}
Fri 2026-05-01 12:31:01:     INFO [        _client:1758 - _send_single_request ] HTTP Request: GET https://api.ibkr.com/v1/api/iserver/marketdata/snapshot?conids=61228752&fields=31%2C86%2C84%2C88%2C85%2C7762%2C55%2C6008 "HTTP/1.1 200 OK"
Fri 2026-05-01 12:31:01:     INFO [     hub_server:192 -               worker ] WORKER: [Task 7b2e482e-4184-41d4-83fd-b39cee879e68] Completed.
INFO:     96.126.109.155:48478 - "GET /hhub/v1/api/iserver/marketdata/snapshot?conids=61228752&fields=31,86,84,88,85,7762,55,6008 HTTP/1.1" 200 OK
Fri 2026-05-01 12:31:11:     INFO [        _client:1758 - _send_single_request ] HTTP Request: GET https://api.ibkr.com/v1/api/tickle "HTTP/1.1 200 OK"
Fri 2026-05-01 12:31:57:     INFO [        _client:1758 - _send_single_request ] HTTP Request: GET https://api.ibkr.com/v1/api/tickle "HTTP/1.1 200 OK"
Fri 2026-05-01 12:32:02:     INFO [     hub_server:289 -                relay ] RELAY: [Task b4130c1b-4c03-4a6b-b0c9-8af42600b155] Adding to queue:
{
    "method": "GET",
    "url": "https://api.ibkr.com/v1/api/iserver/marketdata/snapshot",
    "params": {
        "conids": "61228752",
        "fields": "31,86,84,88,85,7762,55,6008"
    },
    "content": "",
    "headers": {
        "user-agent": "python-requests/2.31.0",
        "accept-encoding": "gzip, deflate",
        "accept": "*/*",
        "connection": "keep-alive",
        "X-Hub-Task-ID": "b4130c1b-4c03-4a6b-b0c9-8af42600b155"
    }
}
Fri 2026-05-01 12:32:02:     INFO [        _client:1758 - _send_single_request ] HTTP Request: GET https://api.ibkr.com/v1/api/iserver/marketdata/snapshot?conids=61228752&fields=31%2C86%2C84%2C88%2C85%2C7762%2C55%2C6008 "HTTP/1.1 200 OK"
Fri 2026-05-01 12:32:02:     INFO [     hub_server:192 -               worker ] WORKER: [Task b4130c1b-4c03-4a6b-b0c9-8af42600b155] Completed.
INFO:     96.126.109.155:49746 - "GET /hhub/v1/api/iserver/marketdata/snapshot?conids=61228752&fields=31,86,84,88,85,7762,55,6008 HTTP/1.1" 200 OK
Fri 2026-05-01 12:32:42:     INFO [        _client:1758 - _send_single_request ] HTTP Request: GET https://api.ibkr.com/v1/api/tickle "HTTP/1.1 200 OK"
Fri 2026-05-01 12:33:02:     INFO [     hub_server:289 -                relay ] RELAY: [Task 6ef6b3cb-b9b3-4dc6-a916-20bb959a0bd8] Adding to queue:
{
    "method": "GET",
    "url": "https://api.ibkr.com/v1/api/iserver/marketdata/snapshot",
    "params": {
        "conids": "61228752",
        "fields": "31,86,84,88,85,7762,55,6008"
    },
    "content": "",
    "headers": {
        "user-agent": "python-requests/2.31.0",
        "accept-encoding": "gzip, deflate",
        "accept": "*/*",
        "connection": "keep-alive",
        "X-Hub-Task-ID": "6ef6b3cb-b9b3-4dc6-a916-20bb959a0bd8"
    }
}
Fri 2026-05-01 12:33:02:     INFO [        _client:1758 - _send_single_request ] HTTP Request: GET https://api.ibkr.com/v1/api/iserver/marketdata/snapshot?conids=61228752&fields=31%2C86%2C84%2C88%2C85%2C7762%2C55%2C6008 "HTTP/1.1 200 OK"
Fri 2026-05-01 12:33:02:     INFO [     hub_server:192 -               worker ] WORKER: [Task 6ef6b3cb-b9b3-4dc6-a916-20bb959a0bd8] Completed.
INFO:     96.126.109.155:41892 - "GET /hhub/v1/api/iserver/marketdata/snapshot?conids=61228752&fields=31,86,84,88,85,7762,55,6008 HTTP/1.1" 200 OK
Fri 2026-05-01 12:33:27:     INFO [        _client:1758 - _send_single_request ] HTTP Request: GET https://api.ibkr.com/v1/api/tickle "HTTP/1.1 200 OK"
Fri 2026-05-01 12:34:03:     INFO [     hub_server:289 -                relay ] RELAY: [Task a816abed-842d-4e0f-a954-93549669dd9f] Adding to queue:
{
    "method": "GET",
    "url": "https://api.ibkr.com/v1/api/iserver/marketdata/snapshot",
    "params": {
        "conids": "61228752",
        "fields": "31,86,84,88,85,7762,55,6008"
    },
    "content": "",
    "headers": {
        "user-agent": "python-requests/2.31.0",
        "accept-encoding": "gzip, deflate",
        "accept": "*/*",
        "connection": "keep-alive",
        "X-Hub-Task-ID": "a816abed-842d-4e0f-a954-93549669dd9f"
    }
}
Fri 2026-05-01 12:34:03:     INFO [        _client:1758 - _send_single_request ] HTTP Request: GET https://api.ibkr.com/v1/api/iserver/marketdata/snapshot?conids=61228752&fields=31%2C86%2C84%2C88%2C85%2C7762%2C55%2C6008 "HTTP/1.1 200 OK"
Fri 2026-05-01 12:34:03:     INFO [     hub_server:192 -               worker ] WORKER: [Task a816abed-842d-4e0f-a954-93549669dd9f] Completed.
INFO:     96.126.109.155:53118 - "GET /hhub/v1/api/iserver/marketdata/snapshot?conids=61228752&fields=31,86,84,88,85,7762,55,6008 HTTP/1.1" 200 OK
Fri 2026-05-01 12:34:12:     INFO [        _client:1758 - _send_single_request ] HTTP Request: GET https://api.ibkr.com/v1/api/tickle "HTTP/1.1 200 OK"
Fri 2026-05-01 12:34:57:     INFO [        _client:1758 - _send_single_request ] HTTP Request: GET https://api.ibkr.com/v1/api/tickle "HTTP/1.1 200 OK"
Fri 2026-05-01 12:35:00:     INFO [     hub_server:289 -                relay ] RELAY: [Task 69b682b7-49fc-41f1-99d8-1a1800bcb99f] Adding to queue:
{
    "method": "GET",
    "url": "https://api.ibkr.com/v1/api/iserver/marketdata/snapshot",
    "params": {
        "conids": "61228752",
        "fields": "31,86,84,88,85,7762,55,6008"
    },
    "content": "",
    "headers": {
        "user-agent": "python-requests/2.31.0",
        "accept-encoding": "gzip, deflate",
        "accept": "*/*",
        "connection": "keep-alive",
        "X-Hub-Task-ID": "69b682b7-49fc-41f1-99d8-1a1800bcb99f"
    }
}
Fri 2026-05-01 12:35:00:     INFO [        _client:1758 - _send_single_request ] HTTP Request: GET https://api.ibkr.com/v1/api/iserver/marketdata/snapshot?conids=61228752&fields=31%2C86%2C84%2C88%2C85%2C7762%2C55%2C6008 "HTTP/1.1 200 OK"
Fri 2026-05-01 12:35:00:     INFO [     hub_server:192 -               worker ] WORKER: [Task 69b682b7-49fc-41f1-99d8-1a1800bcb99f] Completed.
INFO:     96.126.109.155:41010 - "GET /hhub/v1/api/iserver/marketdata/snapshot?conids=61228752&fields=31,86,84,88,85,7762,55,6008 HTTP/1.1" 200 OK
Fri 2026-05-01 12:35:42:     INFO [        _client:1758 - _send_single_request ] HTTP Request: GET https://api.ibkr.com/v1/api/tickle "HTTP/1.1 200 OK"
Fri 2026-05-01 12:36:01:     INFO [     hub_server:289 -                relay ] RELAY: [Task 30989a0f-6e46-42d4-8829-1b323cc4588e] Adding to queue:
{
    "method": "GET",
    "url": "https://api.ibkr.com/v1/api/iserver/marketdata/snapshot",
    "params": {
        "conids": "61228752",
        "fields": "31,86,84,88,85,7762,55,6008"
    },
    "content": "",
    "headers": {
        "user-agent": "python-requests/2.31.0",
        "accept-encoding": "gzip, deflate",
        "accept": "*/*",
        "connection": "keep-alive",
        "X-Hub-Task-ID": "30989a0f-6e46-42d4-8829-1b323cc4588e"
    }
}
Fri 2026-05-01 12:36:01:     INFO [        _client:1758 - _send_single_request ] HTTP Request: GET https://api.ibkr.com/v1/api/iserver/marketdata/snapshot?conids=61228752&fields=31%2C86%2C84%2C88%2C85%2C7762%2C55%2C6008 "HTTP/1.1 200 OK"
Fri 2026-05-01 12:36:01:     INFO [     hub_server:192 -               worker ] WORKER: [Task 30989a0f-6e46-42d4-8829-1b323cc4588e] Completed.
INFO:     96.126.109.155:57564 - "GET /hhub/v1/api/iserver/marketdata/snapshot?conids=61228752&fields=31,86,84,88,85,7762,55,6008 HTTP/1.1" 200 OK
Fri 2026-05-01 12:36:27:     INFO [        _client:1758 - _send_single_request ] HTTP Request: GET https://api.ibkr.com/v1/api/tickle "HTTP/1.1 200 OK"
Fri 2026-05-01 12:37:01:     INFO [     hub_server:289 -                relay ] RELAY: [Task 4e10d0f6-7a43-468b-9f65-ecab64f82305] Adding to queue:
{
    "method": "GET",
    "url": "https://api.ibkr.com/v1/api/iserver/marketdata/snapshot",
    "params": {
        "conids": "61228752",
        "fields": "31,86,84,88,85,7762,55,6008"
    },
    "content": "",
    "headers": {
        "user-agent": "python-requests/2.31.0",
        "accept-encoding": "gzip, deflate",
        "accept": "*/*",
        "connection": "keep-alive",
        "X-Hub-Task-ID": "4e10d0f6-7a43-468b-9f65-ecab64f82305"
    }
}
Fri 2026-05-01 12:37:02:     INFO [        _client:1758 - _send_single_request ] HTTP Request: GET https://api.ibkr.com/v1/api/iserver/marketdata/snapshot?conids=61228752&fields=31%2C86%2C84%2C88%2C85%2C7762%2C55%2C6008 "HTTP/1.1 200 OK"
Fri 2026-05-01 12:37:02:     INFO [     hub_server:192 -               worker ] WORKER: [Task 4e10d0f6-7a43-468b-9f65-ecab64f82305] Completed.
INFO:     96.126.109.155:48798 - "GET /hhub/v1/api/iserver/marketdata/snapshot?conids=61228752&fields=31,86,84,88,85,7762,55,6008 HTTP/1.1" 200 OK
Fri 2026-05-01 12:37:12:     INFO [        _client:1758 - _send_single_request ] HTTP Request: GET https://api.ibkr.com/v1/api/tickle "HTTP/1.1 200 OK"
Fri 2026-05-01 12:37:57:     INFO [        _client:1758 - _send_single_request ] HTTP Request: GET https://api.ibkr.com/v1/api/tickle "HTTP/1.1 200 OK"
Fri 2026-05-01 12:38:03:     INFO [     hub_server:289 -                relay ] RELAY: [Task 2a028f3d-13b8-4446-8149-7b439eda4d91] Adding to queue:
{
    "method": "GET",
    "url": "https://api.ibkr.com/v1/api/iserver/marketdata/snapshot",
    "params": {
        "conids": "61228752",
        "fields": "31,86,84,88,85,7762,55,6008"
    },
    "content": "",
    "headers": {
        "user-agent": "python-requests/2.31.0",
        "accept-encoding": "gzip, deflate",
        "accept": "*/*",
        "connection": "keep-alive",
        "X-Hub-Task-ID": "2a028f3d-13b8-4446-8149-7b439eda4d91"
    }
}
Fri 2026-05-01 12:38:03:     INFO [        _client:1758 - _send_single_request ] HTTP Request: GET https://api.ibkr.com/v1/api/iserver/marketdata/snapshot?conids=61228752&fields=31%2C86%2C84%2C88%2C85%2C7762%2C55%2C6008 "HTTP/1.1 200 OK"
Fri 2026-05-01 12:38:03:     INFO [     hub_server:192 -               worker ] WORKER: [Task 2a028f3d-13b8-4446-8149-7b439eda4d91] Completed.
INFO:     96.126.109.155:41726 - "GET /hhub/v1/api/iserver/marketdata/snapshot?conids=61228752&fields=31,86,84,88,85,7762,55,6008 HTTP/1.1" 200 OK
Fri 2026-05-01 12:38:42:     INFO [        _client:1758 - _send_single_request ] HTTP Request: GET https://api.ibkr.com/v1/api/tickle "HTTP/1.1 200 OK"
Fri 2026-05-01 12:39:00:     INFO [     hub_server:289 -                relay ] RELAY: [Task 1addbd08-ceb2-4fcb-8d74-e36d0a6439fa] Adding to queue:
{
    "method": "GET",
    "url": "https://api.ibkr.com/v1/api/iserver/marketdata/snapshot",
    "params": {
        "conids": "61228752",
        "fields": "31,86,84,88,85,7762,55,6008"
    },
    "content": "",
    "headers": {
        "user-agent": "python-requests/2.31.0",
        "accept-encoding": "gzip, deflate",
        "accept": "*/*",
        "connection": "keep-alive",
        "X-Hub-Task-ID": "1addbd08-ceb2-4fcb-8d74-e36d0a6439fa"
    }
}
Fri 2026-05-01 12:39:00:     INFO [        _client:1758 - _send_single_request ] HTTP Request: GET https://api.ibkr.com/v1/api/iserver/marketdata/snapshot?conids=61228752&fields=31%2C86%2C84%2C88%2C85%2C7762%2C55%2C6008 "HTTP/1.1 200 OK"
Fri 2026-05-01 12:39:00:     INFO [     hub_server:192 -               worker ] WORKER: [Task 1addbd08-ceb2-4fcb-8d74-e36d0a6439fa] Completed.
INFO:     96.126.109.155:36124 - "GET /hhub/v1/api/iserver/marketdata/snapshot?conids=61228752&fields=31,86,84,88,85,7762,55,6008 HTTP/1.1" 200 OK
Fri 2026-05-01 12:39:28:     INFO [        _client:1758 - _send_single_request ] HTTP Request: GET https://api.ibkr.com/v1/api/tickle "HTTP/1.1 200 OK"
Fri 2026-05-01 12:40:01:     INFO [     hub_server:289 -                relay ] RELAY: [Task c3711c1d-73f3-405d-b052-476b4cc3bf94] Adding to queue:
{
    "method": "GET",
    "url": "https://api.ibkr.com/v1/api/iserver/marketdata/snapshot",
    "params": {
        "conids": "61228752",
        "fields": "31,86,84,88,85,7762,55,6008"
    },
    "content": "",
    "headers": {
        "user-agent": "python-requests/2.31.0",
        "accept-encoding": "gzip, deflate",
        "accept": "*/*",
        "connection": "keep-alive",
        "X-Hub-Task-ID": "c3711c1d-73f3-405d-b052-476b4cc3bf94"
    }
}
Fri 2026-05-01 12:40:01:     INFO [        _client:1758 - _send_single_request ] HTTP Request: GET https://api.ibkr.com/v1/api/iserver/marketdata/snapshot?conids=61228752&fields=31%2C86%2C84%2C88%2C85%2C7762%2C55%2C6008 "HTTP/1.1 200 OK"
Fri 2026-05-01 12:40:01:     INFO [     hub_server:192 -               worker ] WORKER: [Task c3711c1d-73f3-405d-b052-476b4cc3bf94] Completed.
INFO:     96.126.109.155:42572 - "GET /hhub/v1/api/iserver/marketdata/snapshot?conids=61228752&fields=31,86,84,88,85,7762,55,6008 HTTP/1.1" 200 OK
Fri 2026-05-01 12:40:13:     INFO [        _client:1758 - _send_single_request ] HTTP Request: GET https://api.ibkr.com/v1/api/tickle "HTTP/1.1 200 OK"
Fri 2026-05-01 12:40:58:     INFO [        _client:1758 - _send_single_request ] HTTP Request: GET https://api.ibkr.com/v1/api/tickle "HTTP/1.1 200 OK"
Fri 2026-05-01 12:41:01:     INFO [     hub_server:289 -                relay ] RELAY: [Task 7bf59b5d-1a2b-40b5-afe6-680f201e19a0] Adding to queue:
{
    "method": "GET",
    "url": "https://api.ibkr.com/v1/api/iserver/marketdata/snapshot",
    "params": {
        "conids": "61228752",
        "fields": "31,86,84,88,85,7762,55,6008"
    },
    "content": "",
    "headers": {
        "user-agent": "python-requests/2.31.0",
        "accept-encoding": "gzip, deflate",
        "accept": "*/*",
        "connection": "keep-alive",
        "X-Hub-Task-ID": "7bf59b5d-1a2b-40b5-afe6-680f201e19a0"
    }
}
Fri 2026-05-01 12:41:01:     INFO [        _client:1758 - _send_single_request ] HTTP Request: GET https://api.ibkr.com/v1/api/iserver/marketdata/snapshot?conids=61228752&fields=31%2C86%2C84%2C88%2C85%2C7762%2C55%2C6008 "HTTP/1.1 200 OK"
Fri 2026-05-01 12:41:01:     INFO [     hub_server:192 -               worker ] WORKER: [Task 7bf59b5d-1a2b-40b5-afe6-680f201e19a0] Completed.
INFO:     96.126.109.155:52164 - "GET /hhub/v1/api/iserver/marketdata/snapshot?conids=61228752&fields=31,86,84,88,85,7762,55,6008 HTTP/1.1" 200 OK
Fri 2026-05-01 12:41:43:     INFO [        _client:1758 - _send_single_request ] HTTP Request: GET https://api.ibkr.com/v1/api/tickle "HTTP/1.1 200 OK"
Fri 2026-05-01 12:42:02:     INFO [     hub_server:289 -                relay ] RELAY: [Task 1e8c7efe-9f7c-4ec6-a98c-877d41781382] Adding to queue:
{
    "method": "GET",
    "url": "https://api.ibkr.com/v1/api/iserver/marketdata/snapshot",
    "params": {
        "conids": "61228752",
        "fields": "31,86,84,88,85,7762,55,6008"
    },
    "content": "",
    "headers": {
        "user-agent": "python-requests/2.31.0",
        "accept-encoding": "gzip, deflate",
        "accept": "*/*",
        "connection": "keep-alive",
        "X-Hub-Task-ID": "1e8c7efe-9f7c-4ec6-a98c-877d41781382"
    }
}
Fri 2026-05-01 12:42:02:     INFO [        _client:1758 - _send_single_request ] HTTP Request: GET https://api.ibkr.com/v1/api/iserver/marketdata/snapshot?conids=61228752&fields=31%2C86%2C84%2C88%2C85%2C7762%2C55%2C6008 "HTTP/1.1 200 OK"
Fri 2026-05-01 12:42:02:     INFO [     hub_server:192 -               worker ] WORKER: [Task 1e8c7efe-9f7c-4ec6-a98c-877d41781382] Completed.
INFO:     96.126.109.155:48156 - "GET /hhub/v1/api/iserver/marketdata/snapshot?conids=61228752&fields=31,86,84,88,85,7762,55,6008 HTTP/1.1" 200 OK
Fri 2026-05-01 12:42:28:     INFO [        _client:1758 - _send_single_request ] HTTP Request: GET https://api.ibkr.com/v1/api/tickle "HTTP/1.1 200 OK"
Fri 2026-05-01 12:43:02:     INFO [     hub_server:289 -                relay ] RELAY: [Task ea6e78bd-f523-46d7-8d3e-9307debd2af2] Adding to queue:
{
    "method": "GET",
    "url": "https://api.ibkr.com/v1/api/iserver/marketdata/snapshot",
    "params": {
        "conids": "61228752",
        "fields": "31,86,84,88,85,7762,55,6008"
    },
    "content": "",
    "headers": {
        "user-agent": "python-requests/2.31.0",
        "accept-encoding": "gzip, deflate",
        "accept": "*/*",
        "connection": "keep-alive",
        "X-Hub-Task-ID": "ea6e78bd-f523-46d7-8d3e-9307debd2af2"
    }
}
Fri 2026-05-01 12:43:02:     INFO [        _client:1758 - _send_single_request ] HTTP Request: GET https://api.ibkr.com/v1/api/iserver/marketdata/snapshot?conids=61228752&fields=31%2C86%2C84%2C88%2C85%2C7762%2C55%2C6008 "HTTP/1.1 200 OK"
Fri 2026-05-01 12:43:02:     INFO [     hub_server:192 -               worker ] WORKER: [Task ea6e78bd-f523-46d7-8d3e-9307debd2af2] Completed.
INFO:     96.126.109.155:37488 - "GET /hhub/v1/api/iserver/marketdata/snapshot?conids=61228752&fields=31,86,84,88,85,7762,55,6008 HTTP/1.1" 200 OK
Fri 2026-05-01 12:43:13:     INFO [        _client:1758 - _send_single_request ] HTTP Request: GET https://api.ibkr.com/v1/api/tickle "HTTP/1.1 200 OK"
Fri 2026-05-01 12:43:58:     INFO [        _client:1758 - _send_single_request ] HTTP Request: GET https://api.ibkr.com/v1/api/tickle "HTTP/1.1 200 OK"
Fri 2026-05-01 12:44:03:     INFO [     hub_server:289 -                relay ] RELAY: [Task f6788c22-735e-4a0d-acb7-91907469fe9b] Adding to queue:
{
    "method": "GET",
    "url": "https://api.ibkr.com/v1/api/iserver/marketdata/snapshot",
    "params": {
        "conids": "61228752",
        "fields": "31,86,84,88,85,7762,55,6008"
    },
    "content": "",
    "headers": {
        "user-agent": "python-requests/2.31.0",
        "accept-encoding": "gzip, deflate",
        "accept": "*/*",
        "connection": "keep-alive",
        "X-Hub-Task-ID": "f6788c22-735e-4a0d-acb7-91907469fe9b"
    }
}
Fri 2026-05-01 12:44:03:     INFO [        _client:1758 - _send_single_request ] HTTP Request: GET https://api.ibkr.com/v1/api/iserver/marketdata/snapshot?conids=61228752&fields=31%2C86%2C84%2C88%2C85%2C7762%2C55%2C6008 "HTTP/1.1 200 OK"
Fri 2026-05-01 12:44:03:     INFO [     hub_server:192 -               worker ] WORKER: [Task f6788c22-735e-4a0d-acb7-91907469fe9b] Completed.
INFO:     96.126.109.155:60126 - "GET /hhub/v1/api/iserver/marketdata/snapshot?conids=61228752&fields=31,86,84,88,85,7762,55,6008 HTTP/1.1" 200 OK
Fri 2026-05-01 12:44:43:     INFO [        _client:1758 - _send_single_request ] HTTP Request: GET https://api.ibkr.com/v1/api/tickle "HTTP/1.1 200 OK"
Fri 2026-05-01 12:45:00:     INFO [     hub_server:289 -                relay ] RELAY: [Task bab2986e-2aa7-402b-b514-3690aa1e599b] Adding to queue:
{
    "method": "GET",
    "url": "https://api.ibkr.com/v1/api/iserver/marketdata/snapshot",
    "params": {
        "conids": "61228752",
        "fields": "31,86,84,88,85,7762,55,6008"
    },
    "content": "",
    "headers": {
        "user-agent": "python-requests/2.31.0",
        "accept-encoding": "gzip, deflate",
        "accept": "*/*",
        "connection": "keep-alive",
        "X-Hub-Task-ID": "bab2986e-2aa7-402b-b514-3690aa1e599b"
    }
}
Fri 2026-05-01 12:45:00:     INFO [        _client:1758 - _send_single_request ] HTTP Request: GET https://api.ibkr.com/v1/api/iserver/marketdata/snapshot?conids=61228752&fields=31%2C86%2C84%2C88%2C85%2C7762%2C55%2C6008 "HTTP/1.1 200 OK"
Fri 2026-05-01 12:45:00:     INFO [     hub_server:192 -               worker ] WORKER: [Task bab2986e-2aa7-402b-b514-3690aa1e599b] Completed.
INFO:     96.126.109.155:57136 - "GET /hhub/v1/api/iserver/marketdata/snapshot?conids=61228752&fields=31,86,84,88,85,7762,55,6008 HTTP/1.1" 200 OK
Fri 2026-05-01 12:45:28:     INFO [        _client:1758 - _send_single_request ] HTTP Request: GET https://api.ibkr.com/v1/api/tickle "HTTP/1.1 200 OK"
Fri 2026-05-01 12:46:00:     INFO [     hub_server:289 -                relay ] RELAY: [Task c47f71e9-b606-4e96-9978-4efa541832a2] Adding to queue:
{
    "method": "GET",
    "url": "https://api.ibkr.com/v1/api/iserver/marketdata/snapshot",
    "params": {
        "conids": "61228752",
        "fields": "31,86,84,88,85,7762,55,6008"
    },
    "content": "",
    "headers": {
        "user-agent": "python-requests/2.31.0",
        "accept-encoding": "gzip, deflate",
        "accept": "*/*",
        "connection": "keep-alive",
        "X-Hub-Task-ID": "c47f71e9-b606-4e96-9978-4efa541832a2"
    }
}
Fri 2026-05-01 12:46:01:     INFO [        _client:1758 - _send_single_request ] HTTP Request: GET https://api.ibkr.com/v1/api/iserver/marketdata/snapshot?conids=61228752&fields=31%2C86%2C84%2C88%2C85%2C7762%2C55%2C6008 "HTTP/1.1 200 OK"
Fri 2026-05-01 12:46:01:     INFO [     hub_server:192 -               worker ] WORKER: [Task c47f71e9-b606-4e96-9978-4efa541832a2] Completed.
INFO:     96.126.109.155:55432 - "GET /hhub/v1/api/iserver/marketdata/snapshot?conids=61228752&fields=31,86,84,88,85,7762,55,6008 HTTP/1.1" 200 OK
Fri 2026-05-01 12:46:14:     INFO [        _client:1758 - _send_single_request ] HTTP Request: GET https://api.ibkr.com/v1/api/tickle "HTTP/1.1 200 OK"
Fri 2026-05-01 12:46:59:     INFO [        _client:1758 - _send_single_request ] HTTP Request: GET https://api.ibkr.com/v1/api/tickle "HTTP/1.1 200 OK"
Fri 2026-05-01 12:47:01:     INFO [     hub_server:289 -                relay ] RELAY: [Task 3c75e40f-953f-4f7f-ae17-fb1080bdcd62] Adding to queue:
{
    "method": "GET",
    "url": "https://api.ibkr.com/v1/api/iserver/marketdata/snapshot",
    "params": {
        "conids": "61228752",
        "fields": "31,86,84,88,85,7762,55,6008"
    },
    "content": "",
    "headers": {
        "user-agent": "python-requests/2.31.0",
        "accept-encoding": "gzip, deflate",
        "accept": "*/*",
        "connection": "keep-alive",
        "X-Hub-Task-ID": "3c75e40f-953f-4f7f-ae17-fb1080bdcd62"
    }
}
Fri 2026-05-01 12:47:01:     INFO [        _client:1758 - _send_single_request ] HTTP Request: GET https://api.ibkr.com/v1/api/iserver/marketdata/snapshot?conids=61228752&fields=31%2C86%2C84%2C88%2C85%2C7762%2C55%2C6008 "HTTP/1.1 200 OK"
Fri 2026-05-01 12:47:01:     INFO [     hub_server:192 -               worker ] WORKER: [Task 3c75e40f-953f-4f7f-ae17-fb1080bdcd62] Completed.
INFO:     96.126.109.155:58386 - "GET /hhub/v1/api/iserver/marketdata/snapshot?conids=61228752&fields=31,86,84,88,85,7762,55,6008 HTTP/1.1" 200 OK
Fri 2026-05-01 12:47:44:     INFO [        _client:1758 - _send_single_request ] HTTP Request: GET https://api.ibkr.com/v1/api/tickle "HTTP/1.1 200 OK"
Fri 2026-05-01 12:48:02:     INFO [     hub_server:289 -                relay ] RELAY: [Task c27b5528-9dc1-46f0-8c90-49e76fed28ff] Adding to queue:
{
    "method": "GET",
    "url": "https://api.ibkr.com/v1/api/iserver/marketdata/snapshot",
    "params": {
        "conids": "61228752",
        "fields": "31,86,84,88,85,7762,55,6008"
    },
    "content": "",
    "headers": {
        "user-agent": "python-requests/2.31.0",
        "accept-encoding": "gzip, deflate",
        "accept": "*/*",
        "connection": "keep-alive",
        "X-Hub-Task-ID": "c27b5528-9dc1-46f0-8c90-49e76fed28ff"
    }
}
Fri 2026-05-01 12:48:02:     INFO [        _client:1758 - _send_single_request ] HTTP Request: GET https://api.ibkr.com/v1/api/iserver/marketdata/snapshot?conids=61228752&fields=31%2C86%2C84%2C88%2C85%2C7762%2C55%2C6008 "HTTP/1.1 200 OK"
Fri 2026-05-01 12:48:02:     INFO [     hub_server:192 -               worker ] WORKER: [Task c27b5528-9dc1-46f0-8c90-49e76fed28ff] Completed.
INFO:     96.126.109.155:37332 - "GET /hhub/v1/api/iserver/marketdata/snapshot?conids=61228752&fields=31,86,84,88,85,7762,55,6008 HTTP/1.1" 200 OK
Fri 2026-05-01 12:48:29:     INFO [        _client:1758 - _send_single_request ] HTTP Request: GET https://api.ibkr.com/v1/api/tickle "HTTP/1.1 200 OK"
Fri 2026-05-01 12:49:03:     INFO [     hub_server:289 -                relay ] RELAY: [Task ea264146-f285-4533-b285-f5b6c647e8dc] Adding to queue:
{
    "method": "GET",
    "url": "https://api.ibkr.com/v1/api/iserver/marketdata/snapshot",
    "params": {
        "conids": "61228752",
        "fields": "31,86,84,88,85,7762,55,6008"
    },
    "content": "",
    "headers": {
        "user-agent": "python-requests/2.31.0",
        "accept-encoding": "gzip, deflate",
        "accept": "*/*",
        "connection": "keep-alive",
        "X-Hub-Task-ID": "ea264146-f285-4533-b285-f5b6c647e8dc"
    }
}
Fri 2026-05-01 12:49:03:     INFO [        _client:1758 - _send_single_request ] HTTP Request: GET https://api.ibkr.com/v1/api/iserver/marketdata/snapshot?conids=61228752&fields=31%2C86%2C84%2C88%2C85%2C7762%2C55%2C6008 "HTTP/1.1 200 OK"
Fri 2026-05-01 12:49:03:     INFO [     hub_server:192 -               worker ] WORKER: [Task ea264146-f285-4533-b285-f5b6c647e8dc] Completed.
INFO:     96.126.109.155:42808 - "GET /hhub/v1/api/iserver/marketdata/snapshot?conids=61228752&fields=31,86,84,88,85,7762,55,6008 HTTP/1.1" 200 OK
Fri 2026-05-01 12:49:14:     INFO [        _client:1758 - _send_single_request ] HTTP Request: GET https://api.ibkr.com/v1/api/tickle "HTTP/1.1 200 OK"
Fri 2026-05-01 12:49:59:     INFO [        _client:1758 - _send_single_request ] HTTP Request: GET https://api.ibkr.com/v1/api/tickle "HTTP/1.1 200 OK"
Fri 2026-05-01 12:50:01:     INFO [     hub_server:289 -                relay ] RELAY: [Task 754183c3-2261-48d6-b405-0fe4cf85ef2a] Adding to queue:
{
    "method": "GET",
    "url": "https://api.ibkr.com/v1/api/iserver/marketdata/snapshot",
    "params": {
        "conids": "61228752",
        "fields": "31,86,84,88,85,7762,55,6008"
    },
    "content": "",
    "headers": {
        "user-agent": "python-requests/2.31.0",
        "accept-encoding": "gzip, deflate",
        "accept": "*/*",
        "connection": "keep-alive",
        "X-Hub-Task-ID": "754183c3-2261-48d6-b405-0fe4cf85ef2a"
    }
}
Fri 2026-05-01 12:50:01:     INFO [        _client:1758 - _send_single_request ] HTTP Request: GET https://api.ibkr.com/v1/api/iserver/marketdata/snapshot?conids=61228752&fields=31%2C86%2C84%2C88%2C85%2C7762%2C55%2C6008 "HTTP/1.1 200 OK"
Fri 2026-05-01 12:50:01:     INFO [     hub_server:192 -               worker ] WORKER: [Task 754183c3-2261-48d6-b405-0fe4cf85ef2a] Completed.
INFO:     96.126.109.155:50592 - "GET /hhub/v1/api/iserver/marketdata/snapshot?conids=61228752&fields=31,86,84,88,85,7762,55,6008 HTTP/1.1" 200 OK
Fri 2026-05-01 12:50:44:     INFO [        _client:1758 - _send_single_request ] HTTP Request: GET https://api.ibkr.com/v1/api/tickle "HTTP/1.1 200 OK"
Fri 2026-05-01 12:51:02:     INFO [     hub_server:289 -                relay ] RELAY: [Task 5857390d-eb0c-4f4f-a806-4b19e185ebd1] Adding to queue:
{
    "method": "GET",
    "url": "https://api.ibkr.com/v1/api/iserver/marketdata/snapshot",
    "params": {
        "conids": "61228752",
        "fields": "31,86,84,88,85,7762,55,6008"
    },
    "content": "",
    "headers": {
        "user-agent": "python-requests/2.31.0",
        "accept-encoding": "gzip, deflate",
        "accept": "*/*",
        "connection": "keep-alive",
        "X-Hub-Task-ID": "5857390d-eb0c-4f4f-a806-4b19e185ebd1"
    }
}
Fri 2026-05-01 12:51:02:     INFO [        _client:1758 - _send_single_request ] HTTP Request: GET https://api.ibkr.com/v1/api/iserver/marketdata/snapshot?conids=61228752&fields=31%2C86%2C84%2C88%2C85%2C7762%2C55%2C6008 "HTTP/1.1 200 OK"
Fri 2026-05-01 12:51:02:     INFO [     hub_server:192 -               worker ] WORKER: [Task 5857390d-eb0c-4f4f-a806-4b19e185ebd1] Completed.
INFO:     96.126.109.155:40936 - "GET /hhub/v1/api/iserver/marketdata/snapshot?conids=61228752&fields=31,86,84,88,85,7762,55,6008 HTTP/1.1" 200 OK
Fri 2026-05-01 12:51:29:     INFO [        _client:1758 - _send_single_request ] HTTP Request: GET https://api.ibkr.com/v1/api/tickle "HTTP/1.1 200 OK"
Fri 2026-05-01 12:52:02:     INFO [     hub_server:289 -                relay ] RELAY: [Task 76543656-56c2-48a6-adfd-b8977b95e560] Adding to queue:
{
    "method": "GET",
    "url": "https://api.ibkr.com/v1/api/iserver/marketdata/snapshot",
    "params": {
        "conids": "61228752",
        "fields": "31,86,84,88,85,7762,55,6008"
    },
    "content": "",
    "headers": {
        "user-agent": "python-requests/2.31.0",
        "accept-encoding": "gzip, deflate",
        "accept": "*/*",
        "connection": "keep-alive",
        "X-Hub-Task-ID": "76543656-56c2-48a6-adfd-b8977b95e560"
    }
}
Fri 2026-05-01 12:52:02:     INFO [        _client:1758 - _send_single_request ] HTTP Request: GET https://api.ibkr.com/v1/api/iserver/marketdata/snapshot?conids=61228752&fields=31%2C86%2C84%2C88%2C85%2C7762%2C55%2C6008 "HTTP/1.1 200 OK"
Fri 2026-05-01 12:52:02:     INFO [     hub_server:192 -               worker ] WORKER: [Task 76543656-56c2-48a6-adfd-b8977b95e560] Completed.
INFO:     96.126.109.155:53444 - "GET /hhub/v1/api/iserver/marketdata/snapshot?conids=61228752&fields=31,86,84,88,85,7762,55,6008 HTTP/1.1" 200 OK
Fri 2026-05-01 12:52:14:     INFO [        _client:1758 - _send_single_request ] HTTP Request: GET https://api.ibkr.com/v1/api/tickle "HTTP/1.1 200 OK"
Fri 2026-05-01 12:52:59:     INFO [        _client:1758 - _send_single_request ] HTTP Request: GET https://api.ibkr.com/v1/api/tickle "HTTP/1.1 200 OK"
Fri 2026-05-01 12:53:03:     INFO [     hub_server:289 -                relay ] RELAY: [Task cb718f9f-ccf2-4606-8500-61fa5589398e] Adding to queue:
{
    "method": "GET",
    "url": "https://api.ibkr.com/v1/api/iserver/marketdata/snapshot",
    "params": {
        "conids": "61228752",
        "fields": "31,86,84,88,85,7762,55,6008"
    },
    "content": "",
    "headers": {
        "user-agent": "python-requests/2.31.0",
        "accept-encoding": "gzip, deflate",
        "accept": "*/*",
        "connection": "keep-alive",
        "X-Hub-Task-ID": "cb718f9f-ccf2-4606-8500-61fa5589398e"
    }
}
Fri 2026-05-01 12:53:03:     INFO [        _client:1758 - _send_single_request ] HTTP Request: GET https://api.ibkr.com/v1/api/iserver/marketdata/snapshot?conids=61228752&fields=31%2C86%2C84%2C88%2C85%2C7762%2C55%2C6008 "HTTP/1.1 200 OK"
Fri 2026-05-01 12:53:03:     INFO [     hub_server:192 -               worker ] WORKER: [Task cb718f9f-ccf2-4606-8500-61fa5589398e] Completed.
INFO:     96.126.109.155:42322 - "GET /hhub/v1/api/iserver/marketdata/snapshot?conids=61228752&fields=31,86,84,88,85,7762,55,6008 HTTP/1.1" 200 OK
Fri 2026-05-01 12:53:45:     INFO [        _client:1758 - _send_single_request ] HTTP Request: GET https://api.ibkr.com/v1/api/tickle "HTTP/1.1 200 OK"
Fri 2026-05-01 12:54:00:     INFO [     hub_server:289 -                relay ] RELAY: [Task a8f21eb4-4269-4ac2-b759-60b0bfa12b3d] Adding to queue:
{
    "method": "GET",
    "url": "https://api.ibkr.com/v1/api/iserver/marketdata/snapshot",
    "params": {
        "conids": "61228752",
        "fields": "31,86,84,88,85,7762,55,6008"
    },
    "content": "",
    "headers": {
        "user-agent": "python-requests/2.31.0",
        "accept-encoding": "gzip, deflate",
        "accept": "*/*",
        "connection": "keep-alive",
        "X-Hub-Task-ID": "a8f21eb4-4269-4ac2-b759-60b0bfa12b3d"
    }
}
Fri 2026-05-01 12:54:00:     INFO [        _client:1758 - _send_single_request ] HTTP Request: GET https://api.ibkr.com/v1/api/iserver/marketdata/snapshot?conids=61228752&fields=31%2C86%2C84%2C88%2C85%2C7762%2C55%2C6008 "HTTP/1.1 200 OK"
Fri 2026-05-01 12:54:00:     INFO [     hub_server:192 -               worker ] WORKER: [Task a8f21eb4-4269-4ac2-b759-60b0bfa12b3d] Completed.
INFO:     96.126.109.155:43864 - "GET /hhub/v1/api/iserver/marketdata/snapshot?conids=61228752&fields=31,86,84,88,85,7762,55,6008 HTTP/1.1" 200 OK
Fri 2026-05-01 12:54:30:     INFO [        _client:1758 - _send_single_request ] HTTP Request: GET https://api.ibkr.com/v1/api/tickle "HTTP/1.1 200 OK"
Fri 2026-05-01 12:55:01:     INFO [     hub_server:289 -                relay ] RELAY: [Task 3831bff7-3646-45b8-8933-d63b866adc01] Adding to queue:
{
    "method": "GET",
    "url": "https://api.ibkr.com/v1/api/iserver/marketdata/snapshot",
    "params": {
        "conids": "61228752",
        "fields": "31,86,84,88,85,7762,55,6008"
    },
    "content": "",
    "headers": {
        "user-agent": "python-requests/2.31.0",
        "accept-encoding": "gzip, deflate",
        "accept": "*/*",
        "connection": "keep-alive",
        "X-Hub-Task-ID": "3831bff7-3646-45b8-8933-d63b866adc01"
    }
}
Fri 2026-05-01 12:55:01:     INFO [        _client:1758 - _send_single_request ] HTTP Request: GET https://api.ibkr.com/v1/api/iserver/marketdata/snapshot?conids=61228752&fields=31%2C86%2C84%2C88%2C85%2C7762%2C55%2C6008 "HTTP/1.1 200 OK"
Fri 2026-05-01 12:55:01:     INFO [     hub_server:192 -               worker ] WORKER: [Task 3831bff7-3646-45b8-8933-d63b866adc01] Completed.
INFO:     96.126.109.155:47274 - "GET /hhub/v1/api/iserver/marketdata/snapshot?conids=61228752&fields=31,86,84,88,85,7762,55,6008 HTTP/1.1" 200 OK
Fri 2026-05-01 12:55:15:     INFO [        _client:1758 - _send_single_request ] HTTP Request: GET https://api.ibkr.com/v1/api/tickle "HTTP/1.1 200 OK"
Fri 2026-05-01 12:56:00:     INFO [        _client:1758 - _send_single_request ] HTTP Request: GET https://api.ibkr.com/v1/api/tickle "HTTP/1.1 200 OK"
Fri 2026-05-01 12:56:01:     INFO [     hub_server:289 -                relay ] RELAY: [Task 1e0ca8f5-1107-4e44-b468-6dd0e37d9a7b] Adding to queue:
{
    "method": "GET",
    "url": "https://api.ibkr.com/v1/api/iserver/marketdata/snapshot",
    "params": {
        "conids": "61228752",
        "fields": "31,86,84,88,85,7762,55,6008"
    },
    "content": "",
    "headers": {
        "user-agent": "python-requests/2.31.0",
        "accept-encoding": "gzip, deflate",
        "accept": "*/*",
        "connection": "keep-alive",
        "X-Hub-Task-ID": "1e0ca8f5-1107-4e44-b468-6dd0e37d9a7b"
    }
}
Fri 2026-05-01 12:56:01:     INFO [        _client:1758 - _send_single_request ] HTTP Request: GET https://api.ibkr.com/v1/api/iserver/marketdata/snapshot?conids=61228752&fields=31%2C86%2C84%2C88%2C85%2C7762%2C55%2C6008 "HTTP/1.1 200 OK"
Fri 2026-05-01 12:56:01:     INFO [     hub_server:192 -               worker ] WORKER: [Task 1e0ca8f5-1107-4e44-b468-6dd0e37d9a7b] Completed.
INFO:     96.126.109.155:54498 - "GET /hhub/v1/api/iserver/marketdata/snapshot?conids=61228752&fields=31,86,84,88,85,7762,55,6008 HTTP/1.1" 200 OK
Fri 2026-05-01 12:56:45:     INFO [        _client:1758 - _send_single_request ] HTTP Request: GET https://api.ibkr.com/v1/api/tickle "HTTP/1.1 200 OK"
Fri 2026-05-01 12:57:02:     INFO [     hub_server:289 -                relay ] RELAY: [Task 57f8f4cd-ea20-4128-a8ad-c556e3fd7c4b] Adding to queue:
{
    "method": "GET",
    "url": "https://api.ibkr.com/v1/api/iserver/marketdata/snapshot",
    "params": {
        "conids": "61228752",
        "fields": "31,86,84,88,85,7762,55,6008"
    },
    "content": "",
    "headers": {
        "user-agent": "python-requests/2.31.0",
        "accept-encoding": "gzip, deflate",
        "accept": "*/*",
        "connection": "keep-alive",
        "X-Hub-Task-ID": "57f8f4cd-ea20-4128-a8ad-c556e3fd7c4b"
    }
}
Fri 2026-05-01 12:57:02:     INFO [        _client:1758 - _send_single_request ] HTTP Request: GET https://api.ibkr.com/v1/api/iserver/marketdata/snapshot?conids=61228752&fields=31%2C86%2C84%2C88%2C85%2C7762%2C55%2C6008 "HTTP/1.1 200 OK"
Fri 2026-05-01 12:57:02:     INFO [     hub_server:192 -               worker ] WORKER: [Task 57f8f4cd-ea20-4128-a8ad-c556e3fd7c4b] Completed.
INFO:     96.126.109.155:58068 - "GET /hhub/v1/api/iserver/marketdata/snapshot?conids=61228752&fields=31,86,84,88,85,7762,55,6008 HTTP/1.1" 200 OK
Fri 2026-05-01 12:57:30:     INFO [        _client:1758 - _send_single_request ] HTTP Request: GET https://api.ibkr.com/v1/api/tickle "HTTP/1.1 200 OK"
Fri 2026-05-01 12:58:03:     INFO [     hub_server:289 -                relay ] RELAY: [Task 0586ad24-380d-47e9-884e-49dca472d3c8] Adding to queue:
{
    "method": "GET",
    "url": "https://api.ibkr.com/v1/api/iserver/marketdata/snapshot",
    "params": {
        "conids": "61228752",
        "fields": "31,86,84,88,85,7762,55,6008"
    },
    "content": "",
    "headers": {
        "user-agent": "python-requests/2.31.0",
        "accept-encoding": "gzip, deflate",
        "accept": "*/*",
        "connection": "keep-alive",
        "X-Hub-Task-ID": "0586ad24-380d-47e9-884e-49dca472d3c8"
    }
}
Fri 2026-05-01 12:58:03:     INFO [        _client:1758 - _send_single_request ] HTTP Request: GET https://api.ibkr.com/v1/api/iserver/marketdata/snapshot?conids=61228752&fields=31%2C86%2C84%2C88%2C85%2C7762%2C55%2C6008 "HTTP/1.1 200 OK"
Fri 2026-05-01 12:58:03:     INFO [     hub_server:192 -               worker ] WORKER: [Task 0586ad24-380d-47e9-884e-49dca472d3c8] Completed.
INFO:     96.126.109.155:60358 - "GET /hhub/v1/api/iserver/marketdata/snapshot?conids=61228752&fields=31,86,84,88,85,7762,55,6008 HTTP/1.1" 200 OK
Fri 2026-05-01 12:58:15:     INFO [        _client:1758 - _send_single_request ] HTTP Request: GET https://api.ibkr.com/v1/api/tickle "HTTP/1.1 200 OK"
Fri 2026-05-01 12:59:00:     INFO [        _client:1758 - _send_single_request ] HTTP Request: GET https://api.ibkr.com/v1/api/tickle "HTTP/1.1 200 OK"
Fri 2026-05-01 12:59:00:     INFO [     hub_server:289 -                relay ] RELAY: [Task b5ae0b86-c4bc-4c0d-b4ec-a625e22741eb] Adding to queue:
{
    "method": "GET",
    "url": "https://api.ibkr.com/v1/api/iserver/marketdata/snapshot",
    "params": {
        "conids": "61228752",
        "fields": "31,86,84,88,85,7762,55,6008"
    },
    "content": "",
    "headers": {
        "user-agent": "python-requests/2.31.0",
        "accept-encoding": "gzip, deflate",
        "accept": "*/*",
        "connection": "keep-alive",
        "X-Hub-Task-ID": "b5ae0b86-c4bc-4c0d-b4ec-a625e22741eb"
    }
}
Fri 2026-05-01 12:59:00:     INFO [        _client:1758 - _send_single_request ] HTTP Request: GET https://api.ibkr.com/v1/api/iserver/marketdata/snapshot?conids=61228752&fields=31%2C86%2C84%2C88%2C85%2C7762%2C55%2C6008 "HTTP/1.1 200 OK"
Fri 2026-05-01 12:59:00:     INFO [     hub_server:192 -               worker ] WORKER: [Task b5ae0b86-c4bc-4c0d-b4ec-a625e22741eb] Completed.
INFO:     96.126.109.155:54392 - "GET /hhub/v1/api/iserver/marketdata/snapshot?conids=61228752&fields=31,86,84,88,85,7762,55,6008 HTTP/1.1" 200 OK
Fri 2026-05-01 12:59:45:     INFO [        _client:1758 - _send_single_request ] HTTP Request: GET https://api.ibkr.com/v1/api/tickle "HTTP/1.1 200 OK"
Fri 2026-05-01 13:00:01:     INFO [     hub_server:289 -                relay ] RELAY: [Task 0afe9071-0ac6-4d32-8ec8-bbf3f3dc2be8] Adding to queue:
{
    "method": "GET",
    "url": "https://api.ibkr.com/v1/api/iserver/marketdata/snapshot",
    "params": {
        "conids": "61228752",
        "fields": "31,86,84,88,85,7762,55,6008"
    },
    "content": "",
    "headers": {
        "user-agent": "python-requests/2.31.0",
        "accept-encoding": "gzip, deflate",
        "accept": "*/*",
        "connection": "keep-alive",
        "X-Hub-Task-ID": "0afe9071-0ac6-4d32-8ec8-bbf3f3dc2be8"
    }
}
Fri 2026-05-01 13:00:01:     INFO [        _client:1758 - _send_single_request ] HTTP Request: GET https://api.ibkr.com/v1/api/iserver/marketdata/snapshot?conids=61228752&fields=31%2C86%2C84%2C88%2C85%2C7762%2C55%2C6008 "HTTP/1.1 200 OK"
Fri 2026-05-01 13:00:01:     INFO [     hub_server:192 -               worker ] WORKER: [Task 0afe9071-0ac6-4d32-8ec8-bbf3f3dc2be8] Completed.
INFO:     96.126.109.155:56938 - "GET /hhub/v1/api/iserver/marketdata/snapshot?conids=61228752&fields=31,86,84,88,85,7762,55,6008 HTTP/1.1" 200 OK
Fri 2026-05-01 13:00:30:     INFO [        _client:1758 - _send_single_request ] HTTP Request: GET https://api.ibkr.com/v1/api/tickle "HTTP/1.1 200 OK"
Fri 2026-05-01 13:01:02:     INFO [     hub_server:289 -                relay ] RELAY: [Task e8cd17c0-02b0-43ec-9b04-b8e834f28d6c] Adding to queue:
{
    "method": "GET",
    "url": "https://api.ibkr.com/v1/api/iserver/marketdata/snapshot",
    "params": {
        "conids": "61228752",
        "fields": "31,86,84,88,85,7762,55,6008"
    },
    "content": "",
    "headers": {
        "user-agent": "python-requests/2.31.0",
        "accept-encoding": "gzip, deflate",
        "accept": "*/*",
        "connection": "keep-alive",
        "X-Hub-Task-ID": "e8cd17c0-02b0-43ec-9b04-b8e834f28d6c"
    }
}
Fri 2026-05-01 13:01:02:     INFO [        _client:1758 - _send_single_request ] HTTP Request: GET https://api.ibkr.com/v1/api/iserver/marketdata/snapshot?conids=61228752&fields=31%2C86%2C84%2C88%2C85%2C7762%2C55%2C6008 "HTTP/1.1 200 OK"
Fri 2026-05-01 13:01:02:     INFO [     hub_server:192 -               worker ] WORKER: [Task e8cd17c0-02b0-43ec-9b04-b8e834f28d6c] Completed.
INFO:     96.126.109.155:54344 - "GET /hhub/v1/api/iserver/marketdata/snapshot?conids=61228752&fields=31,86,84,88,85,7762,55,6008 HTTP/1.1" 200 OK
Fri 2026-05-01 13:01:15:     INFO [        _client:1758 - _send_single_request ] HTTP Request: GET https://api.ibkr.com/v1/api/tickle "HTTP/1.1 200 OK"
Fri 2026-05-01 13:02:00:     INFO [        _client:1758 - _send_single_request ] HTTP Request: GET https://api.ibkr.com/v1/api/tickle "HTTP/1.1 200 OK"
Fri 2026-05-01 13:02:03:     INFO [     hub_server:289 -                relay ] RELAY: [Task fc645dd8-43a2-4f5c-811b-7c66bc0cca5a] Adding to queue:
{
    "method": "GET",
    "url": "https://api.ibkr.com/v1/api/iserver/marketdata/snapshot",
    "params": {
        "conids": "61228752",
        "fields": "31,86,84,88,85,7762,55,6008"
    },
    "content": "",
    "headers": {
        "user-agent": "python-requests/2.31.0",
        "accept-encoding": "gzip, deflate",
        "accept": "*/*",
        "connection": "keep-alive",
        "X-Hub-Task-ID": "fc645dd8-43a2-4f5c-811b-7c66bc0cca5a"
    }
}
Fri 2026-05-01 13:02:03:     INFO [        _client:1758 - _send_single_request ] HTTP Request: GET https://api.ibkr.com/v1/api/iserver/marketdata/snapshot?conids=61228752&fields=31%2C86%2C84%2C88%2C85%2C7762%2C55%2C6008 "HTTP/1.1 200 OK"
Fri 2026-05-01 13:02:03:     INFO [     hub_server:192 -               worker ] WORKER: [Task fc645dd8-43a2-4f5c-811b-7c66bc0cca5a] Completed.
INFO:     96.126.109.155:56150 - "GET /hhub/v1/api/iserver/marketdata/snapshot?conids=61228752&fields=31,86,84,88,85,7762,55,6008 HTTP/1.1" 200 OK
Fri 2026-05-01 13:02:45:     INFO [        _client:1758 - _send_single_request ] HTTP Request: GET https://api.ibkr.com/v1/api/tickle "HTTP/1.1 200 OK"
Fri 2026-05-01 13:03:00:     INFO [     hub_server:289 -                relay ] RELAY: [Task e4f3328f-2afd-45de-b940-4cec216f8fc5] Adding to queue:
{
    "method": "GET",
    "url": "https://api.ibkr.com/v1/api/iserver/marketdata/snapshot",
    "params": {
        "conids": "61228752",
        "fields": "31,86,84,88,85,7762,55,6008"
    },
    "content": "",
    "headers": {
        "user-agent": "python-requests/2.31.0",
        "accept-encoding": "gzip, deflate",
        "accept": "*/*",
        "connection": "keep-alive",
        "X-Hub-Task-ID": "e4f3328f-2afd-45de-b940-4cec216f8fc5"
    }
}
Fri 2026-05-01 13:03:01:     INFO [        _client:1758 - _send_single_request ] HTTP Request: GET https://api.ibkr.com/v1/api/iserver/marketdata/snapshot?conids=61228752&fields=31%2C86%2C84%2C88%2C85%2C7762%2C55%2C6008 "HTTP/1.1 200 OK"
Fri 2026-05-01 13:03:01:     INFO [     hub_server:192 -               worker ] WORKER: [Task e4f3328f-2afd-45de-b940-4cec216f8fc5] Completed.
INFO:     96.126.109.155:42568 - "GET /hhub/v1/api/iserver/marketdata/snapshot?conids=61228752&fields=31,86,84,88,85,7762,55,6008 HTTP/1.1" 200 OK
Fri 2026-05-01 13:03:31:     INFO [        _client:1758 - _send_single_request ] HTTP Request: GET https://api.ibkr.com/v1/api/tickle "HTTP/1.1 200 OK"
Fri 2026-05-01 13:04:02:     INFO [     hub_server:289 -                relay ] RELAY: [Task 0e158f11-3958-4dcb-af2e-02586162c47e] Adding to queue:
{
    "method": "GET",
    "url": "https://api.ibkr.com/v1/api/iserver/marketdata/snapshot",
    "params": {
        "conids": "61228752",
        "fields": "31,86,84,88,85,7762,55,6008"
    },
    "content": "",
    "headers": {
        "user-agent": "python-requests/2.31.0",
        "accept-encoding": "gzip, deflate",
        "accept": "*/*",
        "connection": "keep-alive",
        "X-Hub-Task-ID": "0e158f11-3958-4dcb-af2e-02586162c47e"
    }
}
Fri 2026-05-01 13:04:02:     INFO [        _client:1758 - _send_single_request ] HTTP Request: GET https://api.ibkr.com/v1/api/iserver/marketdata/snapshot?conids=61228752&fields=31%2C86%2C84%2C88%2C85%2C7762%2C55%2C6008 "HTTP/1.1 200 OK"
Fri 2026-05-01 13:04:02:     INFO [     hub_server:192 -               worker ] WORKER: [Task 0e158f11-3958-4dcb-af2e-02586162c47e] Completed.
INFO:     96.126.109.155:44446 - "GET /hhub/v1/api/iserver/marketdata/snapshot?conids=61228752&fields=31,86,84,88,85,7762,55,6008 HTTP/1.1" 200 OK
Fri 2026-05-01 13:04:16:     INFO [        _client:1758 - _send_single_request ] HTTP Request: GET https://api.ibkr.com/v1/api/tickle "HTTP/1.1 200 OK"
Fri 2026-05-01 13:05:01:     INFO [        _client:1758 - _send_single_request ] HTTP Request: GET https://api.ibkr.com/v1/api/tickle "HTTP/1.1 200 OK"
Fri 2026-05-01 13:05:02:     INFO [     hub_server:289 -                relay ] RELAY: [Task cca21171-3d4c-4868-86f8-eec3cb3aed08] Adding to queue:
{
    "method": "GET",
    "url": "https://api.ibkr.com/v1/api/iserver/marketdata/snapshot",
    "params": {
        "conids": "61228752",
        "fields": "31,86,84,88,85,7762,55,6008"
    },
    "content": "",
    "headers": {
        "user-agent": "python-requests/2.31.0",
        "accept-encoding": "gzip, deflate",
        "accept": "*/*",
        "connection": "keep-alive",
        "X-Hub-Task-ID": "cca21171-3d4c-4868-86f8-eec3cb3aed08"
    }
}
Fri 2026-05-01 13:05:03:     INFO [        _client:1758 - _send_single_request ] HTTP Request: GET https://api.ibkr.com/v1/api/iserver/marketdata/snapshot?conids=61228752&fields=31%2C86%2C84%2C88%2C85%2C7762%2C55%2C6008 "HTTP/1.1 200 OK"
Fri 2026-05-01 13:05:03:     INFO [     hub_server:192 -               worker ] WORKER: [Task cca21171-3d4c-4868-86f8-eec3cb3aed08] Completed.
INFO:     96.126.109.155:44084 - "GET /hhub/v1/api/iserver/marketdata/snapshot?conids=61228752&fields=31,86,84,88,85,7762,55,6008 HTTP/1.1" 200 OK
Fri 2026-05-01 13:05:46:     INFO [        _client:1758 - _send_single_request ] HTTP Request: GET https://api.ibkr.com/v1/api/tickle "HTTP/1.1 200 OK"
Fri 2026-05-01 13:06:00:     INFO [     hub_server:289 -                relay ] RELAY: [Task 3c46dc40-2396-4fd9-bc11-ba9812b125c6] Adding to queue:
{
    "method": "GET",
    "url": "https://api.ibkr.com/v1/api/iserver/marketdata/snapshot",
    "params": {
        "conids": "61228752",
        "fields": "31,86,84,88,85,7762,55,6008"
    },
    "content": "",
    "headers": {
        "user-agent": "python-requests/2.31.0",
        "accept-encoding": "gzip, deflate",
        "accept": "*/*",
        "connection": "keep-alive",
        "X-Hub-Task-ID": "3c46dc40-2396-4fd9-bc11-ba9812b125c6"
    }
}
Fri 2026-05-01 13:06:00:     INFO [        _client:1758 - _send_single_request ] HTTP Request: GET https://api.ibkr.com/v1/api/iserver/marketdata/snapshot?conids=61228752&fields=31%2C86%2C84%2C88%2C85%2C7762%2C55%2C6008 "HTTP/1.1 200 OK"
Fri 2026-05-01 13:06:00:     INFO [     hub_server:192 -               worker ] WORKER: [Task 3c46dc40-2396-4fd9-bc11-ba9812b125c6] Completed.
INFO:     96.126.109.155:54728 - "GET /hhub/v1/api/iserver/marketdata/snapshot?conids=61228752&fields=31,86,84,88,85,7762,55,6008 HTTP/1.1" 200 OK
Fri 2026-05-01 13:06:31:     INFO [        _client:1758 - _send_single_request ] HTTP Request: GET https://api.ibkr.com/v1/api/tickle "HTTP/1.1 200 OK"
Fri 2026-05-01 13:07:01:     INFO [     hub_server:289 -                relay ] RELAY: [Task 66bbeef9-090e-4e06-9c03-4a1280e4d844] Adding to queue:
{
    "method": "GET",
    "url": "https://api.ibkr.com/v1/api/iserver/marketdata/snapshot",
    "params": {
        "conids": "61228752",
        "fields": "31,86,84,88,85,7762,55,6008"
    },
    "content": "",
    "headers": {
        "user-agent": "python-requests/2.31.0",
        "accept-encoding": "gzip, deflate",
        "accept": "*/*",
        "connection": "keep-alive",
        "X-Hub-Task-ID": "66bbeef9-090e-4e06-9c03-4a1280e4d844"
    }
}
Fri 2026-05-01 13:07:01:     INFO [        _client:1758 - _send_single_request ] HTTP Request: GET https://api.ibkr.com/v1/api/iserver/marketdata/snapshot?conids=61228752&fields=31%2C86%2C84%2C88%2C85%2C7762%2C55%2C6008 "HTTP/1.1 200 OK"
Fri 2026-05-01 13:07:01:     INFO [     hub_server:192 -               worker ] WORKER: [Task 66bbeef9-090e-4e06-9c03-4a1280e4d844] Completed.
INFO:     96.126.109.155:54754 - "GET /hhub/v1/api/iserver/marketdata/snapshot?conids=61228752&fields=31,86,84,88,85,7762,55,6008 HTTP/1.1" 200 OK
Fri 2026-05-01 13:07:16:     INFO [        _client:1758 - _send_single_request ] HTTP Request: GET https://api.ibkr.com/v1/api/tickle "HTTP/1.1 200 OK"
Fri 2026-05-01 13:08:01:     INFO [        _client:1758 - _send_single_request ] HTTP Request: GET https://api.ibkr.com/v1/api/tickle "HTTP/1.1 200 OK"
Fri 2026-05-01 13:08:02:     INFO [     hub_server:289 -                relay ] RELAY: [Task 302942c4-c592-4212-a4fa-dbb326f86c7a] Adding to queue:
{
    "method": "GET",
    "url": "https://api.ibkr.com/v1/api/iserver/marketdata/snapshot",
    "params": {
        "conids": "61228752",
        "fields": "31,86,84,88,85,7762,55,6008"
    },
    "content": "",
    "headers": {
        "user-agent": "python-requests/2.31.0",
        "accept-encoding": "gzip, deflate",
        "accept": "*/*",
        "connection": "keep-alive",
        "X-Hub-Task-ID": "302942c4-c592-4212-a4fa-dbb326f86c7a"
    }
}
Fri 2026-05-01 13:08:02:     INFO [        _client:1758 - _send_single_request ] HTTP Request: GET https://api.ibkr.com/v1/api/iserver/marketdata/snapshot?conids=61228752&fields=31%2C86%2C84%2C88%2C85%2C7762%2C55%2C6008 "HTTP/1.1 200 OK"
Fri 2026-05-01 13:08:02:     INFO [     hub_server:192 -               worker ] WORKER: [Task 302942c4-c592-4212-a4fa-dbb326f86c7a] Completed.
INFO:     96.126.109.155:53018 - "GET /hhub/v1/api/iserver/marketdata/snapshot?conids=61228752&fields=31,86,84,88,85,7762,55,6008 HTTP/1.1" 200 OK
Fri 2026-05-01 13:08:46:     INFO [        _client:1758 - _send_single_request ] HTTP Request: GET https://api.ibkr.com/v1/api/tickle "HTTP/1.1 200 OK"
Fri 2026-05-01 13:09:02:     INFO [     hub_server:289 -                relay ] RELAY: [Task 06218405-70ea-4fd7-a26d-ed120e8727fa] Adding to queue:
{
    "method": "GET",
    "url": "https://api.ibkr.com/v1/api/iserver/marketdata/snapshot",
    "params": {
        "conids": "61228752",
        "fields": "31,86,84,88,85,7762,55,6008"
    },
    "content": "",
    "headers": {
        "user-agent": "python-requests/2.31.0",
        "accept-encoding": "gzip, deflate",
        "accept": "*/*",
        "connection": "keep-alive",
        "X-Hub-Task-ID": "06218405-70ea-4fd7-a26d-ed120e8727fa"
    }
}
Fri 2026-05-01 13:09:03:     INFO [        _client:1758 - _send_single_request ] HTTP Request: GET https://api.ibkr.com/v1/api/iserver/marketdata/snapshot?conids=61228752&fields=31%2C86%2C84%2C88%2C85%2C7762%2C55%2C6008 "HTTP/1.1 200 OK"
Fri 2026-05-01 13:09:03:     INFO [     hub_server:192 -               worker ] WORKER: [Task 06218405-70ea-4fd7-a26d-ed120e8727fa] Completed.
INFO:     96.126.109.155:42604 - "GET /hhub/v1/api/iserver/marketdata/snapshot?conids=61228752&fields=31,86,84,88,85,7762,55,6008 HTTP/1.1" 200 OK
Fri 2026-05-01 13:09:31:     INFO [        _client:1758 - _send_single_request ] HTTP Request: GET https://api.ibkr.com/v1/api/tickle "HTTP/1.1 200 OK"
Fri 2026-05-01 13:10:00:     INFO [     hub_server:289 -                relay ] RELAY: [Task 827d1d17-6e83-4b2d-8abc-e79438fa65fb] Adding to queue:
{
    "method": "GET",
    "url": "https://api.ibkr.com/v1/api/iserver/marketdata/snapshot",
    "params": {
        "conids": "61228752",
        "fields": "31,86,84,88,85,7762,55,6008"
    },
    "content": "",
    "headers": {
        "user-agent": "python-requests/2.31.0",
        "accept-encoding": "gzip, deflate",
        "accept": "*/*",
        "connection": "keep-alive",
        "X-Hub-Task-ID": "827d1d17-6e83-4b2d-8abc-e79438fa65fb"
    }
}
Fri 2026-05-01 13:10:00:     INFO [        _client:1758 - _send_single_request ] HTTP Request: GET https://api.ibkr.com/v1/api/iserver/marketdata/snapshot?conids=61228752&fields=31%2C86%2C84%2C88%2C85%2C7762%2C55%2C6008 "HTTP/1.1 200 OK"
Fri 2026-05-01 13:10:00:     INFO [     hub_server:192 -               worker ] WORKER: [Task 827d1d17-6e83-4b2d-8abc-e79438fa65fb] Completed.
INFO:     96.126.109.155:56516 - "GET /hhub/v1/api/iserver/marketdata/snapshot?conids=61228752&fields=31,86,84,88,85,7762,55,6008 HTTP/1.1" 200 OK
Fri 2026-05-01 13:10:17:     INFO [        _client:1758 - _send_single_request ] HTTP Request: GET https://api.ibkr.com/v1/api/tickle "HTTP/1.1 200 OK"
Fri 2026-05-01 13:11:01:     INFO [     hub_server:289 -                relay ] RELAY: [Task ee35f0fa-1414-4f1f-b9d3-35d5d5863fa8] Adding to queue:
{
    "method": "GET",
    "url": "https://api.ibkr.com/v1/api/iserver/marketdata/snapshot",
    "params": {
        "conids": "61228752",
        "fields": "31,86,84,88,85,7762,55,6008"
    },
    "content": "",
    "headers": {
        "user-agent": "python-requests/2.31.0",
        "accept-encoding": "gzip, deflate",
        "accept": "*/*",
        "connection": "keep-alive",
        "X-Hub-Task-ID": "ee35f0fa-1414-4f1f-b9d3-35d5d5863fa8"
    }
}
Fri 2026-05-01 13:11:01:     INFO [        _client:1758 - _send_single_request ] HTTP Request: GET https://api.ibkr.com/v1/api/iserver/marketdata/snapshot?conids=61228752&fields=31%2C86%2C84%2C88%2C85%2C7762%2C55%2C6008 "HTTP/1.1 200 OK"
Fri 2026-05-01 13:11:01:     INFO [     hub_server:192 -               worker ] WORKER: [Task ee35f0fa-1414-4f1f-b9d3-35d5d5863fa8] Completed.
INFO:     96.126.109.155:55770 - "GET /hhub/v1/api/iserver/marketdata/snapshot?conids=61228752&fields=31,86,84,88,85,7762,55,6008 HTTP/1.1" 200 OK
Fri 2026-05-01 13:11:02:     INFO [        _client:1758 - _send_single_request ] HTTP Request: GET https://api.ibkr.com/v1/api/tickle "HTTP/1.1 200 OK"
Fri 2026-05-01 13:11:47:     INFO [        _client:1758 - _send_single_request ] HTTP Request: GET https://api.ibkr.com/v1/api/tickle "HTTP/1.1 200 OK"
Fri 2026-05-01 13:12:01:     INFO [     hub_server:289 -                relay ] RELAY: [Task 269ccaa0-6b85-4b03-9148-cfbd8198b98b] Adding to queue:
{
    "method": "GET",
    "url": "https://api.ibkr.com/v1/api/iserver/marketdata/snapshot",
    "params": {
        "conids": "61228752",
        "fields": "31,86,84,88,85,7762,55,6008"
    },
    "content": "",
    "headers": {
        "user-agent": "python-requests/2.31.0",
        "accept-encoding": "gzip, deflate",
        "accept": "*/*",
        "connection": "keep-alive",
        "X-Hub-Task-ID": "269ccaa0-6b85-4b03-9148-cfbd8198b98b"
    }
}
Fri 2026-05-01 13:12:01:     INFO [        _client:1758 - _send_single_request ] HTTP Request: GET https://api.ibkr.com/v1/api/iserver/marketdata/snapshot?conids=61228752&fields=31%2C86%2C84%2C88%2C85%2C7762%2C55%2C6008 "HTTP/1.1 200 OK"
Fri 2026-05-01 13:12:01:     INFO [     hub_server:192 -               worker ] WORKER: [Task 269ccaa0-6b85-4b03-9148-cfbd8198b98b] Completed.
INFO:     96.126.109.155:46970 - "GET /hhub/v1/api/iserver/marketdata/snapshot?conids=61228752&fields=31,86,84,88,85,7762,55,6008 HTTP/1.1" 200 OK
Fri 2026-05-01 13:12:32:     INFO [        _client:1758 - _send_single_request ] HTTP Request: GET https://api.ibkr.com/v1/api/tickle "HTTP/1.1 200 OK"
Fri 2026-05-01 13:13:02:     INFO [     hub_server:289 -                relay ] RELAY: [Task 507f98bc-ceca-46df-bdc9-cd9d3dd8842b] Adding to queue:
{
    "method": "GET",
    "url": "https://api.ibkr.com/v1/api/iserver/marketdata/snapshot",
    "params": {
        "conids": "61228752",
        "fields": "31,86,84,88,85,7762,55,6008"
    },
    "content": "",
    "headers": {
        "user-agent": "python-requests/2.31.0",
        "accept-encoding": "gzip, deflate",
        "accept": "*/*",
        "connection": "keep-alive",
        "X-Hub-Task-ID": "507f98bc-ceca-46df-bdc9-cd9d3dd8842b"
    }
}
Fri 2026-05-01 13:13:02:     INFO [        _client:1758 - _send_single_request ] HTTP Request: GET https://api.ibkr.com/v1/api/iserver/marketdata/snapshot?conids=61228752&fields=31%2C86%2C84%2C88%2C85%2C7762%2C55%2C6008 "HTTP/1.1 200 OK"
Fri 2026-05-01 13:13:02:     INFO [     hub_server:192 -               worker ] WORKER: [Task 507f98bc-ceca-46df-bdc9-cd9d3dd8842b] Completed.
INFO:     96.126.109.155:41334 - "GET /hhub/v1/api/iserver/marketdata/snapshot?conids=61228752&fields=31,86,84,88,85,7762,55,6008 HTTP/1.1" 200 OK
Fri 2026-05-01 13:13:17:     INFO [        _client:1758 - _send_single_request ] HTTP Request: GET https://api.ibkr.com/v1/api/tickle "HTTP/1.1 200 OK"
Fri 2026-05-01 13:14:02:     INFO [        _client:1758 - _send_single_request ] HTTP Request: GET https://api.ibkr.com/v1/api/tickle "HTTP/1.1 200 OK"
Fri 2026-05-01 13:14:03:     INFO [     hub_server:289 -                relay ] RELAY: [Task de5bd0e0-49c4-41b1-9869-be502eba2f5b] Adding to queue:
{
    "method": "GET",
    "url": "https://api.ibkr.com/v1/api/iserver/marketdata/snapshot",
    "params": {
        "conids": "61228752",
        "fields": "31,86,84,88,85,7762,55,6008"
    },
    "content": "",
    "headers": {
        "user-agent": "python-requests/2.31.0",
        "accept-encoding": "gzip, deflate",
        "accept": "*/*",
        "connection": "keep-alive",
        "X-Hub-Task-ID": "de5bd0e0-49c4-41b1-9869-be502eba2f5b"
    }
}
Fri 2026-05-01 13:14:03:     INFO [        _client:1758 - _send_single_request ] HTTP Request: GET https://api.ibkr.com/v1/api/iserver/marketdata/snapshot?conids=61228752&fields=31%2C86%2C84%2C88%2C85%2C7762%2C55%2C6008 "HTTP/1.1 200 OK"
Fri 2026-05-01 13:14:03:     INFO [     hub_server:192 -               worker ] WORKER: [Task de5bd0e0-49c4-41b1-9869-be502eba2f5b] Completed.
INFO:     96.126.109.155:54342 - "GET /hhub/v1/api/iserver/marketdata/snapshot?conids=61228752&fields=31,86,84,88,85,7762,55,6008 HTTP/1.1" 200 OK
Fri 2026-05-01 13:14:47:     INFO [        _client:1758 - _send_single_request ] HTTP Request: GET https://api.ibkr.com/v1/api/tickle "HTTP/1.1 200 OK"
Fri 2026-05-01 13:15:00:     INFO [     hub_server:289 -                relay ] RELAY: [Task 0b1ba034-0334-46e6-9ff5-b8487e79c052] Adding to queue:
{
    "method": "GET",
    "url": "https://api.ibkr.com/v1/api/iserver/marketdata/snapshot",
    "params": {
        "conids": "61228752",
        "fields": "31,86,84,88,85,7762,55,6008"
    },
    "content": "",
    "headers": {
        "user-agent": "python-requests/2.31.0",
        "accept-encoding": "gzip, deflate",
        "accept": "*/*",
        "connection": "keep-alive",
        "X-Hub-Task-ID": "0b1ba034-0334-46e6-9ff5-b8487e79c052"
    }
}
Fri 2026-05-01 13:15:00:     INFO [        _client:1758 - _send_single_request ] HTTP Request: GET https://api.ibkr.com/v1/api/iserver/marketdata/snapshot?conids=61228752&fields=31%2C86%2C84%2C88%2C85%2C7762%2C55%2C6008 "HTTP/1.1 200 OK"
Fri 2026-05-01 13:15:00:     INFO [     hub_server:192 -               worker ] WORKER: [Task 0b1ba034-0334-46e6-9ff5-b8487e79c052] Completed.
INFO:     96.126.109.155:34736 - "GET /hhub/v1/api/iserver/marketdata/snapshot?conids=61228752&fields=31,86,84,88,85,7762,55,6008 HTTP/1.1" 200 OK
Fri 2026-05-01 13:15:32:     INFO [        _client:1758 - _send_single_request ] HTTP Request: GET https://api.ibkr.com/v1/api/tickle "HTTP/1.1 200 OK"
Fri 2026-05-01 13:16:01:     INFO [     hub_server:289 -                relay ] RELAY: [Task 6bcb5345-a08f-40d2-a54e-fc76609b5abe] Adding to queue:
{
    "method": "GET",
    "url": "https://api.ibkr.com/v1/api/iserver/marketdata/snapshot",
    "params": {
        "conids": "61228752",
        "fields": "31,86,84,88,85,7762,55,6008"
    },
    "content": "",
    "headers": {
        "user-agent": "python-requests/2.31.0",
        "accept-encoding": "gzip, deflate",
        "accept": "*/*",
        "connection": "keep-alive",
        "X-Hub-Task-ID": "6bcb5345-a08f-40d2-a54e-fc76609b5abe"
    }
}
Fri 2026-05-01 13:16:01:     INFO [        _client:1758 - _send_single_request ] HTTP Request: GET https://api.ibkr.com/v1/api/iserver/marketdata/snapshot?conids=61228752&fields=31%2C86%2C84%2C88%2C85%2C7762%2C55%2C6008 "HTTP/1.1 200 OK"
Fri 2026-05-01 13:16:01:     INFO [     hub_server:192 -               worker ] WORKER: [Task 6bcb5345-a08f-40d2-a54e-fc76609b5abe] Completed.
INFO:     96.126.109.155:53936 - "GET /hhub/v1/api/iserver/marketdata/snapshot?conids=61228752&fields=31,86,84,88,85,7762,55,6008 HTTP/1.1" 200 OK
Fri 2026-05-01 13:16:17:     INFO [        _client:1758 - _send_single_request ] HTTP Request: GET https://api.ibkr.com/v1/api/tickle "HTTP/1.1 200 OK"
Fri 2026-05-01 13:17:02:     INFO [     hub_server:289 -                relay ] RELAY: [Task c5e51c60-c78f-417d-9a2f-12246adaa82c] Adding to queue:
{
    "method": "GET",
    "url": "https://api.ibkr.com/v1/api/iserver/marketdata/snapshot",
    "params": {
        "conids": "61228752",
        "fields": "31,86,84,88,85,7762,55,6008"
    },
    "content": "",
    "headers": {
        "user-agent": "python-requests/2.31.0",
        "accept-encoding": "gzip, deflate",
        "accept": "*/*",
        "connection": "keep-alive",
        "X-Hub-Task-ID": "c5e51c60-c78f-417d-9a2f-12246adaa82c"
    }
}
Fri 2026-05-01 13:17:02:     INFO [        _client:1758 - _send_single_request ] HTTP Request: GET https://api.ibkr.com/v1/api/iserver/marketdata/snapshot?conids=61228752&fields=31%2C86%2C84%2C88%2C85%2C7762%2C55%2C6008 "HTTP/1.1 200 OK"
Fri 2026-05-01 13:17:02:     INFO [     hub_server:192 -               worker ] WORKER: [Task c5e51c60-c78f-417d-9a2f-12246adaa82c] Completed.
INFO:     96.126.109.155:52722 - "GET /hhub/v1/api/iserver/marketdata/snapshot?conids=61228752&fields=31,86,84,88,85,7762,55,6008 HTTP/1.1" 200 OK
Fri 2026-05-01 13:17:02:     INFO [        _client:1758 - _send_single_request ] HTTP Request: GET https://api.ibkr.com/v1/api/tickle "HTTP/1.1 200 OK"
Fri 2026-05-01 13:17:47:     INFO [        _client:1758 - _send_single_request ] HTTP Request: GET https://api.ibkr.com/v1/api/tickle "HTTP/1.1 200 OK"
Fri 2026-05-01 13:18:02:     INFO [     hub_server:289 -                relay ] RELAY: [Task f9e22d3f-498e-4d6b-8239-10b26a530eaa] Adding to queue:
{
    "method": "GET",
    "url": "https://api.ibkr.com/v1/api/iserver/marketdata/snapshot",
    "params": {
        "conids": "61228752",
        "fields": "31,86,84,88,85,7762,55,6008"
    },
    "content": "",
    "headers": {
        "user-agent": "python-requests/2.31.0",
        "accept-encoding": "gzip, deflate",
        "accept": "*/*",
        "connection": "keep-alive",
        "X-Hub-Task-ID": "f9e22d3f-498e-4d6b-8239-10b26a530eaa"
    }
}
Fri 2026-05-01 13:18:02:     INFO [        _client:1758 - _send_single_request ] HTTP Request: GET https://api.ibkr.com/v1/api/iserver/marketdata/snapshot?conids=61228752&fields=31%2C86%2C84%2C88%2C85%2C7762%2C55%2C6008 "HTTP/1.1 200 OK"
Fri 2026-05-01 13:18:02:     INFO [     hub_server:192 -               worker ] WORKER: [Task f9e22d3f-498e-4d6b-8239-10b26a530eaa] Completed.
INFO:     96.126.109.155:37226 - "GET /hhub/v1/api/iserver/marketdata/snapshot?conids=61228752&fields=31,86,84,88,85,7762,55,6008 HTTP/1.1" 200 OK
Fri 2026-05-01 13:18:33:     INFO [        _client:1758 - _send_single_request ] HTTP Request: GET https://api.ibkr.com/v1/api/tickle "HTTP/1.1 200 OK"
Fri 2026-05-01 13:19:03:     INFO [     hub_server:289 -                relay ] RELAY: [Task 637a65d5-70ea-4de0-8e84-8bbe5118c806] Adding to queue:
{
    "method": "GET",
    "url": "https://api.ibkr.com/v1/api/iserver/marketdata/snapshot",
    "params": {
        "conids": "61228752",
        "fields": "31,86,84,88,85,7762,55,6008"
    },
    "content": "",
    "headers": {
        "user-agent": "python-requests/2.31.0",
        "accept-encoding": "gzip, deflate",
        "accept": "*/*",
        "connection": "keep-alive",
        "X-Hub-Task-ID": "637a65d5-70ea-4de0-8e84-8bbe5118c806"
    }
}
Fri 2026-05-01 13:19:03:     INFO [        _client:1758 - _send_single_request ] HTTP Request: GET https://api.ibkr.com/v1/api/iserver/marketdata/snapshot?conids=61228752&fields=31%2C86%2C84%2C88%2C85%2C7762%2C55%2C6008 "HTTP/1.1 200 OK"
Fri 2026-05-01 13:19:03:     INFO [     hub_server:192 -               worker ] WORKER: [Task 637a65d5-70ea-4de0-8e84-8bbe5118c806] Completed.
INFO:     96.126.109.155:47982 - "GET /hhub/v1/api/iserver/marketdata/snapshot?conids=61228752&fields=31,86,84,88,85,7762,55,6008 HTTP/1.1" 200 OK
Fri 2026-05-01 13:19:18:     INFO [        _client:1758 - _send_single_request ] HTTP Request: GET https://api.ibkr.com/v1/api/tickle "HTTP/1.1 200 OK"
Fri 2026-05-01 13:20:01:     INFO [     hub_server:289 -                relay ] RELAY: [Task 190266fc-5b51-4aea-9b6e-4965b32e5902] Adding to queue:
{
    "method": "GET",
    "url": "https://api.ibkr.com/v1/api/iserver/marketdata/snapshot",
    "params": {
        "conids": "61228752",
        "fields": "31,86,84,88,85,7762,55,6008"
    },
    "content": "",
    "headers": {
        "user-agent": "python-requests/2.31.0",
        "accept-encoding": "gzip, deflate",
        "accept": "*/*",
        "connection": "keep-alive",
        "X-Hub-Task-ID": "190266fc-5b51-4aea-9b6e-4965b32e5902"
    }
}
Fri 2026-05-01 13:20:01:     INFO [        _client:1758 - _send_single_request ] HTTP Request: GET https://api.ibkr.com/v1/api/iserver/marketdata/snapshot?conids=61228752&fields=31%2C86%2C84%2C88%2C85%2C7762%2C55%2C6008 "HTTP/1.1 200 OK"
Fri 2026-05-01 13:20:01:     INFO [     hub_server:192 -               worker ] WORKER: [Task 190266fc-5b51-4aea-9b6e-4965b32e5902] Completed.
INFO:     96.126.109.155:48746 - "GET /hhub/v1/api/iserver/marketdata/snapshot?conids=61228752&fields=31,86,84,88,85,7762,55,6008 HTTP/1.1" 200 OK
Fri 2026-05-01 13:20:03:     INFO [        _client:1758 - _send_single_request ] HTTP Request: GET https://api.ibkr.com/v1/api/tickle "HTTP/1.1 200 OK"
Fri 2026-05-01 13:20:48:     INFO [        _client:1758 - _send_single_request ] HTTP Request: GET https://api.ibkr.com/v1/api/tickle "HTTP/1.1 200 OK"
Fri 2026-05-01 13:21:01:     INFO [     hub_server:289 -                relay ] RELAY: [Task df61ab7e-dee9-41fa-b4fc-31f9cda809f8] Adding to queue:
{
    "method": "GET",
    "url": "https://api.ibkr.com/v1/api/iserver/marketdata/snapshot",
    "params": {
        "conids": "61228752",
        "fields": "31,86,84,88,85,7762,55,6008"
    },
    "content": "",
    "headers": {
        "user-agent": "python-requests/2.31.0",
        "accept-encoding": "gzip, deflate",
        "accept": "*/*",
        "connection": "keep-alive",
        "X-Hub-Task-ID": "df61ab7e-dee9-41fa-b4fc-31f9cda809f8"
    }
}
Fri 2026-05-01 13:21:01:     INFO [        _client:1758 - _send_single_request ] HTTP Request: GET https://api.ibkr.com/v1/api/iserver/marketdata/snapshot?conids=61228752&fields=31%2C86%2C84%2C88%2C85%2C7762%2C55%2C6008 "HTTP/1.1 200 OK"
Fri 2026-05-01 13:21:01:     INFO [     hub_server:192 -               worker ] WORKER: [Task df61ab7e-dee9-41fa-b4fc-31f9cda809f8] Completed.
INFO:     96.126.109.155:36222 - "GET /hhub/v1/api/iserver/marketdata/snapshot?conids=61228752&fields=31,86,84,88,85,7762,55,6008 HTTP/1.1" 200 OK
Fri 2026-05-01 13:21:33:     INFO [        _client:1758 - _send_single_request ] HTTP Request: GET https://api.ibkr.com/v1/api/tickle "HTTP/1.1 200 OK"
Fri 2026-05-01 13:22:18:     INFO [        _client:1758 - _send_single_request ] HTTP Request: GET https://api.ibkr.com/v1/api/tickle "HTTP/1.1 200 OK"
Fri 2026-05-01 13:23:03:     INFO [        _client:1758 - _send_single_request ] HTTP Request: GET https://api.ibkr.com/v1/api/tickle "HTTP/1.1 200 OK"
Fri 2026-05-01 13:23:49:     INFO [        _client:1758 - _send_single_request ] HTTP Request: GET https://api.ibkr.com/v1/api/tickle "HTTP/1.1 200 OK"
Fri 2026-05-01 13:24:34:     INFO [        _client:1758 - _send_single_request ] HTTP Request: GET https://api.ibkr.com/v1/api/tickle "HTTP/1.1 200 OK"
Fri 2026-05-01 13:25:02:     INFO [     hub_server:289 -                relay ] RELAY: [Task 8799aa34-3b0a-4a70-980c-ed15b0b01470] Adding to queue:
{
    "method": "GET",
    "url": "https://api.ibkr.com/v1/api/iserver/marketdata/snapshot",
    "params": {
        "conids": "61228752",
        "fields": "55,31"
    },
    "content": "",
    "headers": {
        "user-agent": "python-requests/2.31.0",
        "accept-encoding": "gzip, deflate",
        "accept": "*/*",
        "connection": "keep-alive",
        "X-Hub-Task-ID": "8799aa34-3b0a-4a70-980c-ed15b0b01470"
    }
}
Fri 2026-05-01 13:25:02:     INFO [        _client:1758 - _send_single_request ] HTTP Request: GET https://api.ibkr.com/v1/api/iserver/marketdata/snapshot?conids=61228752&fields=55%2C31 "HTTP/1.1 200 OK"
Fri 2026-05-01 13:25:02:     INFO [     hub_server:192 -               worker ] WORKER: [Task 8799aa34-3b0a-4a70-980c-ed15b0b01470] Completed.
INFO:     96.126.109.155:47596 - "GET /hhub/v1/api/iserver/marketdata/snapshot?conids=61228752&fields=55,31 HTTP/1.1" 200 OK
Fri 2026-05-01 13:25:03:     INFO [     hub_server:289 -                relay ] RELAY: [Task 207584e9-6e60-474f-bf45-99e44d535c85] Adding to queue:
{
    "method": "GET",
    "url": "https://api.ibkr.com/v1/api/iserver/marketdata/snapshot",
    "params": {
        "conids": "61228752",
        "fields": "31,86,84,88,85,7762,55,6008"
    },
    "content": "",
    "headers": {
        "user-agent": "python-requests/2.31.0",
        "accept-encoding": "gzip, deflate",
        "accept": "*/*",
        "connection": "keep-alive",
        "X-Hub-Task-ID": "207584e9-6e60-474f-bf45-99e44d535c85"
    }
}
Fri 2026-05-01 13:25:03:     INFO [        _client:1758 - _send_single_request ] HTTP Request: GET https://api.ibkr.com/v1/api/iserver/marketdata/snapshot?conids=61228752&fields=31%2C86%2C84%2C88%2C85%2C7762%2C55%2C6008 "HTTP/1.1 200 OK"
Fri 2026-05-01 13:25:03:     INFO [     hub_server:192 -               worker ] WORKER: [Task 207584e9-6e60-474f-bf45-99e44d535c85] Completed.
INFO:     96.126.109.155:47610 - "GET /hhub/v1/api/iserver/marketdata/snapshot?conids=61228752&fields=31,86,84,88,85,7762,55,6008 HTTP/1.1" 200 OK
Fri 2026-05-01 13:25:19:     INFO [        _client:1758 - _send_single_request ] HTTP Request: GET https://api.ibkr.com/v1/api/tickle "HTTP/1.1 200 OK"
Fri 2026-05-01 13:26:00:     INFO [     hub_server:289 -                relay ] RELAY: [Task 991a94c4-6222-42a7-8bf5-d44499c1b876] Adding to queue:
{
    "method": "GET",
    "url": "https://api.ibkr.com/v1/api/iserver/marketdata/snapshot",
    "params": {
        "conids": "61228752",
        "fields": "31,86,84,88,85,7762,55,6008"
    },
    "content": "",
    "headers": {
        "user-agent": "python-requests/2.31.0",
        "accept-encoding": "gzip, deflate",
        "accept": "*/*",
        "connection": "keep-alive",
        "X-Hub-Task-ID": "991a94c4-6222-42a7-8bf5-d44499c1b876"
    }
}
Fri 2026-05-01 13:26:01:     INFO [        _client:1758 - _send_single_request ] HTTP Request: GET https://api.ibkr.com/v1/api/iserver/marketdata/snapshot?conids=61228752&fields=31%2C86%2C84%2C88%2C85%2C7762%2C55%2C6008 "HTTP/1.1 200 OK"
Fri 2026-05-01 13:26:01:     INFO [     hub_server:192 -               worker ] WORKER: [Task 991a94c4-6222-42a7-8bf5-d44499c1b876] Completed.
INFO:     96.126.109.155:34350 - "GET /hhub/v1/api/iserver/marketdata/snapshot?conids=61228752&fields=31,86,84,88,85,7762,55,6008 HTTP/1.1" 200 OK
Fri 2026-05-01 13:26:04:     INFO [        _client:1758 - _send_single_request ] HTTP Request: GET https://api.ibkr.com/v1/api/tickle "HTTP/1.1 200 OK"
Fri 2026-05-01 13:26:49:     INFO [        _client:1758 - _send_single_request ] HTTP Request: GET https://api.ibkr.com/v1/api/tickle "HTTP/1.1 200 OK"
Fri 2026-05-01 13:27:02:     INFO [     hub_server:289 -                relay ] RELAY: [Task 55a652ad-3ec8-4828-8ed0-e813b36ef86e] Adding to queue:
{
    "method": "GET",
    "url": "https://api.ibkr.com/v1/api/iserver/marketdata/snapshot",
    "params": {
        "conids": "61228752",
        "fields": "31,86,84,88,85,7762,55,6008"
    },
    "content": "",
    "headers": {
        "user-agent": "python-requests/2.31.0",
        "accept-encoding": "gzip, deflate",
        "accept": "*/*",
        "connection": "keep-alive",
        "X-Hub-Task-ID": "55a652ad-3ec8-4828-8ed0-e813b36ef86e"
    }
}
Fri 2026-05-01 13:27:02:     INFO [        _client:1758 - _send_single_request ] HTTP Request: GET https://api.ibkr.com/v1/api/iserver/marketdata/snapshot?conids=61228752&fields=31%2C86%2C84%2C88%2C85%2C7762%2C55%2C6008 "HTTP/1.1 200 OK"
Fri 2026-05-01 13:27:02:     INFO [     hub_server:192 -               worker ] WORKER: [Task 55a652ad-3ec8-4828-8ed0-e813b36ef86e] Completed.
INFO:     96.126.109.155:39002 - "GET /hhub/v1/api/iserver/marketdata/snapshot?conids=61228752&fields=31,86,84,88,85,7762,55,6008 HTTP/1.1" 200 OK
Fri 2026-05-01 13:27:34:     INFO [        _client:1758 - _send_single_request ] HTTP Request: GET https://api.ibkr.com/v1/api/tickle "HTTP/1.1 200 OK"
Fri 2026-05-01 13:28:03:     INFO [     hub_server:289 -                relay ] RELAY: [Task 4f249e07-ef05-4ac5-92d6-752a5405b270] Adding to queue:
{
    "method": "GET",
    "url": "https://api.ibkr.com/v1/api/iserver/marketdata/snapshot",
    "params": {
        "conids": "61228752",
        "fields": "31,86,84,88,85,7762,55,6008"
    },
    "content": "",
    "headers": {
        "user-agent": "python-requests/2.31.0",
        "accept-encoding": "gzip, deflate",
        "accept": "*/*",
        "connection": "keep-alive",
        "X-Hub-Task-ID": "4f249e07-ef05-4ac5-92d6-752a5405b270"
    }
}
Fri 2026-05-01 13:28:03:     INFO [        _client:1758 - _send_single_request ] HTTP Request: GET https://api.ibkr.com/v1/api/iserver/marketdata/snapshot?conids=61228752&fields=31%2C86%2C84%2C88%2C85%2C7762%2C55%2C6008 "HTTP/1.1 200 OK"
Fri 2026-05-01 13:28:03:     INFO [     hub_server:192 -               worker ] WORKER: [Task 4f249e07-ef05-4ac5-92d6-752a5405b270] Completed.
INFO:     96.126.109.155:58860 - "GET /hhub/v1/api/iserver/marketdata/snapshot?conids=61228752&fields=31,86,84,88,85,7762,55,6008 HTTP/1.1" 200 OK
Fri 2026-05-01 13:28:19:     INFO [        _client:1758 - _send_single_request ] HTTP Request: GET https://api.ibkr.com/v1/api/tickle "HTTP/1.1 200 OK"
Fri 2026-05-01 13:29:01:     INFO [     hub_server:289 -                relay ] RELAY: [Task 348f8237-bccc-473b-a6f4-757f06b4bd82] Adding to queue:
{
    "method": "GET",
    "url": "https://api.ibkr.com/v1/api/iserver/marketdata/snapshot",
    "params": {
        "conids": "61228752",
        "fields": "31,86,84,88,85,7762,55,6008"
    },
    "content": "",
    "headers": {
        "user-agent": "python-requests/2.31.0",
        "accept-encoding": "gzip, deflate",
        "accept": "*/*",
        "connection": "keep-alive",
        "X-Hub-Task-ID": "348f8237-bccc-473b-a6f4-757f06b4bd82"
    }
}
Fri 2026-05-01 13:29:01:     INFO [        _client:1758 - _send_single_request ] HTTP Request: GET https://api.ibkr.com/v1/api/iserver/marketdata/snapshot?conids=61228752&fields=31%2C86%2C84%2C88%2C85%2C7762%2C55%2C6008 "HTTP/1.1 200 OK"
Fri 2026-05-01 13:29:01:     INFO [     hub_server:192 -               worker ] WORKER: [Task 348f8237-bccc-473b-a6f4-757f06b4bd82] Completed.
INFO:     96.126.109.155:39844 - "GET /hhub/v1/api/iserver/marketdata/snapshot?conids=61228752&fields=31,86,84,88,85,7762,55,6008 HTTP/1.1" 200 OK
Fri 2026-05-01 13:29:05:     INFO [        _client:1758 - _send_single_request ] HTTP Request: GET https://api.ibkr.com/v1/api/tickle "HTTP/1.1 200 OK"
Fri 2026-05-01 13:29:50:     INFO [        _client:1758 - _send_single_request ] HTTP Request: GET https://api.ibkr.com/v1/api/tickle "HTTP/1.1 200 OK"
Fri 2026-05-01 13:30:02:     INFO [     hub_server:289 -                relay ] RELAY: [Task 74912e33-4cec-472c-8398-4085419db255] Adding to queue:
{
    "method": "GET",
    "url": "https://api.ibkr.com/v1/api/iserver/marketdata/snapshot",
    "params": {
        "conids": "61228752",
        "fields": "31,86,84,88,85,7762,55,6008"
    },
    "content": "",
    "headers": {
        "user-agent": "python-requests/2.31.0",
        "accept-encoding": "gzip, deflate",
        "accept": "*/*",
        "connection": "keep-alive",
        "X-Hub-Task-ID": "74912e33-4cec-472c-8398-4085419db255"
    }
}
Fri 2026-05-01 13:30:02:     INFO [        _client:1758 - _send_single_request ] HTTP Request: GET https://api.ibkr.com/v1/api/iserver/marketdata/snapshot?conids=61228752&fields=31%2C86%2C84%2C88%2C85%2C7762%2C55%2C6008 "HTTP/1.1 200 OK"
Fri 2026-05-01 13:30:02:     INFO [     hub_server:192 -               worker ] WORKER: [Task 74912e33-4cec-472c-8398-4085419db255] Completed.
INFO:     96.126.109.155:37292 - "GET /hhub/v1/api/iserver/marketdata/snapshot?conids=61228752&fields=31,86,84,88,85,7762,55,6008 HTTP/1.1" 200 OK
Fri 2026-05-01 13:30:35:     INFO [        _client:1758 - _send_single_request ] HTTP Request: GET https://api.ibkr.com/v1/api/tickle "HTTP/1.1 200 OK"
Fri 2026-05-01 13:31:03:     INFO [     hub_server:289 -                relay ] RELAY: [Task 3a0f0498-b216-4203-b6a1-ffaf9f20bbfe] Adding to queue:
{
    "method": "GET",
    "url": "https://api.ibkr.com/v1/api/iserver/marketdata/snapshot",
    "params": {
        "conids": "61228752",
        "fields": "31,86,84,88,85,7762,55,6008"
    },
    "content": "",
    "headers": {
        "user-agent": "python-requests/2.31.0",
        "accept-encoding": "gzip, deflate",
        "accept": "*/*",
        "connection": "keep-alive",
        "X-Hub-Task-ID": "3a0f0498-b216-4203-b6a1-ffaf9f20bbfe"
    }
}
Fri 2026-05-01 13:31:03:     INFO [        _client:1758 - _send_single_request ] HTTP Request: GET https://api.ibkr.com/v1/api/iserver/marketdata/snapshot?conids=61228752&fields=31%2C86%2C84%2C88%2C85%2C7762%2C55%2C6008 "HTTP/1.1 200 OK"
Fri 2026-05-01 13:31:03:     INFO [     hub_server:192 -               worker ] WORKER: [Task 3a0f0498-b216-4203-b6a1-ffaf9f20bbfe] Completed.
INFO:     96.126.109.155:59086 - "GET /hhub/v1/api/iserver/marketdata/snapshot?conids=61228752&fields=31,86,84,88,85,7762,55,6008 HTTP/1.1" 200 OK
Fri 2026-05-01 13:31:20:     INFO [        _client:1758 - _send_single_request ] HTTP Request: GET https://api.ibkr.com/v1/api/tickle "HTTP/1.1 200 OK"
Fri 2026-05-01 13:32:01:     INFO [     hub_server:289 -                relay ] RELAY: [Task c0ef7939-df4f-4fb8-ab7e-253107f8a52a] Adding to queue:
{
    "method": "GET",
    "url": "https://api.ibkr.com/v1/api/iserver/marketdata/snapshot",
    "params": {
        "conids": "61228752",
        "fields": "31,86,84,88,85,7762,55,6008"
    },
    "content": "",
    "headers": {
        "user-agent": "python-requests/2.31.0",
        "accept-encoding": "gzip, deflate",
        "accept": "*/*",
        "connection": "keep-alive",
        "X-Hub-Task-ID": "c0ef7939-df4f-4fb8-ab7e-253107f8a52a"
    }
}
Fri 2026-05-01 13:32:01:     INFO [        _client:1758 - _send_single_request ] HTTP Request: GET https://api.ibkr.com/v1/api/iserver/marketdata/snapshot?conids=61228752&fields=31%2C86%2C84%2C88%2C85%2C7762%2C55%2C6008 "HTTP/1.1 200 OK"
Fri 2026-05-01 13:32:01:     INFO [     hub_server:192 -               worker ] WORKER: [Task c0ef7939-df4f-4fb8-ab7e-253107f8a52a] Completed.
INFO:     96.126.109.155:54042 - "GET /hhub/v1/api/iserver/marketdata/snapshot?conids=61228752&fields=31,86,84,88,85,7762,55,6008 HTTP/1.1" 200 OK
Fri 2026-05-01 13:32:05:     INFO [        _client:1758 - _send_single_request ] HTTP Request: GET https://api.ibkr.com/v1/api/tickle "HTTP/1.1 200 OK"
Fri 2026-05-01 13:32:50:     INFO [        _client:1758 - _send_single_request ] HTTP Request: GET https://api.ibkr.com/v1/api/tickle "HTTP/1.1 200 OK"
Fri 2026-05-01 13:33:01:     INFO [     hub_server:289 -                relay ] RELAY: [Task 847982b0-438a-4c8e-904f-fee50e876f46] Adding to queue:
{
    "method": "GET",
    "url": "https://api.ibkr.com/v1/api/iserver/marketdata/snapshot",
    "params": {
        "conids": "61228752",
        "fields": "31,86,84,88,85,7762,55,6008"
    },
    "content": "",
    "headers": {
        "user-agent": "python-requests/2.31.0",
        "accept-encoding": "gzip, deflate",
        "accept": "*/*",
        "connection": "keep-alive",
        "X-Hub-Task-ID": "847982b0-438a-4c8e-904f-fee50e876f46"
    }
}
Fri 2026-05-01 13:33:01:     INFO [        _client:1758 - _send_single_request ] HTTP Request: GET https://api.ibkr.com/v1/api/iserver/marketdata/snapshot?conids=61228752&fields=31%2C86%2C84%2C88%2C85%2C7762%2C55%2C6008 "HTTP/1.1 200 OK"
Fri 2026-05-01 13:33:01:     INFO [     hub_server:192 -               worker ] WORKER: [Task 847982b0-438a-4c8e-904f-fee50e876f46] Completed.
INFO:     96.126.109.155:49158 - "GET /hhub/v1/api/iserver/marketdata/snapshot?conids=61228752&fields=31,86,84,88,85,7762,55,6008 HTTP/1.1" 200 OK
Fri 2026-05-01 13:33:35:     INFO [        _client:1758 - _send_single_request ] HTTP Request: GET https://api.ibkr.com/v1/api/tickle "HTTP/1.1 200 OK"
Fri 2026-05-01 13:34:02:     INFO [     hub_server:289 -                relay ] RELAY: [Task 10f022c8-bdb6-402f-b0ee-80b6efe87ec8] Adding to queue:
{
    "method": "GET",
    "url": "https://api.ibkr.com/v1/api/iserver/marketdata/snapshot",
    "params": {
        "conids": "61228752",
        "fields": "31,86,84,88,85,7762,55,6008"
    },
    "content": "",
    "headers": {
        "user-agent": "python-requests/2.31.0",
        "accept-encoding": "gzip, deflate",
        "accept": "*/*",
        "connection": "keep-alive",
        "X-Hub-Task-ID": "10f022c8-bdb6-402f-b0ee-80b6efe87ec8"
    }
}
Fri 2026-05-01 13:34:02:     INFO [        _client:1758 - _send_single_request ] HTTP Request: GET https://api.ibkr.com/v1/api/iserver/marketdata/snapshot?conids=61228752&fields=31%2C86%2C84%2C88%2C85%2C7762%2C55%2C6008 "HTTP/1.1 200 OK"
Fri 2026-05-01 13:34:02:     INFO [     hub_server:192 -               worker ] WORKER: [Task 10f022c8-bdb6-402f-b0ee-80b6efe87ec8] Completed.
INFO:     96.126.109.155:33874 - "GET /hhub/v1/api/iserver/marketdata/snapshot?conids=61228752&fields=31,86,84,88,85,7762,55,6008 HTTP/1.1" 200 OK
Fri 2026-05-01 13:34:20:     INFO [        _client:1758 - _send_single_request ] HTTP Request: GET https://api.ibkr.com/v1/api/tickle "HTTP/1.1 200 OK"
Fri 2026-05-01 13:35:02:     INFO [     hub_server:289 -                relay ] RELAY: [Task 5771ce6c-1ebc-46f5-a5e3-a41962e60723] Adding to queue:
{
    "method": "GET",
    "url": "https://api.ibkr.com/v1/api/iserver/marketdata/snapshot",
    "params": {
        "conids": "61228752",
        "fields": "31,86,84,88,85,7762,55,6008"
    },
    "content": "",
    "headers": {
        "user-agent": "python-requests/2.31.0",
        "accept-encoding": "gzip, deflate",
        "accept": "*/*",
        "connection": "keep-alive",
        "X-Hub-Task-ID": "5771ce6c-1ebc-46f5-a5e3-a41962e60723"
    }
}
Fri 2026-05-01 13:35:02:     INFO [        _client:1758 - _send_single_request ] HTTP Request: GET https://api.ibkr.com/v1/api/iserver/marketdata/snapshot?conids=61228752&fields=31%2C86%2C84%2C88%2C85%2C7762%2C55%2C6008 "HTTP/1.1 200 OK"
Fri 2026-05-01 13:35:02:     INFO [     hub_server:192 -               worker ] WORKER: [Task 5771ce6c-1ebc-46f5-a5e3-a41962e60723] Completed.
INFO:     96.126.109.155:51140 - "GET /hhub/v1/api/iserver/marketdata/snapshot?conids=61228752&fields=31,86,84,88,85,7762,55,6008 HTTP/1.1" 200 OK
Fri 2026-05-01 13:35:05:     INFO [        _client:1758 - _send_single_request ] HTTP Request: GET https://api.ibkr.com/v1/api/tickle "HTTP/1.1 200 OK"
Fri 2026-05-01 13:35:50:     INFO [        _client:1758 - _send_single_request ] HTTP Request: GET https://api.ibkr.com/v1/api/tickle "HTTP/1.1 200 OK"
Fri 2026-05-01 13:36:03:     INFO [     hub_server:289 -                relay ] RELAY: [Task 515fd089-0136-439d-b004-d81cb3caaf9c] Adding to queue:
{
    "method": "GET",
    "url": "https://api.ibkr.com/v1/api/iserver/marketdata/snapshot",
    "params": {
        "conids": "61228752",
        "fields": "31,86,84,88,85,7762,55,6008"
    },
    "content": "",
    "headers": {
        "user-agent": "python-requests/2.31.0",
        "accept-encoding": "gzip, deflate",
        "accept": "*/*",
        "connection": "keep-alive",
        "X-Hub-Task-ID": "515fd089-0136-439d-b004-d81cb3caaf9c"
    }
}
Fri 2026-05-01 13:36:03:     INFO [        _client:1758 - _send_single_request ] HTTP Request: GET https://api.ibkr.com/v1/api/iserver/marketdata/snapshot?conids=61228752&fields=31%2C86%2C84%2C88%2C85%2C7762%2C55%2C6008 "HTTP/1.1 200 OK"
Fri 2026-05-01 13:36:03:     INFO [     hub_server:192 -               worker ] WORKER: [Task 515fd089-0136-439d-b004-d81cb3caaf9c] Completed.
INFO:     96.126.109.155:45786 - "GET /hhub/v1/api/iserver/marketdata/snapshot?conids=61228752&fields=31,86,84,88,85,7762,55,6008 HTTP/1.1" 200 OK
Fri 2026-05-01 13:36:35:     INFO [        _client:1758 - _send_single_request ] HTTP Request: GET https://api.ibkr.com/v1/api/tickle "HTTP/1.1 200 OK"
Fri 2026-05-01 13:37:00:     INFO [     hub_server:289 -                relay ] RELAY: [Task 71bd3fa0-df8c-444b-bd82-9a2828da5ff4] Adding to queue:
{
    "method": "GET",
    "url": "https://api.ibkr.com/v1/api/iserver/marketdata/snapshot",
    "params": {
        "conids": "61228752",
        "fields": "31,86,84,88,85,7762,55,6008"
    },
    "content": "",
    "headers": {
        "user-agent": "python-requests/2.31.0",
        "accept-encoding": "gzip, deflate",
        "accept": "*/*",
        "connection": "keep-alive",
        "X-Hub-Task-ID": "71bd3fa0-df8c-444b-bd82-9a2828da5ff4"
    }
}
Fri 2026-05-01 13:37:00:     INFO [        _client:1758 - _send_single_request ] HTTP Request: GET https://api.ibkr.com/v1/api/iserver/marketdata/snapshot?conids=61228752&fields=31%2C86%2C84%2C88%2C85%2C7762%2C55%2C6008 "HTTP/1.1 200 OK"
Fri 2026-05-01 13:37:00:     INFO [     hub_server:192 -               worker ] WORKER: [Task 71bd3fa0-df8c-444b-bd82-9a2828da5ff4] Completed.
INFO:     96.126.109.155:59812 - "GET /hhub/v1/api/iserver/marketdata/snapshot?conids=61228752&fields=31,86,84,88,85,7762,55,6008 HTTP/1.1" 200 OK
Fri 2026-05-01 13:37:20:     INFO [        _client:1758 - _send_single_request ] HTTP Request: GET https://api.ibkr.com/v1/api/tickle "HTTP/1.1 200 OK"
Fri 2026-05-01 13:38:00:     INFO [     hub_server:289 -                relay ] RELAY: [Task b7f48941-ef16-4e72-8c57-15ccbbf6b7c8] Adding to queue:
{
    "method": "GET",
    "url": "https://api.ibkr.com/v1/api/iserver/marketdata/snapshot",
    "params": {
        "conids": "61228752",
        "fields": "31,86,84,88,85,7762,55,6008"
    },
    "content": "",
    "headers": {
        "user-agent": "python-requests/2.31.0",
        "accept-encoding": "gzip, deflate",
        "accept": "*/*",
        "connection": "keep-alive",
        "X-Hub-Task-ID": "b7f48941-ef16-4e72-8c57-15ccbbf6b7c8"
    }
}
Fri 2026-05-01 13:38:01:     INFO [        _client:1758 - _send_single_request ] HTTP Request: GET https://api.ibkr.com/v1/api/iserver/marketdata/snapshot?conids=61228752&fields=31%2C86%2C84%2C88%2C85%2C7762%2C55%2C6008 "HTTP/1.1 200 OK"
Fri 2026-05-01 13:38:01:     INFO [     hub_server:192 -               worker ] WORKER: [Task b7f48941-ef16-4e72-8c57-15ccbbf6b7c8] Completed.
INFO:     96.126.109.155:49316 - "GET /hhub/v1/api/iserver/marketdata/snapshot?conids=61228752&fields=31,86,84,88,85,7762,55,6008 HTTP/1.1" 200 OK
Fri 2026-05-01 13:38:05:     INFO [        _client:1758 - _send_single_request ] HTTP Request: GET https://api.ibkr.com/v1/api/tickle "HTTP/1.1 200 OK"
Fri 2026-05-01 13:38:51:     INFO [        _client:1758 - _send_single_request ] HTTP Request: GET https://api.ibkr.com/v1/api/tickle "HTTP/1.1 200 OK"
Fri 2026-05-01 13:39:02:     INFO [     hub_server:289 -                relay ] RELAY: [Task 3c34a7e3-b134-41ce-b48a-ff0f1140b2cf] Adding to queue:
{
    "method": "GET",
    "url": "https://api.ibkr.com/v1/api/iserver/marketdata/snapshot",
    "params": {
        "conids": "61228752",
        "fields": "31,86,84,88,85,7762,55,6008"
    },
    "content": "",
    "headers": {
        "user-agent": "python-requests/2.31.0",
        "accept-encoding": "gzip, deflate",
        "accept": "*/*",
        "connection": "keep-alive",
        "X-Hub-Task-ID": "3c34a7e3-b134-41ce-b48a-ff0f1140b2cf"
    }
}
Fri 2026-05-01 13:39:02:     INFO [        _client:1758 - _send_single_request ] HTTP Request: GET https://api.ibkr.com/v1/api/iserver/marketdata/snapshot?conids=61228752&fields=31%2C86%2C84%2C88%2C85%2C7762%2C55%2C6008 "HTTP/1.1 200 OK"
Fri 2026-05-01 13:39:02:     INFO [     hub_server:192 -               worker ] WORKER: [Task 3c34a7e3-b134-41ce-b48a-ff0f1140b2cf] Completed.
INFO:     96.126.109.155:32982 - "GET /hhub/v1/api/iserver/marketdata/snapshot?conids=61228752&fields=31,86,84,88,85,7762,55,6008 HTTP/1.1" 200 OK
Fri 2026-05-01 13:39:36:     INFO [        _client:1758 - _send_single_request ] HTTP Request: GET https://api.ibkr.com/v1/api/tickle "HTTP/1.1 200 OK"
Fri 2026-05-01 13:40:03:     INFO [     hub_server:289 -                relay ] RELAY: [Task c7378412-44d0-471a-895c-b5c9641c4ae0] Adding to queue:
{
    "method": "GET",
    "url": "https://api.ibkr.com/v1/api/iserver/marketdata/snapshot",
    "params": {
        "conids": "61228752",
        "fields": "31,86,84,88,85,7762,55,6008"
    },
    "content": "",
    "headers": {
        "user-agent": "python-requests/2.31.0",
        "accept-encoding": "gzip, deflate",
        "accept": "*/*",
        "connection": "keep-alive",
        "X-Hub-Task-ID": "c7378412-44d0-471a-895c-b5c9641c4ae0"
    }
}
Fri 2026-05-01 13:40:03:     INFO [        _client:1758 - _send_single_request ] HTTP Request: GET https://api.ibkr.com/v1/api/iserver/marketdata/snapshot?conids=61228752&fields=31%2C86%2C84%2C88%2C85%2C7762%2C55%2C6008 "HTTP/1.1 200 OK"
Fri 2026-05-01 13:40:03:     INFO [     hub_server:192 -               worker ] WORKER: [Task c7378412-44d0-471a-895c-b5c9641c4ae0] Completed.
INFO:     96.126.109.155:43588 - "GET /hhub/v1/api/iserver/marketdata/snapshot?conids=61228752&fields=31,86,84,88,85,7762,55,6008 HTTP/1.1" 200 OK
Fri 2026-05-01 13:40:21:     INFO [        _client:1758 - _send_single_request ] HTTP Request: GET https://api.ibkr.com/v1/api/tickle "HTTP/1.1 200 OK"
Fri 2026-05-01 13:41:00:     INFO [     hub_server:289 -                relay ] RELAY: [Task e0d23229-da3a-4c2f-9d70-5d4a65e4abef] Adding to queue:
{
    "method": "GET",
    "url": "https://api.ibkr.com/v1/api/iserver/marketdata/snapshot",
    "params": {
        "conids": "61228752",
        "fields": "31,86,84,88,85,7762,55,6008"
    },
    "content": "",
    "headers": {
        "user-agent": "python-requests/2.31.0",
        "accept-encoding": "gzip, deflate",
        "accept": "*/*",
        "connection": "keep-alive",
        "X-Hub-Task-ID": "e0d23229-da3a-4c2f-9d70-5d4a65e4abef"
    }
}
Fri 2026-05-01 13:41:00:     INFO [        _client:1758 - _send_single_request ] HTTP Request: GET https://api.ibkr.com/v1/api/iserver/marketdata/snapshot?conids=61228752&fields=31%2C86%2C84%2C88%2C85%2C7762%2C55%2C6008 "HTTP/1.1 200 OK"
Fri 2026-05-01 13:41:00:     INFO [     hub_server:192 -               worker ] WORKER: [Task e0d23229-da3a-4c2f-9d70-5d4a65e4abef] Completed.
INFO:     96.126.109.155:37172 - "GET /hhub/v1/api/iserver/marketdata/snapshot?conids=61228752&fields=31,86,84,88,85,7762,55,6008 HTTP/1.1" 200 OK
Fri 2026-05-01 13:41:06:     INFO [        _client:1758 - _send_single_request ] HTTP Request: GET https://api.ibkr.com/v1/api/tickle "HTTP/1.1 200 OK"
Fri 2026-05-01 13:41:51:     INFO [        _client:1758 - _send_single_request ] HTTP Request: GET https://api.ibkr.com/v1/api/tickle "HTTP/1.1 200 OK"
Fri 2026-05-01 13:42:01:     INFO [     hub_server:289 -                relay ] RELAY: [Task 52b8708c-a932-46e6-9126-67d41bca9670] Adding to queue:
{
    "method": "GET",
    "url": "https://api.ibkr.com/v1/api/iserver/marketdata/snapshot",
    "params": {
        "conids": "61228752",
        "fields": "31,86,84,88,85,7762,55,6008"
    },
    "content": "",
    "headers": {
        "user-agent": "python-requests/2.31.0",
        "accept-encoding": "gzip, deflate",
        "accept": "*/*",
        "connection": "keep-alive",
        "X-Hub-Task-ID": "52b8708c-a932-46e6-9126-67d41bca9670"
    }
}
Fri 2026-05-01 13:42:01:     INFO [        _client:1758 - _send_single_request ] HTTP Request: GET https://api.ibkr.com/v1/api/iserver/marketdata/snapshot?conids=61228752&fields=31%2C86%2C84%2C88%2C85%2C7762%2C55%2C6008 "HTTP/1.1 200 OK"
Fri 2026-05-01 13:42:01:     INFO [     hub_server:192 -               worker ] WORKER: [Task 52b8708c-a932-46e6-9126-67d41bca9670] Completed.
INFO:     96.126.109.155:36986 - "GET /hhub/v1/api/iserver/marketdata/snapshot?conids=61228752&fields=31,86,84,88,85,7762,55,6008 HTTP/1.1" 200 OK
Fri 2026-05-01 13:42:36:     INFO [        _client:1758 - _send_single_request ] HTTP Request: GET https://api.ibkr.com/v1/api/tickle "HTTP/1.1 200 OK"
Fri 2026-05-01 13:43:01:     INFO [     hub_server:289 -                relay ] RELAY: [Task 9a230c88-3fed-4d10-91c8-3fc8e568b731] Adding to queue:
{
    "method": "GET",
    "url": "https://api.ibkr.com/v1/api/iserver/marketdata/snapshot",
    "params": {
        "conids": "61228752",
        "fields": "31,86,84,88,85,7762,55,6008"
    },
    "content": "",
    "headers": {
        "user-agent": "python-requests/2.31.0",
        "accept-encoding": "gzip, deflate",
        "accept": "*/*",
        "connection": "keep-alive",
        "X-Hub-Task-ID": "9a230c88-3fed-4d10-91c8-3fc8e568b731"
    }
}
Fri 2026-05-01 13:43:01:     INFO [        _client:1758 - _send_single_request ] HTTP Request: GET https://api.ibkr.com/v1/api/iserver/marketdata/snapshot?conids=61228752&fields=31%2C86%2C84%2C88%2C85%2C7762%2C55%2C6008 "HTTP/1.1 200 OK"
Fri 2026-05-01 13:43:01:     INFO [     hub_server:192 -               worker ] WORKER: [Task 9a230c88-3fed-4d10-91c8-3fc8e568b731] Completed.
INFO:     96.126.109.155:35644 - "GET /hhub/v1/api/iserver/marketdata/snapshot?conids=61228752&fields=31,86,84,88,85,7762,55,6008 HTTP/1.1" 200 OK
Fri 2026-05-01 13:43:21:     INFO [        _client:1758 - _send_single_request ] HTTP Request: GET https://api.ibkr.com/v1/api/tickle "HTTP/1.1 200 OK"
Fri 2026-05-01 13:44:02:     INFO [     hub_server:289 -                relay ] RELAY: [Task 3e90db9f-35e6-4843-bfb0-60723635a41c] Adding to queue:
{
    "method": "GET",
    "url": "https://api.ibkr.com/v1/api/iserver/marketdata/snapshot",
    "params": {
        "conids": "61228752",
        "fields": "31,86,84,88,85,7762,55,6008"
    },
    "content": "",
    "headers": {
        "user-agent": "python-requests/2.31.0",
        "accept-encoding": "gzip, deflate",
        "accept": "*/*",
        "connection": "keep-alive",
        "X-Hub-Task-ID": "3e90db9f-35e6-4843-bfb0-60723635a41c"
    }
}
Fri 2026-05-01 13:44:02:     INFO [        _client:1758 - _send_single_request ] HTTP Request: GET https://api.ibkr.com/v1/api/iserver/marketdata/snapshot?conids=61228752&fields=31%2C86%2C84%2C88%2C85%2C7762%2C55%2C6008 "HTTP/1.1 200 OK"
Fri 2026-05-01 13:44:02:     INFO [     hub_server:192 -               worker ] WORKER: [Task 3e90db9f-35e6-4843-bfb0-60723635a41c] Completed.
INFO:     96.126.109.155:58778 - "GET /hhub/v1/api/iserver/marketdata/snapshot?conids=61228752&fields=31,86,84,88,85,7762,55,6008 HTTP/1.1" 200 OK
Fri 2026-05-01 13:44:06:     INFO [        _client:1758 - _send_single_request ] HTTP Request: GET https://api.ibkr.com/v1/api/tickle "HTTP/1.1 200 OK"
Fri 2026-05-01 13:44:51:     INFO [        _client:1758 - _send_single_request ] HTTP Request: GET https://api.ibkr.com/v1/api/tickle "HTTP/1.1 200 OK"
Fri 2026-05-01 13:45:02:     INFO [     hub_server:289 -                relay ] RELAY: [Task 20856ba9-b152-4169-bd95-603d48ba78c4] Adding to queue:
{
    "method": "GET",
    "url": "https://api.ibkr.com/v1/api/iserver/marketdata/snapshot",
    "params": {
        "conids": "61228752",
        "fields": "31,86,84,88,85,7762,55,6008"
    },
    "content": "",
    "headers": {
        "user-agent": "python-requests/2.31.0",
        "accept-encoding": "gzip, deflate",
        "accept": "*/*",
        "connection": "keep-alive",
        "X-Hub-Task-ID": "20856ba9-b152-4169-bd95-603d48ba78c4"
    }
}
Fri 2026-05-01 13:45:02:     INFO [        _client:1758 - _send_single_request ] HTTP Request: GET https://api.ibkr.com/v1/api/iserver/marketdata/snapshot?conids=61228752&fields=31%2C86%2C84%2C88%2C85%2C7762%2C55%2C6008 "HTTP/1.1 200 OK"
Fri 2026-05-01 13:45:02:     INFO [     hub_server:192 -               worker ] WORKER: [Task 20856ba9-b152-4169-bd95-603d48ba78c4] Completed.
INFO:     96.126.109.155:47434 - "GET /hhub/v1/api/iserver/marketdata/snapshot?conids=61228752&fields=31,86,84,88,85,7762,55,6008 HTTP/1.1" 200 OK
Fri 2026-05-01 13:45:37:     INFO [        _client:1758 - _send_single_request ] HTTP Request: GET https://api.ibkr.com/v1/api/tickle "HTTP/1.1 200 OK"
Fri 2026-05-01 13:46:03:     INFO [     hub_server:289 -                relay ] RELAY: [Task 03b17a8e-f790-4b62-ab1b-f35c28bef168] Adding to queue:
{
    "method": "GET",
    "url": "https://api.ibkr.com/v1/api/iserver/marketdata/snapshot",
    "params": {
        "conids": "61228752",
        "fields": "31,86,84,88,85,7762,55,6008"
    },
    "content": "",
    "headers": {
        "user-agent": "python-requests/2.31.0",
        "accept-encoding": "gzip, deflate",
        "accept": "*/*",
        "connection": "keep-alive",
        "X-Hub-Task-ID": "03b17a8e-f790-4b62-ab1b-f35c28bef168"
    }
}
Fri 2026-05-01 13:46:03:     INFO [        _client:1758 - _send_single_request ] HTTP Request: GET https://api.ibkr.com/v1/api/iserver/marketdata/snapshot?conids=61228752&fields=31%2C86%2C84%2C88%2C85%2C7762%2C55%2C6008 "HTTP/1.1 200 OK"
Fri 2026-05-01 13:46:03:     INFO [     hub_server:192 -               worker ] WORKER: [Task 03b17a8e-f790-4b62-ab1b-f35c28bef168] Completed.
INFO:     96.126.109.155:44968 - "GET /hhub/v1/api/iserver/marketdata/snapshot?conids=61228752&fields=31,86,84,88,85,7762,55,6008 HTTP/1.1" 200 OK
Fri 2026-05-01 13:46:22:     INFO [        _client:1758 - _send_single_request ] HTTP Request: GET https://api.ibkr.com/v1/api/tickle "HTTP/1.1 200 OK"
Fri 2026-05-01 13:47:01:     INFO [     hub_server:289 -                relay ] RELAY: [Task 2c0eb553-8652-45a7-9f45-eba702bfecde] Adding to queue:
{
    "method": "GET",
    "url": "https://api.ibkr.com/v1/api/iserver/marketdata/snapshot",
    "params": {
        "conids": "61228752",
        "fields": "31,86,84,88,85,7762,55,6008"
    },
    "content": "",
    "headers": {
        "user-agent": "python-requests/2.31.0",
        "accept-encoding": "gzip, deflate",
        "accept": "*/*",
        "connection": "keep-alive",
        "X-Hub-Task-ID": "2c0eb553-8652-45a7-9f45-eba702bfecde"
    }
}
Fri 2026-05-01 13:47:01:     INFO [        _client:1758 - _send_single_request ] HTTP Request: GET https://api.ibkr.com/v1/api/iserver/marketdata/snapshot?conids=61228752&fields=31%2C86%2C84%2C88%2C85%2C7762%2C55%2C6008 "HTTP/1.1 200 OK"
Fri 2026-05-01 13:47:01:     INFO [     hub_server:192 -               worker ] WORKER: [Task 2c0eb553-8652-45a7-9f45-eba702bfecde] Completed.
INFO:     96.126.109.155:35390 - "GET /hhub/v1/api/iserver/marketdata/snapshot?conids=61228752&fields=31,86,84,88,85,7762,55,6008 HTTP/1.1" 200 OK
Fri 2026-05-01 13:47:07:     INFO [        _client:1758 - _send_single_request ] HTTP Request: GET https://api.ibkr.com/v1/api/tickle "HTTP/1.1 200 OK"
Fri 2026-05-01 13:47:52:     INFO [        _client:1758 - _send_single_request ] HTTP Request: GET https://api.ibkr.com/v1/api/tickle "HTTP/1.1 200 OK"
Fri 2026-05-01 13:48:01:     INFO [     hub_server:289 -                relay ] RELAY: [Task d0cf6a09-99ae-480c-be8b-f9373a8286b6] Adding to queue:
{
    "method": "GET",
    "url": "https://api.ibkr.com/v1/api/iserver/marketdata/snapshot",
    "params": {
        "conids": "61228752",
        "fields": "31,86,84,88,85,7762,55,6008"
    },
    "content": "",
    "headers": {
        "user-agent": "python-requests/2.31.0",
        "accept-encoding": "gzip, deflate",
        "accept": "*/*",
        "connection": "keep-alive",
        "X-Hub-Task-ID": "d0cf6a09-99ae-480c-be8b-f9373a8286b6"
    }
}
Fri 2026-05-01 13:48:01:     INFO [        _client:1758 - _send_single_request ] HTTP Request: GET https://api.ibkr.com/v1/api/iserver/marketdata/snapshot?conids=61228752&fields=31%2C86%2C84%2C88%2C85%2C7762%2C55%2C6008 "HTTP/1.1 200 OK"
Fri 2026-05-01 13:48:01:     INFO [     hub_server:192 -               worker ] WORKER: [Task d0cf6a09-99ae-480c-be8b-f9373a8286b6] Completed.
INFO:     96.126.109.155:52206 - "GET /hhub/v1/api/iserver/marketdata/snapshot?conids=61228752&fields=31,86,84,88,85,7762,55,6008 HTTP/1.1" 200 OK
Fri 2026-05-01 13:48:37:     INFO [        _client:1758 - _send_single_request ] HTTP Request: GET https://api.ibkr.com/v1/api/tickle "HTTP/1.1 200 OK"
Fri 2026-05-01 13:49:01:     INFO [     hub_server:289 -                relay ] RELAY: [Task 0ee3feb1-3a23-4c14-bd0e-8d9a8c884082] Adding to queue:
{
    "method": "GET",
    "url": "https://api.ibkr.com/v1/api/iserver/marketdata/snapshot",
    "params": {
        "conids": "61228752",
        "fields": "31,86,84,88,85,7762,55,6008"
    },
    "content": "",
    "headers": {
        "user-agent": "python-requests/2.31.0",
        "accept-encoding": "gzip, deflate",
        "accept": "*/*",
        "connection": "keep-alive",
        "X-Hub-Task-ID": "0ee3feb1-3a23-4c14-bd0e-8d9a8c884082"
    }
}
Fri 2026-05-01 13:49:01:     INFO [        _client:1758 - _send_single_request ] HTTP Request: GET https://api.ibkr.com/v1/api/iserver/marketdata/snapshot?conids=61228752&fields=31%2C86%2C84%2C88%2C85%2C7762%2C55%2C6008 "HTTP/1.1 200 OK"
Fri 2026-05-01 13:49:01:     INFO [     hub_server:192 -               worker ] WORKER: [Task 0ee3feb1-3a23-4c14-bd0e-8d9a8c884082] Completed.
INFO:     96.126.109.155:42174 - "GET /hhub/v1/api/iserver/marketdata/snapshot?conids=61228752&fields=31,86,84,88,85,7762,55,6008 HTTP/1.1" 200 OK
Fri 2026-05-01 13:49:22:     INFO [        _client:1758 - _send_single_request ] HTTP Request: GET https://api.ibkr.com/v1/api/tickle "HTTP/1.1 200 OK"
Fri 2026-05-01 13:50:02:     INFO [     hub_server:289 -                relay ] RELAY: [Task 0f0251d2-ccda-4117-947c-50fc99a9a98e] Adding to queue:
{
    "method": "GET",
    "url": "https://api.ibkr.com/v1/api/iserver/marketdata/snapshot",
    "params": {
        "conids": "61228752",
        "fields": "31,86,84,88,85,7762,55,6008"
    },
    "content": "",
    "headers": {
        "user-agent": "python-requests/2.31.0",
        "accept-encoding": "gzip, deflate",
        "accept": "*/*",
        "connection": "keep-alive",
        "X-Hub-Task-ID": "0f0251d2-ccda-4117-947c-50fc99a9a98e"
    }
}
Fri 2026-05-01 13:50:02:     INFO [        _client:1758 - _send_single_request ] HTTP Request: GET https://api.ibkr.com/v1/api/iserver/marketdata/snapshot?conids=61228752&fields=31%2C86%2C84%2C88%2C85%2C7762%2C55%2C6008 "HTTP/1.1 200 OK"
Fri 2026-05-01 13:50:02:     INFO [     hub_server:192 -               worker ] WORKER: [Task 0f0251d2-ccda-4117-947c-50fc99a9a98e] Completed.
INFO:     96.126.109.155:50678 - "GET /hhub/v1/api/iserver/marketdata/snapshot?conids=61228752&fields=31,86,84,88,85,7762,55,6008 HTTP/1.1" 200 OK
Fri 2026-05-01 13:50:07:     INFO [        _client:1758 - _send_single_request ] HTTP Request: GET https://api.ibkr.com/v1/api/tickle "HTTP/1.1 200 OK"
Fri 2026-05-01 13:50:52:     INFO [        _client:1758 - _send_single_request ] HTTP Request: GET https://api.ibkr.com/v1/api/tickle "HTTP/1.1 200 OK"
Fri 2026-05-01 13:51:03:     INFO [     hub_server:289 -                relay ] RELAY: [Task 551a1280-d54d-41a9-8494-28eeb4b9e14c] Adding to queue:
{
    "method": "GET",
    "url": "https://api.ibkr.com/v1/api/iserver/marketdata/snapshot",
    "params": {
        "conids": "61228752",
        "fields": "31,86,84,88,85,7762,55,6008"
    },
    "content": "",
    "headers": {
        "user-agent": "python-requests/2.31.0",
        "accept-encoding": "gzip, deflate",
        "accept": "*/*",
        "connection": "keep-alive",
        "X-Hub-Task-ID": "551a1280-d54d-41a9-8494-28eeb4b9e14c"
    }
}
Fri 2026-05-01 13:51:03:     INFO [        _client:1758 - _send_single_request ] HTTP Request: GET https://api.ibkr.com/v1/api/iserver/marketdata/snapshot?conids=61228752&fields=31%2C86%2C84%2C88%2C85%2C7762%2C55%2C6008 "HTTP/1.1 200 OK"
Fri 2026-05-01 13:51:03:     INFO [     hub_server:192 -               worker ] WORKER: [Task 551a1280-d54d-41a9-8494-28eeb4b9e14c] Completed.
INFO:     96.126.109.155:48860 - "GET /hhub/v1/api/iserver/marketdata/snapshot?conids=61228752&fields=31,86,84,88,85,7762,55,6008 HTTP/1.1" 200 OK
Fri 2026-05-01 13:51:37:     INFO [        _client:1758 - _send_single_request ] HTTP Request: GET https://api.ibkr.com/v1/api/tickle "HTTP/1.1 200 OK"
Fri 2026-05-01 13:52:00:     INFO [     hub_server:289 -                relay ] RELAY: [Task fa06e7a4-adad-42f9-b75b-4eb9abdfa246] Adding to queue:
{
    "method": "GET",
    "url": "https://api.ibkr.com/v1/api/iserver/marketdata/snapshot",
    "params": {
        "conids": "61228752",
        "fields": "31,86,84,88,85,7762,55,6008"
    },
    "content": "",
    "headers": {
        "user-agent": "python-requests/2.31.0",
        "accept-encoding": "gzip, deflate",
        "accept": "*/*",
        "connection": "keep-alive",
        "X-Hub-Task-ID": "fa06e7a4-adad-42f9-b75b-4eb9abdfa246"
    }
}
Fri 2026-05-01 13:52:00:     INFO [        _client:1758 - _send_single_request ] HTTP Request: GET https://api.ibkr.com/v1/api/iserver/marketdata/snapshot?conids=61228752&fields=31%2C86%2C84%2C88%2C85%2C7762%2C55%2C6008 "HTTP/1.1 200 OK"
Fri 2026-05-01 13:52:01:     INFO [     hub_server:192 -               worker ] WORKER: [Task fa06e7a4-adad-42f9-b75b-4eb9abdfa246] Completed.
INFO:     96.126.109.155:38668 - "GET /hhub/v1/api/iserver/marketdata/snapshot?conids=61228752&fields=31,86,84,88,85,7762,55,6008 HTTP/1.1" 200 OK
Fri 2026-05-01 13:52:22:     INFO [        _client:1758 - _send_single_request ] HTTP Request: GET https://api.ibkr.com/v1/api/tickle "HTTP/1.1 200 OK"
Fri 2026-05-01 13:53:02:     INFO [     hub_server:289 -                relay ] RELAY: [Task 4a8a67a0-4ec6-4e97-8174-f9eddd734b4b] Adding to queue:
{
    "method": "GET",
    "url": "https://api.ibkr.com/v1/api/iserver/marketdata/snapshot",
    "params": {
        "conids": "61228752",
        "fields": "31,86,84,88,85,7762,55,6008"
    },
    "content": "",
    "headers": {
        "user-agent": "python-requests/2.31.0",
        "accept-encoding": "gzip, deflate",
        "accept": "*/*",
        "connection": "keep-alive",
        "X-Hub-Task-ID": "4a8a67a0-4ec6-4e97-8174-f9eddd734b4b"
    }
}
Fri 2026-05-01 13:53:02:     INFO [        _client:1758 - _send_single_request ] HTTP Request: GET https://api.ibkr.com/v1/api/iserver/marketdata/snapshot?conids=61228752&fields=31%2C86%2C84%2C88%2C85%2C7762%2C55%2C6008 "HTTP/1.1 200 OK"
Fri 2026-05-01 13:53:02:     INFO [     hub_server:192 -               worker ] WORKER: [Task 4a8a67a0-4ec6-4e97-8174-f9eddd734b4b] Completed.
INFO:     96.126.109.155:37148 - "GET /hhub/v1/api/iserver/marketdata/snapshot?conids=61228752&fields=31,86,84,88,85,7762,55,6008 HTTP/1.1" 200 OK
Fri 2026-05-01 13:53:07:     INFO [        _client:1758 - _send_single_request ] HTTP Request: GET https://api.ibkr.com/v1/api/tickle "HTTP/1.1 200 OK"
Fri 2026-05-01 13:53:52:     INFO [        _client:1758 - _send_single_request ] HTTP Request: GET https://api.ibkr.com/v1/api/tickle "HTTP/1.1 200 OK"
Fri 2026-05-01 13:54:02:     INFO [     hub_server:289 -                relay ] RELAY: [Task 6d3ffcf3-8d77-426e-8d3a-725efd23bd84] Adding to queue:
{
    "method": "GET",
    "url": "https://api.ibkr.com/v1/api/iserver/marketdata/snapshot",
    "params": {
        "conids": "61228752",
        "fields": "31,86,84,88,85,7762,55,6008"
    },
    "content": "",
    "headers": {
        "user-agent": "python-requests/2.31.0",
        "accept-encoding": "gzip, deflate",
        "accept": "*/*",
        "connection": "keep-alive",
        "X-Hub-Task-ID": "6d3ffcf3-8d77-426e-8d3a-725efd23bd84"
    }
}
Fri 2026-05-01 13:54:02:     INFO [        _client:1758 - _send_single_request ] HTTP Request: GET https://api.ibkr.com/v1/api/iserver/marketdata/snapshot?conids=61228752&fields=31%2C86%2C84%2C88%2C85%2C7762%2C55%2C6008 "HTTP/1.1 200 OK"
Fri 2026-05-01 13:54:02:     INFO [     hub_server:192 -               worker ] WORKER: [Task 6d3ffcf3-8d77-426e-8d3a-725efd23bd84] Completed.
INFO:     96.126.109.155:41606 - "GET /hhub/v1/api/iserver/marketdata/snapshot?conids=61228752&fields=31,86,84,88,85,7762,55,6008 HTTP/1.1" 200 OK
Fri 2026-05-01 13:54:37:     INFO [        _client:1758 - _send_single_request ] HTTP Request: GET https://api.ibkr.com/v1/api/tickle "HTTP/1.1 200 OK"
Fri 2026-05-01 13:55:03:     INFO [     hub_server:289 -                relay ] RELAY: [Task 8488e00b-fcd8-4ea7-ab5b-b9addb50c5c2] Adding to queue:
{
    "method": "GET",
    "url": "https://api.ibkr.com/v1/api/iserver/marketdata/snapshot",
    "params": {
        "conids": "61228752",
        "fields": "31,86,84,88,85,7762,55,6008"
    },
    "content": "",
    "headers": {
        "user-agent": "python-requests/2.31.0",
        "accept-encoding": "gzip, deflate",
        "accept": "*/*",
        "connection": "keep-alive",
        "X-Hub-Task-ID": "8488e00b-fcd8-4ea7-ab5b-b9addb50c5c2"
    }
}
Fri 2026-05-01 13:55:03:     INFO [        _client:1758 - _send_single_request ] HTTP Request: GET https://api.ibkr.com/v1/api/iserver/marketdata/snapshot?conids=61228752&fields=31%2C86%2C84%2C88%2C85%2C7762%2C55%2C6008 "HTTP/1.1 200 OK"
Fri 2026-05-01 13:55:03:     INFO [     hub_server:192 -               worker ] WORKER: [Task 8488e00b-fcd8-4ea7-ab5b-b9addb50c5c2] Completed.
INFO:     96.126.109.155:60652 - "GET /hhub/v1/api/iserver/marketdata/snapshot?conids=61228752&fields=31,86,84,88,85,7762,55,6008 HTTP/1.1" 200 OK
Fri 2026-05-01 13:55:22:     INFO [        _client:1758 - _send_single_request ] HTTP Request: GET https://api.ibkr.com/v1/api/tickle "HTTP/1.1 200 OK"
Fri 2026-05-01 13:56:01:     INFO [     hub_server:289 -                relay ] RELAY: [Task 3a7d3e91-befb-4069-8fa6-44c72696108a] Adding to queue:
{
    "method": "GET",
    "url": "https://api.ibkr.com/v1/api/iserver/marketdata/snapshot",
    "params": {
        "conids": "61228752",
        "fields": "31,86,84,88,85,7762,55,6008"
    },
    "content": "",
    "headers": {
        "user-agent": "python-requests/2.31.0",
        "accept-encoding": "gzip, deflate",
        "accept": "*/*",
        "connection": "keep-alive",
        "X-Hub-Task-ID": "3a7d3e91-befb-4069-8fa6-44c72696108a"
    }
}
Fri 2026-05-01 13:56:01:     INFO [        _client:1758 - _send_single_request ] HTTP Request: GET https://api.ibkr.com/v1/api/iserver/marketdata/snapshot?conids=61228752&fields=31%2C86%2C84%2C88%2C85%2C7762%2C55%2C6008 "HTTP/1.1 200 OK"
Fri 2026-05-01 13:56:01:     INFO [     hub_server:192 -               worker ] WORKER: [Task 3a7d3e91-befb-4069-8fa6-44c72696108a] Completed.
INFO:     96.126.109.155:42118 - "GET /hhub/v1/api/iserver/marketdata/snapshot?conids=61228752&fields=31,86,84,88,85,7762,55,6008 HTTP/1.1" 200 OK
Fri 2026-05-01 13:56:07:     INFO [        _client:1758 - _send_single_request ] HTTP Request: GET https://api.ibkr.com/v1/api/tickle "HTTP/1.1 200 OK"
Fri 2026-05-01 13:56:53:     INFO [        _client:1758 - _send_single_request ] HTTP Request: GET https://api.ibkr.com/v1/api/tickle "HTTP/1.1 200 OK"
Fri 2026-05-01 13:57:02:     INFO [     hub_server:289 -                relay ] RELAY: [Task c480ac90-85f7-499a-8834-7d49ab1eb269] Adding to queue:
{
    "method": "GET",
    "url": "https://api.ibkr.com/v1/api/iserver/marketdata/snapshot",
    "params": {
        "conids": "61228752",
        "fields": "31,86,84,88,85,7762,55,6008"
    },
    "content": "",
    "headers": {
        "user-agent": "python-requests/2.31.0",
        "accept-encoding": "gzip, deflate",
        "accept": "*/*",
        "connection": "keep-alive",
        "X-Hub-Task-ID": "c480ac90-85f7-499a-8834-7d49ab1eb269"
    }
}
Fri 2026-05-01 13:57:02:     INFO [        _client:1758 - _send_single_request ] HTTP Request: GET https://api.ibkr.com/v1/api/iserver/marketdata/snapshot?conids=61228752&fields=31%2C86%2C84%2C88%2C85%2C7762%2C55%2C6008 "HTTP/1.1 200 OK"
Fri 2026-05-01 13:57:02:     INFO [     hub_server:192 -               worker ] WORKER: [Task c480ac90-85f7-499a-8834-7d49ab1eb269] Completed.
INFO:     96.126.109.155:39706 - "GET /hhub/v1/api/iserver/marketdata/snapshot?conids=61228752&fields=31,86,84,88,85,7762,55,6008 HTTP/1.1" 200 OK
Fri 2026-05-01 13:57:38:     INFO [        _client:1758 - _send_single_request ] HTTP Request: GET https://api.ibkr.com/v1/api/tickle "HTTP/1.1 200 OK"
Fri 2026-05-01 13:58:02:     INFO [     hub_server:289 -                relay ] RELAY: [Task ce964d75-832e-407d-b076-280f0abd0e40] Adding to queue:
{
    "method": "GET",
    "url": "https://api.ibkr.com/v1/api/iserver/marketdata/snapshot",
    "params": {
        "conids": "61228752",
        "fields": "31,86,84,88,85,7762,55,6008"
    },
    "content": "",
    "headers": {
        "user-agent": "python-requests/2.31.0",
        "accept-encoding": "gzip, deflate",
        "accept": "*/*",
        "connection": "keep-alive",
        "X-Hub-Task-ID": "ce964d75-832e-407d-b076-280f0abd0e40"
    }
}
Fri 2026-05-01 13:58:02:     INFO [        _client:1758 - _send_single_request ] HTTP Request: GET https://api.ibkr.com/v1/api/iserver/marketdata/snapshot?conids=61228752&fields=31%2C86%2C84%2C88%2C85%2C7762%2C55%2C6008 "HTTP/1.1 200 OK"
Fri 2026-05-01 13:58:02:     INFO [     hub_server:192 -               worker ] WORKER: [Task ce964d75-832e-407d-b076-280f0abd0e40] Completed.
INFO:     96.126.109.155:51256 - "GET /hhub/v1/api/iserver/marketdata/snapshot?conids=61228752&fields=31,86,84,88,85,7762,55,6008 HTTP/1.1" 200 OK
Fri 2026-05-01 13:58:23:     INFO [        _client:1758 - _send_single_request ] HTTP Request: GET https://api.ibkr.com/v1/api/tickle "HTTP/1.1 200 OK"
Fri 2026-05-01 13:59:02:     INFO [     hub_server:289 -                relay ] RELAY: [Task dfbac170-5250-46de-aa14-d9bba97b5522] Adding to queue:
{
    "method": "GET",
    "url": "https://api.ibkr.com/v1/api/iserver/marketdata/snapshot",
    "params": {
        "conids": "61228752",
        "fields": "31,86,84,88,85,7762,55,6008"
    },
    "content": "",
    "headers": {
        "user-agent": "python-requests/2.31.0",
        "accept-encoding": "gzip, deflate",
        "accept": "*/*",
        "connection": "keep-alive",
        "X-Hub-Task-ID": "dfbac170-5250-46de-aa14-d9bba97b5522"
    }
}
Fri 2026-05-01 13:59:02:     INFO [        _client:1758 - _send_single_request ] HTTP Request: GET https://api.ibkr.com/v1/api/iserver/marketdata/snapshot?conids=61228752&fields=31%2C86%2C84%2C88%2C85%2C7762%2C55%2C6008 "HTTP/1.1 200 OK"
Fri 2026-05-01 13:59:02:     INFO [     hub_server:192 -               worker ] WORKER: [Task dfbac170-5250-46de-aa14-d9bba97b5522] Completed.
INFO:     96.126.109.155:40550 - "GET /hhub/v1/api/iserver/marketdata/snapshot?conids=61228752&fields=31,86,84,88,85,7762,55,6008 HTTP/1.1" 200 OK
Fri 2026-05-01 13:59:08:     INFO [        _client:1758 - _send_single_request ] HTTP Request: GET https://api.ibkr.com/v1/api/tickle "HTTP/1.1 200 OK"
Fri 2026-05-01 13:59:53:     INFO [        _client:1758 - _send_single_request ] HTTP Request: GET https://api.ibkr.com/v1/api/tickle "HTTP/1.1 200 OK"
Fri 2026-05-01 14:00:03:     INFO [     hub_server:289 -                relay ] RELAY: [Task 2c37a710-440c-4485-a75d-1ff4c8bb02fe] Adding to queue:
{
    "method": "GET",
    "url": "https://api.ibkr.com/v1/api/iserver/marketdata/snapshot",
    "params": {
        "conids": "61228752",
        "fields": "31,86,84,88,85,7762,55,6008"
    },
    "content": "",
    "headers": {
        "user-agent": "python-requests/2.31.0",
        "accept-encoding": "gzip, deflate",
        "accept": "*/*",
        "connection": "keep-alive",
        "X-Hub-Task-ID": "2c37a710-440c-4485-a75d-1ff4c8bb02fe"
    }
}
Fri 2026-05-01 14:00:03:     INFO [        _client:1758 - _send_single_request ] HTTP Request: GET https://api.ibkr.com/v1/api/iserver/marketdata/snapshot?conids=61228752&fields=31%2C86%2C84%2C88%2C85%2C7762%2C55%2C6008 "HTTP/1.1 200 OK"
Fri 2026-05-01 14:00:03:     INFO [     hub_server:192 -               worker ] WORKER: [Task 2c37a710-440c-4485-a75d-1ff4c8bb02fe] Completed.
INFO:     96.126.109.155:44340 - "GET /hhub/v1/api/iserver/marketdata/snapshot?conids=61228752&fields=31,86,84,88,85,7762,55,6008 HTTP/1.1" 200 OK
Fri 2026-05-01 14:00:38:     INFO [        _client:1758 - _send_single_request ] HTTP Request: GET https://api.ibkr.com/v1/api/tickle "HTTP/1.1 200 OK"
Fri 2026-05-01 14:01:00:     INFO [     hub_server:289 -                relay ] RELAY: [Task 4815b3dc-f381-47c7-a995-bbe1627bf920] Adding to queue:
{
    "method": "GET",
    "url": "https://api.ibkr.com/v1/api/iserver/marketdata/snapshot",
    "params": {
        "conids": "61228752",
        "fields": "31,86,84,88,85,7762,55,6008"
    },
    "content": "",
    "headers": {
        "user-agent": "python-requests/2.31.0",
        "accept-encoding": "gzip, deflate",
        "accept": "*/*",
        "connection": "keep-alive",
        "X-Hub-Task-ID": "4815b3dc-f381-47c7-a995-bbe1627bf920"
    }
}
Fri 2026-05-01 14:01:00:     INFO [        _client:1758 - _send_single_request ] HTTP Request: GET https://api.ibkr.com/v1/api/iserver/marketdata/snapshot?conids=61228752&fields=31%2C86%2C84%2C88%2C85%2C7762%2C55%2C6008 "HTTP/1.1 200 OK"
Fri 2026-05-01 14:01:00:     INFO [     hub_server:192 -               worker ] WORKER: [Task 4815b3dc-f381-47c7-a995-bbe1627bf920] Completed.
INFO:     96.126.109.155:34366 - "GET /hhub/v1/api/iserver/marketdata/snapshot?conids=61228752&fields=31,86,84,88,85,7762,55,6008 HTTP/1.1" 200 OK
Fri 2026-05-01 14:01:23:     INFO [        _client:1758 - _send_single_request ] HTTP Request: GET https://api.ibkr.com/v1/api/tickle "HTTP/1.1 200 OK"
Fri 2026-05-01 14:02:01:     INFO [     hub_server:289 -                relay ] RELAY: [Task df8c202b-be7c-4bde-b0e6-25bd3249ac01] Adding to queue:
{
    "method": "GET",
    "url": "https://api.ibkr.com/v1/api/iserver/marketdata/snapshot",
    "params": {
        "conids": "61228752",
        "fields": "31,86,84,88,85,7762,55,6008"
    },
    "content": "",
    "headers": {
        "user-agent": "python-requests/2.31.0",
        "accept-encoding": "gzip, deflate",
        "accept": "*/*",
        "connection": "keep-alive",
        "X-Hub-Task-ID": "df8c202b-be7c-4bde-b0e6-25bd3249ac01"
    }
}
Fri 2026-05-01 14:02:01:     INFO [        _client:1758 - _send_single_request ] HTTP Request: GET https://api.ibkr.com/v1/api/iserver/marketdata/snapshot?conids=61228752&fields=31%2C86%2C84%2C88%2C85%2C7762%2C55%2C6008 "HTTP/1.1 200 OK"
Fri 2026-05-01 14:02:01:     INFO [     hub_server:192 -               worker ] WORKER: [Task df8c202b-be7c-4bde-b0e6-25bd3249ac01] Completed.
INFO:     96.126.109.155:57664 - "GET /hhub/v1/api/iserver/marketdata/snapshot?conids=61228752&fields=31,86,84,88,85,7762,55,6008 HTTP/1.1" 200 OK
Fri 2026-05-01 14:02:08:     INFO [        _client:1758 - _send_single_request ] HTTP Request: GET https://api.ibkr.com/v1/api/tickle "HTTP/1.1 200 OK"
Fri 2026-05-01 14:02:53:     INFO [        _client:1758 - _send_single_request ] HTTP Request: GET https://api.ibkr.com/v1/api/tickle "HTTP/1.1 200 OK"
Fri 2026-05-01 14:03:01:     INFO [     hub_server:289 -                relay ] RELAY: [Task af7caa57-a7f0-4de0-a058-064341a35419] Adding to queue:
{
    "method": "GET",
    "url": "https://api.ibkr.com/v1/api/iserver/marketdata/snapshot",
    "params": {
        "conids": "61228752",
        "fields": "31,86,84,88,85,7762,55,6008"
    },
    "content": "",
    "headers": {
        "user-agent": "python-requests/2.31.0",
        "accept-encoding": "gzip, deflate",
        "accept": "*/*",
        "connection": "keep-alive",
        "X-Hub-Task-ID": "af7caa57-a7f0-4de0-a058-064341a35419"
    }
}
Fri 2026-05-01 14:03:01:     INFO [        _client:1758 - _send_single_request ] HTTP Request: GET https://api.ibkr.com/v1/api/iserver/marketdata/snapshot?conids=61228752&fields=31%2C86%2C84%2C88%2C85%2C7762%2C55%2C6008 "HTTP/1.1 200 OK"
Fri 2026-05-01 14:03:01:     INFO [     hub_server:192 -               worker ] WORKER: [Task af7caa57-a7f0-4de0-a058-064341a35419] Completed.
INFO:     96.126.109.155:33874 - "GET /hhub/v1/api/iserver/marketdata/snapshot?conids=61228752&fields=31,86,84,88,85,7762,55,6008 HTTP/1.1" 200 OK
Fri 2026-05-01 14:03:38:     INFO [        _client:1758 - _send_single_request ] HTTP Request: GET https://api.ibkr.com/v1/api/tickle "HTTP/1.1 200 OK"
Fri 2026-05-01 14:04:01:     INFO [     hub_server:289 -                relay ] RELAY: [Task 02b6313a-cda4-4f67-9b2c-04f3456ee221] Adding to queue:
{
    "method": "GET",
    "url": "https://api.ibkr.com/v1/api/iserver/marketdata/snapshot",
    "params": {
        "conids": "61228752",
        "fields": "31,86,84,88,85,7762,55,6008"
    },
    "content": "",
    "headers": {
        "user-agent": "python-requests/2.31.0",
        "accept-encoding": "gzip, deflate",
        "accept": "*/*",
        "connection": "keep-alive",
        "X-Hub-Task-ID": "02b6313a-cda4-4f67-9b2c-04f3456ee221"
    }
}
Fri 2026-05-01 14:04:02:     INFO [        _client:1758 - _send_single_request ] HTTP Request: GET https://api.ibkr.com/v1/api/iserver/marketdata/snapshot?conids=61228752&fields=31%2C86%2C84%2C88%2C85%2C7762%2C55%2C6008 "HTTP/1.1 200 OK"
Fri 2026-05-01 14:04:02:     INFO [     hub_server:192 -               worker ] WORKER: [Task 02b6313a-cda4-4f67-9b2c-04f3456ee221] Completed.
INFO:     96.126.109.155:37180 - "GET /hhub/v1/api/iserver/marketdata/snapshot?conids=61228752&fields=31,86,84,88,85,7762,55,6008 HTTP/1.1" 200 OK
Fri 2026-05-01 14:04:24:     INFO [        _client:1758 - _send_single_request ] HTTP Request: GET https://api.ibkr.com/v1/api/tickle "HTTP/1.1 200 OK"
Fri 2026-05-01 14:05:02:     INFO [     hub_server:289 -                relay ] RELAY: [Task 06ebb10b-04b9-4b10-b29d-38a60c190738] Adding to queue:
{
    "method": "GET",
    "url": "https://api.ibkr.com/v1/api/iserver/marketdata/snapshot",
    "params": {
        "conids": "61228752",
        "fields": "31,86,84,88,85,7762,55,6008"
    },
    "content": "",
    "headers": {
        "user-agent": "python-requests/2.31.0",
        "accept-encoding": "gzip, deflate",
        "accept": "*/*",
        "connection": "keep-alive",
        "X-Hub-Task-ID": "06ebb10b-04b9-4b10-b29d-38a60c190738"
    }
}
Fri 2026-05-01 14:05:02:     INFO [        _client:1758 - _send_single_request ] HTTP Request: GET https://api.ibkr.com/v1/api/iserver/marketdata/snapshot?conids=61228752&fields=31%2C86%2C84%2C88%2C85%2C7762%2C55%2C6008 "HTTP/1.1 200 OK"
Fri 2026-05-01 14:05:02:     INFO [     hub_server:192 -               worker ] WORKER: [Task 06ebb10b-04b9-4b10-b29d-38a60c190738] Completed.
INFO:     96.126.109.155:42434 - "GET /hhub/v1/api/iserver/marketdata/snapshot?conids=61228752&fields=31,86,84,88,85,7762,55,6008 HTTP/1.1" 200 OK
Fri 2026-05-01 14:05:09:     INFO [        _client:1758 - _send_single_request ] HTTP Request: GET https://api.ibkr.com/v1/api/tickle "HTTP/1.1 200 OK"
Fri 2026-05-01 14:05:54:     INFO [        _client:1758 - _send_single_request ] HTTP Request: GET https://api.ibkr.com/v1/api/tickle "HTTP/1.1 200 OK"
Fri 2026-05-01 14:06:03:     INFO [     hub_server:289 -                relay ] RELAY: [Task 93c0a22c-23c6-4a95-b5f7-ed8d07777499] Adding to queue:
{
    "method": "GET",
    "url": "https://api.ibkr.com/v1/api/iserver/marketdata/snapshot",
    "params": {
        "conids": "61228752",
        "fields": "31,86,84,88,85,7762,55,6008"
    },
    "content": "",
    "headers": {
        "user-agent": "python-requests/2.31.0",
        "accept-encoding": "gzip, deflate",
        "accept": "*/*",
        "connection": "keep-alive",
        "X-Hub-Task-ID": "93c0a22c-23c6-4a95-b5f7-ed8d07777499"
    }
}
Fri 2026-05-01 14:06:03:     INFO [        _client:1758 - _send_single_request ] HTTP Request: GET https://api.ibkr.com/v1/api/iserver/marketdata/snapshot?conids=61228752&fields=31%2C86%2C84%2C88%2C85%2C7762%2C55%2C6008 "HTTP/1.1 200 OK"
Fri 2026-05-01 14:06:03:     INFO [     hub_server:192 -               worker ] WORKER: [Task 93c0a22c-23c6-4a95-b5f7-ed8d07777499] Completed.
INFO:     96.126.109.155:58142 - "GET /hhub/v1/api/iserver/marketdata/snapshot?conids=61228752&fields=31,86,84,88,85,7762,55,6008 HTTP/1.1" 200 OK
Fri 2026-05-01 14:06:39:     INFO [        _client:1758 - _send_single_request ] HTTP Request: GET https://api.ibkr.com/v1/api/tickle "HTTP/1.1 200 OK"
Fri 2026-05-01 14:07:01:     INFO [     hub_server:289 -                relay ] RELAY: [Task d2a5b1fb-ccb7-4b67-a4ca-a859946a0c50] Adding to queue:
{
    "method": "GET",
    "url": "https://api.ibkr.com/v1/api/iserver/marketdata/snapshot",
    "params": {
        "conids": "61228752",
        "fields": "31,86,84,88,85,7762,55,6008"
    },
    "content": "",
    "headers": {
        "user-agent": "python-requests/2.31.0",
        "accept-encoding": "gzip, deflate",
        "accept": "*/*",
        "connection": "keep-alive",
        "X-Hub-Task-ID": "d2a5b1fb-ccb7-4b67-a4ca-a859946a0c50"
    }
}
Fri 2026-05-01 14:07:01:     INFO [        _client:1758 - _send_single_request ] HTTP Request: GET https://api.ibkr.com/v1/api/iserver/marketdata/snapshot?conids=61228752&fields=31%2C86%2C84%2C88%2C85%2C7762%2C55%2C6008 "HTTP/1.1 200 OK"
Fri 2026-05-01 14:07:01:     INFO [     hub_server:192 -               worker ] WORKER: [Task d2a5b1fb-ccb7-4b67-a4ca-a859946a0c50] Completed.
INFO:     96.126.109.155:44614 - "GET /hhub/v1/api/iserver/marketdata/snapshot?conids=61228752&fields=31,86,84,88,85,7762,55,6008 HTTP/1.1" 200 OK
Fri 2026-05-01 14:07:24:     INFO [        _client:1758 - _send_single_request ] HTTP Request: GET https://api.ibkr.com/v1/api/tickle "HTTP/1.1 200 OK"
Fri 2026-05-01 14:08:02:     INFO [     hub_server:289 -                relay ] RELAY: [Task 3ff02486-0521-4d2d-abe8-38ad77171af9] Adding to queue:
{
    "method": "GET",
    "url": "https://api.ibkr.com/v1/api/iserver/marketdata/snapshot",
    "params": {
        "conids": "61228752",
        "fields": "31,86,84,88,85,7762,55,6008"
    },
    "content": "",
    "headers": {
        "user-agent": "python-requests/2.31.0",
        "accept-encoding": "gzip, deflate",
        "accept": "*/*",
        "connection": "keep-alive",
        "X-Hub-Task-ID": "3ff02486-0521-4d2d-abe8-38ad77171af9"
    }
}
Fri 2026-05-01 14:08:02:     INFO [        _client:1758 - _send_single_request ] HTTP Request: GET https://api.ibkr.com/v1/api/iserver/marketdata/snapshot?conids=61228752&fields=31%2C86%2C84%2C88%2C85%2C7762%2C55%2C6008 "HTTP/1.1 200 OK"
Fri 2026-05-01 14:08:02:     INFO [     hub_server:192 -               worker ] WORKER: [Task 3ff02486-0521-4d2d-abe8-38ad77171af9] Completed.
INFO:     96.126.109.155:43374 - "GET /hhub/v1/api/iserver/marketdata/snapshot?conids=61228752&fields=31,86,84,88,85,7762,55,6008 HTTP/1.1" 200 OK
Fri 2026-05-01 14:08:09:     INFO [        _client:1758 - _send_single_request ] HTTP Request: GET https://api.ibkr.com/v1/api/tickle "HTTP/1.1 200 OK"
Fri 2026-05-01 14:08:54:     INFO [        _client:1758 - _send_single_request ] HTTP Request: GET https://api.ibkr.com/v1/api/tickle "HTTP/1.1 200 OK"
Fri 2026-05-01 14:09:02:     INFO [     hub_server:289 -                relay ] RELAY: [Task 8709c466-b03b-4527-8b37-9ce5d4bb87ae] Adding to queue:
{
    "method": "GET",
    "url": "https://api.ibkr.com/v1/api/iserver/marketdata/snapshot",
    "params": {
        "conids": "61228752",
        "fields": "31,86,84,88,85,7762,55,6008"
    },
    "content": "",
    "headers": {
        "user-agent": "python-requests/2.31.0",
        "accept-encoding": "gzip, deflate",
        "accept": "*/*",
        "connection": "keep-alive",
        "X-Hub-Task-ID": "8709c466-b03b-4527-8b37-9ce5d4bb87ae"
    }
}
Fri 2026-05-01 14:09:02:     INFO [        _client:1758 - _send_single_request ] HTTP Request: GET https://api.ibkr.com/v1/api/iserver/marketdata/snapshot?conids=61228752&fields=31%2C86%2C84%2C88%2C85%2C7762%2C55%2C6008 "HTTP/1.1 200 OK"
Fri 2026-05-01 14:09:02:     INFO [     hub_server:192 -               worker ] WORKER: [Task 8709c466-b03b-4527-8b37-9ce5d4bb87ae] Completed.
INFO:     96.126.109.155:34946 - "GET /hhub/v1/api/iserver/marketdata/snapshot?conids=61228752&fields=31,86,84,88,85,7762,55,6008 HTTP/1.1" 200 OK
Fri 2026-05-01 14:09:39:     INFO [        _client:1758 - _send_single_request ] HTTP Request: GET https://api.ibkr.com/v1/api/tickle "HTTP/1.1 200 OK"
Fri 2026-05-01 14:10:03:     INFO [     hub_server:289 -                relay ] RELAY: [Task 9df4e0f0-1662-4759-964e-ea19a130ce7d] Adding to queue:
{
    "method": "GET",
    "url": "https://api.ibkr.com/v1/api/iserver/marketdata/snapshot",
    "params": {
        "conids": "61228752",
        "fields": "31,86,84,88,85,7762,55,6008"
    },
    "content": "",
    "headers": {
        "user-agent": "python-requests/2.31.0",
        "accept-encoding": "gzip, deflate",
        "accept": "*/*",
        "connection": "keep-alive",
        "X-Hub-Task-ID": "9df4e0f0-1662-4759-964e-ea19a130ce7d"
    }
}
Fri 2026-05-01 14:10:03:     INFO [        _client:1758 - _send_single_request ] HTTP Request: GET https://api.ibkr.com/v1/api/iserver/marketdata/snapshot?conids=61228752&fields=31%2C86%2C84%2C88%2C85%2C7762%2C55%2C6008 "HTTP/1.1 200 OK"
Fri 2026-05-01 14:10:03:     INFO [     hub_server:192 -               worker ] WORKER: [Task 9df4e0f0-1662-4759-964e-ea19a130ce7d] Completed.
INFO:     96.126.109.155:59336 - "GET /hhub/v1/api/iserver/marketdata/snapshot?conids=61228752&fields=31,86,84,88,85,7762,55,6008 HTTP/1.1" 200 OK
Fri 2026-05-01 14:10:24:     INFO [        _client:1758 - _send_single_request ] HTTP Request: GET https://api.ibkr.com/v1/api/tickle "HTTP/1.1 200 OK"
Fri 2026-05-01 14:11:01:     INFO [     hub_server:289 -                relay ] RELAY: [Task 3603a97a-d411-4e68-825c-46083593b55e] Adding to queue:
{
    "method": "GET",
    "url": "https://api.ibkr.com/v1/api/iserver/marketdata/snapshot",
    "params": {
        "conids": "61228752",
        "fields": "31,86,84,88,85,7762,55,6008"
    },
    "content": "",
    "headers": {
        "user-agent": "python-requests/2.31.0",
        "accept-encoding": "gzip, deflate",
        "accept": "*/*",
        "connection": "keep-alive",
        "X-Hub-Task-ID": "3603a97a-d411-4e68-825c-46083593b55e"
    }
}
Fri 2026-05-01 14:11:01:     INFO [        _client:1758 - _send_single_request ] HTTP Request: GET https://api.ibkr.com/v1/api/iserver/marketdata/snapshot?conids=61228752&fields=31%2C86%2C84%2C88%2C85%2C7762%2C55%2C6008 "HTTP/1.1 200 OK"
Fri 2026-05-01 14:11:01:     INFO [     hub_server:192 -               worker ] WORKER: [Task 3603a97a-d411-4e68-825c-46083593b55e] Completed.
INFO:     96.126.109.155:48648 - "GET /hhub/v1/api/iserver/marketdata/snapshot?conids=61228752&fields=31,86,84,88,85,7762,55,6008 HTTP/1.1" 200 OK
Fri 2026-05-01 14:11:09:     INFO [        _client:1758 - _send_single_request ] HTTP Request: GET https://api.ibkr.com/v1/api/tickle "HTTP/1.1 200 OK"
Fri 2026-05-01 14:11:54:     INFO [        _client:1758 - _send_single_request ] HTTP Request: GET https://api.ibkr.com/v1/api/tickle "HTTP/1.1 200 OK"
Fri 2026-05-01 14:12:01:     INFO [     hub_server:289 -                relay ] RELAY: [Task 04b84225-9013-4dc2-b803-bffec1c24a59] Adding to queue:
{
    "method": "GET",
    "url": "https://api.ibkr.com/v1/api/iserver/marketdata/snapshot",
    "params": {
        "conids": "61228752",
        "fields": "31,86,84,88,85,7762,55,6008"
    },
    "content": "",
    "headers": {
        "user-agent": "python-requests/2.31.0",
        "accept-encoding": "gzip, deflate",
        "accept": "*/*",
        "connection": "keep-alive",
        "X-Hub-Task-ID": "04b84225-9013-4dc2-b803-bffec1c24a59"
    }
}
Fri 2026-05-01 14:12:01:     INFO [        _client:1758 - _send_single_request ] HTTP Request: GET https://api.ibkr.com/v1/api/iserver/marketdata/snapshot?conids=61228752&fields=31%2C86%2C84%2C88%2C85%2C7762%2C55%2C6008 "HTTP/1.1 200 OK"
Fri 2026-05-01 14:12:01:     INFO [     hub_server:192 -               worker ] WORKER: [Task 04b84225-9013-4dc2-b803-bffec1c24a59] Completed.
INFO:     96.126.109.155:42320 - "GET /hhub/v1/api/iserver/marketdata/snapshot?conids=61228752&fields=31,86,84,88,85,7762,55,6008 HTTP/1.1" 200 OK
Fri 2026-05-01 14:12:39:     INFO [        _client:1758 - _send_single_request ] HTTP Request: GET https://api.ibkr.com/v1/api/tickle "HTTP/1.1 200 OK"
Fri 2026-05-01 14:13:02:     INFO [     hub_server:289 -                relay ] RELAY: [Task c9cc892f-6bc6-4119-b171-1eee75bf96e0] Adding to queue:
{
    "method": "GET",
    "url": "https://api.ibkr.com/v1/api/iserver/marketdata/snapshot",
    "params": {
        "conids": "61228752",
        "fields": "31,86,84,88,85,7762,55,6008"
    },
    "content": "",
    "headers": {
        "user-agent": "python-requests/2.31.0",
        "accept-encoding": "gzip, deflate",
        "accept": "*/*",
        "connection": "keep-alive",
        "X-Hub-Task-ID": "c9cc892f-6bc6-4119-b171-1eee75bf96e0"
    }
}
Fri 2026-05-01 14:13:02:     INFO [        _client:1758 - _send_single_request ] HTTP Request: GET https://api.ibkr.com/v1/api/iserver/marketdata/snapshot?conids=61228752&fields=31%2C86%2C84%2C88%2C85%2C7762%2C55%2C6008 "HTTP/1.1 200 OK"
Fri 2026-05-01 14:13:02:     INFO [     hub_server:192 -               worker ] WORKER: [Task c9cc892f-6bc6-4119-b171-1eee75bf96e0] Completed.
INFO:     96.126.109.155:47660 - "GET /hhub/v1/api/iserver/marketdata/snapshot?conids=61228752&fields=31,86,84,88,85,7762,55,6008 HTTP/1.1" 200 OK
Fri 2026-05-01 14:13:25:     INFO [        _client:1758 - _send_single_request ] HTTP Request: GET https://api.ibkr.com/v1/api/tickle "HTTP/1.1 200 OK"
Fri 2026-05-01 14:14:03:     INFO [     hub_server:289 -                relay ] RELAY: [Task 35702933-eb33-4f66-aaf1-57126909e511] Adding to queue:
{
    "method": "GET",
    "url": "https://api.ibkr.com/v1/api/iserver/marketdata/snapshot",
    "params": {
        "conids": "61228752",
        "fields": "31,86,84,88,85,7762,55,6008"
    },
    "content": "",
    "headers": {
        "user-agent": "python-requests/2.31.0",
        "accept-encoding": "gzip, deflate",
        "accept": "*/*",
        "connection": "keep-alive",
        "X-Hub-Task-ID": "35702933-eb33-4f66-aaf1-57126909e511"
    }
}
Fri 2026-05-01 14:14:03:     INFO [        _client:1758 - _send_single_request ] HTTP Request: GET https://api.ibkr.com/v1/api/iserver/marketdata/snapshot?conids=61228752&fields=31%2C86%2C84%2C88%2C85%2C7762%2C55%2C6008 "HTTP/1.1 200 OK"
Fri 2026-05-01 14:14:03:     INFO [     hub_server:192 -               worker ] WORKER: [Task 35702933-eb33-4f66-aaf1-57126909e511] Completed.
INFO:     96.126.109.155:59788 - "GET /hhub/v1/api/iserver/marketdata/snapshot?conids=61228752&fields=31,86,84,88,85,7762,55,6008 HTTP/1.1" 200 OK
Fri 2026-05-01 14:14:10:     INFO [        _client:1758 - _send_single_request ] HTTP Request: GET https://api.ibkr.com/v1/api/tickle "HTTP/1.1 200 OK"
Fri 2026-05-01 14:14:55:     INFO [        _client:1758 - _send_single_request ] HTTP Request: GET https://api.ibkr.com/v1/api/tickle "HTTP/1.1 200 OK"
Fri 2026-05-01 14:15:00:     INFO [     hub_server:289 -                relay ] RELAY: [Task 750e932b-8b96-4a00-8d10-e1b93b71ccf9] Adding to queue:
{
    "method": "GET",
    "url": "https://api.ibkr.com/v1/api/iserver/marketdata/snapshot",
    "params": {
        "conids": "61228752",
        "fields": "31,86,84,88,85,7762,55,6008"
    },
    "content": "",
    "headers": {
        "user-agent": "python-requests/2.31.0",
        "accept-encoding": "gzip, deflate",
        "accept": "*/*",
        "connection": "keep-alive",
        "X-Hub-Task-ID": "750e932b-8b96-4a00-8d10-e1b93b71ccf9"
    }
}
Fri 2026-05-01 14:15:00:     INFO [        _client:1758 - _send_single_request ] HTTP Request: GET https://api.ibkr.com/v1/api/iserver/marketdata/snapshot?conids=61228752&fields=31%2C86%2C84%2C88%2C85%2C7762%2C55%2C6008 "HTTP/1.1 200 OK"
Fri 2026-05-01 14:15:00:     INFO [     hub_server:192 -               worker ] WORKER: [Task 750e932b-8b96-4a00-8d10-e1b93b71ccf9] Completed.
INFO:     96.126.109.155:54390 - "GET /hhub/v1/api/iserver/marketdata/snapshot?conids=61228752&fields=31,86,84,88,85,7762,55,6008 HTTP/1.1" 200 OK
Fri 2026-05-01 14:15:40:     INFO [        _client:1758 - _send_single_request ] HTTP Request: GET https://api.ibkr.com/v1/api/tickle "HTTP/1.1 200 OK"
Fri 2026-05-01 14:16:01:     INFO [     hub_server:289 -                relay ] RELAY: [Task c8306733-ed78-4983-95e2-2ea25241c8c3] Adding to queue:
{
    "method": "GET",
    "url": "https://api.ibkr.com/v1/api/iserver/marketdata/snapshot",
    "params": {
        "conids": "61228752",
        "fields": "31,86,84,88,85,7762,55,6008"
    },
    "content": "",
    "headers": {
        "user-agent": "python-requests/2.31.0",
        "accept-encoding": "gzip, deflate",
        "accept": "*/*",
        "connection": "keep-alive",
        "X-Hub-Task-ID": "c8306733-ed78-4983-95e2-2ea25241c8c3"
    }
}
Fri 2026-05-01 14:16:01:     INFO [        _client:1758 - _send_single_request ] HTTP Request: GET https://api.ibkr.com/v1/api/iserver/marketdata/snapshot?conids=61228752&fields=31%2C86%2C84%2C88%2C85%2C7762%2C55%2C6008 "HTTP/1.1 200 OK"
Fri 2026-05-01 14:16:01:     INFO [     hub_server:192 -               worker ] WORKER: [Task c8306733-ed78-4983-95e2-2ea25241c8c3] Completed.
INFO:     96.126.109.155:43200 - "GET /hhub/v1/api/iserver/marketdata/snapshot?conids=61228752&fields=31,86,84,88,85,7762,55,6008 HTTP/1.1" 200 OK
Fri 2026-05-01 14:16:25:     INFO [        _client:1758 - _send_single_request ] HTTP Request: GET https://api.ibkr.com/v1/api/tickle "HTTP/1.1 200 OK"
Fri 2026-05-01 14:17:01:     INFO [     hub_server:289 -                relay ] RELAY: [Task 2f8ca08f-2ffa-4274-b6ec-0f9456badf6c] Adding to queue:
{
    "method": "GET",
    "url": "https://api.ibkr.com/v1/api/iserver/marketdata/snapshot",
    "params": {
        "conids": "61228752",
        "fields": "31,86,84,88,85,7762,55,6008"
    },
    "content": "",
    "headers": {
        "user-agent": "python-requests/2.31.0",
        "accept-encoding": "gzip, deflate",
        "accept": "*/*",
        "connection": "keep-alive",
        "X-Hub-Task-ID": "2f8ca08f-2ffa-4274-b6ec-0f9456badf6c"
    }
}
Fri 2026-05-01 14:17:01:     INFO [        _client:1758 - _send_single_request ] HTTP Request: GET https://api.ibkr.com/v1/api/iserver/marketdata/snapshot?conids=61228752&fields=31%2C86%2C84%2C88%2C85%2C7762%2C55%2C6008 "HTTP/1.1 200 OK"
Fri 2026-05-01 14:17:01:     INFO [     hub_server:192 -               worker ] WORKER: [Task 2f8ca08f-2ffa-4274-b6ec-0f9456badf6c] Completed.
INFO:     96.126.109.155:42262 - "GET /hhub/v1/api/iserver/marketdata/snapshot?conids=61228752&fields=31,86,84,88,85,7762,55,6008 HTTP/1.1" 200 OK
Fri 2026-05-01 14:17:10:     INFO [        _client:1758 - _send_single_request ] HTTP Request: GET https://api.ibkr.com/v1/api/tickle "HTTP/1.1 200 OK"
Fri 2026-05-01 14:17:55:     INFO [        _client:1758 - _send_single_request ] HTTP Request: GET https://api.ibkr.com/v1/api/tickle "HTTP/1.1 200 OK"
Fri 2026-05-01 14:18:02:     INFO [     hub_server:289 -                relay ] RELAY: [Task 1935e388-f52f-4507-922d-00a7816039a6] Adding to queue:
{
    "method": "GET",
    "url": "https://api.ibkr.com/v1/api/iserver/marketdata/snapshot",
    "params": {
        "conids": "61228752",
        "fields": "31,86,84,88,85,7762,55,6008"
    },
    "content": "",
    "headers": {
        "user-agent": "python-requests/2.31.0",
        "accept-encoding": "gzip, deflate",
        "accept": "*/*",
        "connection": "keep-alive",
        "X-Hub-Task-ID": "1935e388-f52f-4507-922d-00a7816039a6"
    }
}
Fri 2026-05-01 14:18:02:     INFO [        _client:1758 - _send_single_request ] HTTP Request: GET https://api.ibkr.com/v1/api/iserver/marketdata/snapshot?conids=61228752&fields=31%2C86%2C84%2C88%2C85%2C7762%2C55%2C6008 "HTTP/1.1 200 OK"
Fri 2026-05-01 14:18:02:     INFO [     hub_server:192 -               worker ] WORKER: [Task 1935e388-f52f-4507-922d-00a7816039a6] Completed.
INFO:     96.126.109.155:40124 - "GET /hhub/v1/api/iserver/marketdata/snapshot?conids=61228752&fields=31,86,84,88,85,7762,55,6008 HTTP/1.1" 200 OK
Fri 2026-05-01 14:18:41:     INFO [        _client:1758 - _send_single_request ] HTTP Request: GET https://api.ibkr.com/v1/api/tickle "HTTP/1.1 200 OK"
Fri 2026-05-01 14:19:02:     INFO [     hub_server:289 -                relay ] RELAY: [Task fcade523-eff7-4960-8449-022f5295ce43] Adding to queue:
{
    "method": "GET",
    "url": "https://api.ibkr.com/v1/api/iserver/marketdata/snapshot",
    "params": {
        "conids": "61228752",
        "fields": "31,86,84,88,85,7762,55,6008"
    },
    "content": "",
    "headers": {
        "user-agent": "python-requests/2.31.0",
        "accept-encoding": "gzip, deflate",
        "accept": "*/*",
        "connection": "keep-alive",
        "X-Hub-Task-ID": "fcade523-eff7-4960-8449-022f5295ce43"
    }
}
Fri 2026-05-01 14:19:03:     INFO [        _client:1758 - _send_single_request ] HTTP Request: GET https://api.ibkr.com/v1/api/iserver/marketdata/snapshot?conids=61228752&fields=31%2C86%2C84%2C88%2C85%2C7762%2C55%2C6008 "HTTP/1.1 200 OK"
Fri 2026-05-01 14:19:03:     INFO [     hub_server:192 -               worker ] WORKER: [Task fcade523-eff7-4960-8449-022f5295ce43] Completed.
INFO:     96.126.109.155:51550 - "GET /hhub/v1/api/iserver/marketdata/snapshot?conids=61228752&fields=31,86,84,88,85,7762,55,6008 HTTP/1.1" 200 OK
Fri 2026-05-01 14:19:26:     INFO [        _client:1758 - _send_single_request ] HTTP Request: GET https://api.ibkr.com/v1/api/tickle "HTTP/1.1 200 OK"
Fri 2026-05-01 14:20:00:     INFO [     hub_server:289 -                relay ] RELAY: [Task acd22651-17e2-4f23-ab1f-b1527555e488] Adding to queue:
{
    "method": "GET",
    "url": "https://api.ibkr.com/v1/api/iserver/marketdata/snapshot",
    "params": {
        "conids": "61228752",
        "fields": "31,86,84,88,85,7762,55,6008"
    },
    "content": "",
    "headers": {
        "user-agent": "python-requests/2.31.0",
        "accept-encoding": "gzip, deflate",
        "accept": "*/*",
        "connection": "keep-alive",
        "X-Hub-Task-ID": "acd22651-17e2-4f23-ab1f-b1527555e488"
    }
}
Fri 2026-05-01 14:20:01:     INFO [        _client:1758 - _send_single_request ] HTTP Request: GET https://api.ibkr.com/v1/api/iserver/marketdata/snapshot?conids=61228752&fields=31%2C86%2C84%2C88%2C85%2C7762%2C55%2C6008 "HTTP/1.1 200 OK"
Fri 2026-05-01 14:20:01:     INFO [     hub_server:192 -               worker ] WORKER: [Task acd22651-17e2-4f23-ab1f-b1527555e488] Completed.
INFO:     96.126.109.155:58062 - "GET /hhub/v1/api/iserver/marketdata/snapshot?conids=61228752&fields=31,86,84,88,85,7762,55,6008 HTTP/1.1" 200 OK
Fri 2026-05-01 14:20:11:     INFO [        _client:1758 - _send_single_request ] HTTP Request: GET https://api.ibkr.com/v1/api/tickle "HTTP/1.1 200 OK"
Fri 2026-05-01 14:20:56:     INFO [        _client:1758 - _send_single_request ] HTTP Request: GET https://api.ibkr.com/v1/api/tickle "HTTP/1.1 200 OK"
Fri 2026-05-01 14:21:01:     INFO [     hub_server:289 -                relay ] RELAY: [Task 46416175-f93b-44e5-9f23-2110ede24118] Adding to queue:
{
    "method": "GET",
    "url": "https://api.ibkr.com/v1/api/iserver/marketdata/snapshot",
    "params": {
        "conids": "61228752",
        "fields": "31,86,84,88,85,7762,55,6008"
    },
    "content": "",
    "headers": {
        "user-agent": "python-requests/2.31.0",
        "accept-encoding": "gzip, deflate",
        "accept": "*/*",
        "connection": "keep-alive",
        "X-Hub-Task-ID": "46416175-f93b-44e5-9f23-2110ede24118"
    }
}
Fri 2026-05-01 14:21:01:     INFO [        _client:1758 - _send_single_request ] HTTP Request: GET https://api.ibkr.com/v1/api/iserver/marketdata/snapshot?conids=61228752&fields=31%2C86%2C84%2C88%2C85%2C7762%2C55%2C6008 "HTTP/1.1 200 OK"
Fri 2026-05-01 14:21:01:     INFO [     hub_server:192 -               worker ] WORKER: [Task 46416175-f93b-44e5-9f23-2110ede24118] Completed.
INFO:     96.126.109.155:39742 - "GET /hhub/v1/api/iserver/marketdata/snapshot?conids=61228752&fields=31,86,84,88,85,7762,55,6008 HTTP/1.1" 200 OK
Fri 2026-05-01 14:21:41:     INFO [        _client:1758 - _send_single_request ] HTTP Request: GET https://api.ibkr.com/v1/api/tickle "HTTP/1.1 200 OK"
Fri 2026-05-01 14:22:02:     INFO [     hub_server:289 -                relay ] RELAY: [Task abd43877-08c2-4128-bb6d-8dbd7deeddd3] Adding to queue:
{
    "method": "GET",
    "url": "https://api.ibkr.com/v1/api/iserver/marketdata/snapshot",
    "params": {
        "conids": "61228752",
        "fields": "31,86,84,88,85,7762,55,6008"
    },
    "content": "",
    "headers": {
        "user-agent": "python-requests/2.31.0",
        "accept-encoding": "gzip, deflate",
        "accept": "*/*",
        "connection": "keep-alive",
        "X-Hub-Task-ID": "abd43877-08c2-4128-bb6d-8dbd7deeddd3"
    }
}
Fri 2026-05-01 14:22:02:     INFO [        _client:1758 - _send_single_request ] HTTP Request: GET https://api.ibkr.com/v1/api/iserver/marketdata/snapshot?conids=61228752&fields=31%2C86%2C84%2C88%2C85%2C7762%2C55%2C6008 "HTTP/1.1 200 OK"
Fri 2026-05-01 14:22:02:     INFO [     hub_server:192 -               worker ] WORKER: [Task abd43877-08c2-4128-bb6d-8dbd7deeddd3] Completed.
INFO:     96.126.109.155:50916 - "GET /hhub/v1/api/iserver/marketdata/snapshot?conids=61228752&fields=31,86,84,88,85,7762,55,6008 HTTP/1.1" 200 OK
Fri 2026-05-01 14:22:26:     INFO [        _client:1758 - _send_single_request ] HTTP Request: GET https://api.ibkr.com/v1/api/tickle "HTTP/1.1 200 OK"
Fri 2026-05-01 14:23:03:     INFO [     hub_server:289 -                relay ] RELAY: [Task 1741218a-3959-4044-9c2d-8738f46dd0ca] Adding to queue:
{
    "method": "GET",
    "url": "https://api.ibkr.com/v1/api/iserver/marketdata/snapshot",
    "params": {
        "conids": "61228752",
        "fields": "31,86,84,88,85,7762,55,6008"
    },
    "content": "",
    "headers": {
        "user-agent": "python-requests/2.31.0",
        "accept-encoding": "gzip, deflate",
        "accept": "*/*",
        "connection": "keep-alive",
        "X-Hub-Task-ID": "1741218a-3959-4044-9c2d-8738f46dd0ca"
    }
}
Fri 2026-05-01 14:23:03:     INFO [        _client:1758 - _send_single_request ] HTTP Request: GET https://api.ibkr.com/v1/api/iserver/marketdata/snapshot?conids=61228752&fields=31%2C86%2C84%2C88%2C85%2C7762%2C55%2C6008 "HTTP/1.1 200 OK"
Fri 2026-05-01 14:23:03:     INFO [     hub_server:192 -               worker ] WORKER: [Task 1741218a-3959-4044-9c2d-8738f46dd0ca] Completed.
INFO:     96.126.109.155:60140 - "GET /hhub/v1/api/iserver/marketdata/snapshot?conids=61228752&fields=31,86,84,88,85,7762,55,6008 HTTP/1.1" 200 OK
Fri 2026-05-01 14:23:11:     INFO [        _client:1758 - _send_single_request ] HTTP Request: GET https://api.ibkr.com/v1/api/tickle "HTTP/1.1 200 OK"
Fri 2026-05-01 14:23:56:     INFO [        _client:1758 - _send_single_request ] HTTP Request: GET https://api.ibkr.com/v1/api/tickle "HTTP/1.1 200 OK"
Fri 2026-05-01 14:24:01:     INFO [     hub_server:289 -                relay ] RELAY: [Task d9218abd-22cb-4188-a334-4703625bbf54] Adding to queue:
{
    "method": "GET",
    "url": "https://api.ibkr.com/v1/api/iserver/marketdata/snapshot",
    "params": {
        "conids": "61228752",
        "fields": "31,86,84,88,85,7762,55,6008"
    },
    "content": "",
    "headers": {
        "user-agent": "python-requests/2.31.0",
        "accept-encoding": "gzip, deflate",
        "accept": "*/*",
        "connection": "keep-alive",
        "X-Hub-Task-ID": "d9218abd-22cb-4188-a334-4703625bbf54"
    }
}
Fri 2026-05-01 14:24:01:     INFO [        _client:1758 - _send_single_request ] HTTP Request: GET https://api.ibkr.com/v1/api/iserver/marketdata/snapshot?conids=61228752&fields=31%2C86%2C84%2C88%2C85%2C7762%2C55%2C6008 "HTTP/1.1 200 OK"
Fri 2026-05-01 14:24:01:     INFO [     hub_server:192 -               worker ] WORKER: [Task d9218abd-22cb-4188-a334-4703625bbf54] Completed.
INFO:     96.126.109.155:43364 - "GET /hhub/v1/api/iserver/marketdata/snapshot?conids=61228752&fields=31,86,84,88,85,7762,55,6008 HTTP/1.1" 200 OK
Fri 2026-05-01 14:24:41:     INFO [        _client:1758 - _send_single_request ] HTTP Request: GET https://api.ibkr.com/v1/api/tickle "HTTP/1.1 200 OK"
Fri 2026-05-01 14:25:02:     INFO [     hub_server:289 -                relay ] RELAY: [Task 684e0eca-c748-4e40-ad74-0450ba74b8ce] Adding to queue:
{
    "method": "GET",
    "url": "https://api.ibkr.com/v1/api/iserver/marketdata/snapshot",
    "params": {
        "conids": "61228752",
        "fields": "31,86,84,88,85,7762,55,6008"
    },
    "content": "",
    "headers": {
        "user-agent": "python-requests/2.31.0",
        "accept-encoding": "gzip, deflate",
        "accept": "*/*",
        "connection": "keep-alive",
        "X-Hub-Task-ID": "684e0eca-c748-4e40-ad74-0450ba74b8ce"
    }
}
Fri 2026-05-01 14:25:02:     INFO [        _client:1758 - _send_single_request ] HTTP Request: GET https://api.ibkr.com/v1/api/iserver/marketdata/snapshot?conids=61228752&fields=31%2C86%2C84%2C88%2C85%2C7762%2C55%2C6008 "HTTP/1.1 200 OK"
Fri 2026-05-01 14:25:02:     INFO [     hub_server:192 -               worker ] WORKER: [Task 684e0eca-c748-4e40-ad74-0450ba74b8ce] Completed.
INFO:     96.126.109.155:48576 - "GET /hhub/v1/api/iserver/marketdata/snapshot?conids=61228752&fields=31,86,84,88,85,7762,55,6008 HTTP/1.1" 200 OK
Fri 2026-05-01 14:25:26:     INFO [        _client:1758 - _send_single_request ] HTTP Request: GET https://api.ibkr.com/v1/api/tickle "HTTP/1.1 200 OK"
Fri 2026-05-01 14:26:02:     INFO [     hub_server:289 -                relay ] RELAY: [Task 922c5966-c69b-497c-8618-248c5b1166d5] Adding to queue:
{
    "method": "GET",
    "url": "https://api.ibkr.com/v1/api/iserver/marketdata/snapshot",
    "params": {
        "conids": "61228752",
        "fields": "31,86,84,88,85,7762,55,6008"
    },
    "content": "",
    "headers": {
        "user-agent": "python-requests/2.31.0",
        "accept-encoding": "gzip, deflate",
        "accept": "*/*",
        "connection": "keep-alive",
        "X-Hub-Task-ID": "922c5966-c69b-497c-8618-248c5b1166d5"
    }
}
Fri 2026-05-01 14:26:02:     INFO [        _client:1758 - _send_single_request ] HTTP Request: GET https://api.ibkr.com/v1/api/iserver/marketdata/snapshot?conids=61228752&fields=31%2C86%2C84%2C88%2C85%2C7762%2C55%2C6008 "HTTP/1.1 200 OK"
Fri 2026-05-01 14:26:02:     INFO [     hub_server:192 -               worker ] WORKER: [Task 922c5966-c69b-497c-8618-248c5b1166d5] Completed.
INFO:     96.126.109.155:35744 - "GET /hhub/v1/api/iserver/marketdata/snapshot?conids=61228752&fields=31,86,84,88,85,7762,55,6008 HTTP/1.1" 200 OK
Fri 2026-05-01 14:26:12:     INFO [        _client:1758 - _send_single_request ] HTTP Request: GET https://api.ibkr.com/v1/api/tickle "HTTP/1.1 200 OK"
Fri 2026-05-01 14:26:57:     INFO [        _client:1758 - _send_single_request ] HTTP Request: GET https://api.ibkr.com/v1/api/tickle "HTTP/1.1 200 OK"
Fri 2026-05-01 14:27:02:     INFO [     hub_server:289 -                relay ] RELAY: [Task 3043864a-e57b-4648-ba2d-4e49b1cda58c] Adding to queue:
{
    "method": "GET",
    "url": "https://api.ibkr.com/v1/api/iserver/marketdata/snapshot",
    "params": {
        "conids": "61228752",
        "fields": "31,86,84,88,85,7762,55,6008"
    },
    "content": "",
    "headers": {
        "user-agent": "python-requests/2.31.0",
        "accept-encoding": "gzip, deflate",
        "accept": "*/*",
        "connection": "keep-alive",
        "X-Hub-Task-ID": "3043864a-e57b-4648-ba2d-4e49b1cda58c"
    }
}
Fri 2026-05-01 14:27:03:     INFO [        _client:1758 - _send_single_request ] HTTP Request: GET https://api.ibkr.com/v1/api/iserver/marketdata/snapshot?conids=61228752&fields=31%2C86%2C84%2C88%2C85%2C7762%2C55%2C6008 "HTTP/1.1 200 OK"
Fri 2026-05-01 14:27:03:     INFO [     hub_server:192 -               worker ] WORKER: [Task 3043864a-e57b-4648-ba2d-4e49b1cda58c] Completed.
INFO:     96.126.109.155:56106 - "GET /hhub/v1/api/iserver/marketdata/snapshot?conids=61228752&fields=31,86,84,88,85,7762,55,6008 HTTP/1.1" 200 OK
Fri 2026-05-01 14:27:42:     INFO [        _client:1758 - _send_single_request ] HTTP Request: GET https://api.ibkr.com/v1/api/tickle "HTTP/1.1 200 OK"
Fri 2026-05-01 14:28:00:     INFO [     hub_server:289 -                relay ] RELAY: [Task cbbe736d-6ce0-4ab6-b5d7-54d5e2c5688a] Adding to queue:
{
    "method": "GET",
    "url": "https://api.ibkr.com/v1/api/iserver/marketdata/snapshot",
    "params": {
        "conids": "61228752",
        "fields": "31,86,84,88,85,7762,55,6008"
    },
    "content": "",
    "headers": {
        "user-agent": "python-requests/2.31.0",
        "accept-encoding": "gzip, deflate",
        "accept": "*/*",
        "connection": "keep-alive",
        "X-Hub-Task-ID": "cbbe736d-6ce0-4ab6-b5d7-54d5e2c5688a"
    }
}
Fri 2026-05-01 14:28:00:     INFO [        _client:1758 - _send_single_request ] HTTP Request: GET https://api.ibkr.com/v1/api/iserver/marketdata/snapshot?conids=61228752&fields=31%2C86%2C84%2C88%2C85%2C7762%2C55%2C6008 "HTTP/1.1 200 OK"
Fri 2026-05-01 14:28:00:     INFO [     hub_server:192 -               worker ] WORKER: [Task cbbe736d-6ce0-4ab6-b5d7-54d5e2c5688a] Completed.
INFO:     96.126.109.155:42944 - "GET /hhub/v1/api/iserver/marketdata/snapshot?conids=61228752&fields=31,86,84,88,85,7762,55,6008 HTTP/1.1" 200 OK
Fri 2026-05-01 14:28:27:     INFO [        _client:1758 - _send_single_request ] HTTP Request: GET https://api.ibkr.com/v1/api/tickle "HTTP/1.1 200 OK"
Fri 2026-05-01 14:29:01:     INFO [     hub_server:289 -                relay ] RELAY: [Task 4db98434-7737-4684-9b2b-4c6bb1fad005] Adding to queue:
{
    "method": "GET",
    "url": "https://api.ibkr.com/v1/api/iserver/marketdata/snapshot",
    "params": {
        "conids": "61228752",
        "fields": "31,86,84,88,85,7762,55,6008"
    },
    "content": "",
    "headers": {
        "user-agent": "python-requests/2.31.0",
        "accept-encoding": "gzip, deflate",
        "accept": "*/*",
        "connection": "keep-alive",
        "X-Hub-Task-ID": "4db98434-7737-4684-9b2b-4c6bb1fad005"
    }
}
Fri 2026-05-01 14:29:01:     INFO [        _client:1758 - _send_single_request ] HTTP Request: GET https://api.ibkr.com/v1/api/iserver/marketdata/snapshot?conids=61228752&fields=31%2C86%2C84%2C88%2C85%2C7762%2C55%2C6008 "HTTP/1.1 200 OK"
Fri 2026-05-01 14:29:01:     INFO [     hub_server:192 -               worker ] WORKER: [Task 4db98434-7737-4684-9b2b-4c6bb1fad005] Completed.
INFO:     96.126.109.155:40054 - "GET /hhub/v1/api/iserver/marketdata/snapshot?conids=61228752&fields=31,86,84,88,85,7762,55,6008 HTTP/1.1" 200 OK
Fri 2026-05-01 14:29:12:     INFO [        _client:1758 - _send_single_request ] HTTP Request: GET https://api.ibkr.com/v1/api/tickle "HTTP/1.1 200 OK"
Fri 2026-05-01 14:29:57:     INFO [        _client:1758 - _send_single_request ] HTTP Request: GET https://api.ibkr.com/v1/api/tickle "HTTP/1.1 200 OK"
Fri 2026-05-01 14:30:01:     INFO [     hub_server:289 -                relay ] RELAY: [Task 2ae479a1-fc6a-4f71-80a4-27040dd0bad6] Adding to queue:
{
    "method": "GET",
    "url": "https://api.ibkr.com/v1/api/iserver/marketdata/snapshot",
    "params": {
        "conids": "61228752",
        "fields": "31,86,84,88,85,7762,55,6008"
    },
    "content": "",
    "headers": {
        "user-agent": "python-requests/2.31.0",
        "accept-encoding": "gzip, deflate",
        "accept": "*/*",
        "connection": "keep-alive",
        "X-Hub-Task-ID": "2ae479a1-fc6a-4f71-80a4-27040dd0bad6"
    }
}
Fri 2026-05-01 14:30:01:     INFO [        _client:1758 - _send_single_request ] HTTP Request: GET https://api.ibkr.com/v1/api/iserver/marketdata/snapshot?conids=61228752&fields=31%2C86%2C84%2C88%2C85%2C7762%2C55%2C6008 "HTTP/1.1 200 OK"
Fri 2026-05-01 14:30:01:     INFO [     hub_server:192 -               worker ] WORKER: [Task 2ae479a1-fc6a-4f71-80a4-27040dd0bad6] Completed.
INFO:     96.126.109.155:32884 - "GET /hhub/v1/api/iserver/marketdata/snapshot?conids=61228752&fields=31,86,84,88,85,7762,55,6008 HTTP/1.1" 200 OK
Fri 2026-05-01 14:30:43:     INFO [        _client:1758 - _send_single_request ] HTTP Request: GET https://api.ibkr.com/v1/api/tickle "HTTP/1.1 200 OK"
Fri 2026-05-01 14:31:01:     INFO [     hub_server:289 -                relay ] RELAY: [Task 06f233b8-043c-4ba2-a376-3966b10a27ff] Adding to queue:
{
    "method": "GET",
    "url": "https://api.ibkr.com/v1/api/iserver/marketdata/snapshot",
    "params": {
        "conids": "61228752",
        "fields": "31,86,84,88,85,7762,55,6008"
    },
    "content": "",
    "headers": {
        "user-agent": "python-requests/2.31.0",
        "accept-encoding": "gzip, deflate",
        "accept": "*/*",
        "connection": "keep-alive",
        "X-Hub-Task-ID": "06f233b8-043c-4ba2-a376-3966b10a27ff"
    }
}
Fri 2026-05-01 14:31:01:     INFO [        _client:1758 - _send_single_request ] HTTP Request: GET https://api.ibkr.com/v1/api/iserver/marketdata/snapshot?conids=61228752&fields=31%2C86%2C84%2C88%2C85%2C7762%2C55%2C6008 "HTTP/1.1 200 OK"
Fri 2026-05-01 14:31:01:     INFO [     hub_server:192 -               worker ] WORKER: [Task 06f233b8-043c-4ba2-a376-3966b10a27ff] Completed.
INFO:     96.126.109.155:50540 - "GET /hhub/v1/api/iserver/marketdata/snapshot?conids=61228752&fields=31,86,84,88,85,7762,55,6008 HTTP/1.1" 200 OK
Fri 2026-05-01 14:31:28:     INFO [        _client:1758 - _send_single_request ] HTTP Request: GET https://api.ibkr.com/v1/api/tickle "HTTP/1.1 200 OK"
Fri 2026-05-01 14:32:02:     INFO [     hub_server:289 -                relay ] RELAY: [Task 5bf5e4b8-4e35-4c18-9be7-cc3578b25bd3] Adding to queue:
{
    "method": "GET",
    "url": "https://api.ibkr.com/v1/api/iserver/marketdata/snapshot",
    "params": {
        "conids": "61228752",
        "fields": "31,86,84,88,85,7762,55,6008"
    },
    "content": "",
    "headers": {
        "user-agent": "python-requests/2.31.0",
        "accept-encoding": "gzip, deflate",
        "accept": "*/*",
        "connection": "keep-alive",
        "X-Hub-Task-ID": "5bf5e4b8-4e35-4c18-9be7-cc3578b25bd3"
    }
}
Fri 2026-05-01 14:32:02:     INFO [        _client:1758 - _send_single_request ] HTTP Request: GET https://api.ibkr.com/v1/api/iserver/marketdata/snapshot?conids=61228752&fields=31%2C86%2C84%2C88%2C85%2C7762%2C55%2C6008 "HTTP/1.1 200 OK"
Fri 2026-05-01 14:32:02:     INFO [     hub_server:192 -               worker ] WORKER: [Task 5bf5e4b8-4e35-4c18-9be7-cc3578b25bd3] Completed.
INFO:     96.126.109.155:48772 - "GET /hhub/v1/api/iserver/marketdata/snapshot?conids=61228752&fields=31,86,84,88,85,7762,55,6008 HTTP/1.1" 200 OK
Fri 2026-05-01 14:32:13:     INFO [        _client:1758 - _send_single_request ] HTTP Request: GET https://api.ibkr.com/v1/api/tickle "HTTP/1.1 200 OK"
Fri 2026-05-01 14:32:58:     INFO [        _client:1758 - _send_single_request ] HTTP Request: GET https://api.ibkr.com/v1/api/tickle "HTTP/1.1 200 OK"
Fri 2026-05-01 14:33:03:     INFO [     hub_server:289 -                relay ] RELAY: [Task 3dffc683-be49-4370-99a7-917fc00e9d04] Adding to queue:
{
    "method": "GET",
    "url": "https://api.ibkr.com/v1/api/iserver/marketdata/snapshot",
    "params": {
        "conids": "61228752",
        "fields": "31,86,84,88,85,7762,55,6008"
    },
    "content": "",
    "headers": {
        "user-agent": "python-requests/2.31.0",
        "accept-encoding": "gzip, deflate",
        "accept": "*/*",
        "connection": "keep-alive",
        "X-Hub-Task-ID": "3dffc683-be49-4370-99a7-917fc00e9d04"
    }
}
Fri 2026-05-01 14:33:03:     INFO [        _client:1758 - _send_single_request ] HTTP Request: GET https://api.ibkr.com/v1/api/iserver/marketdata/snapshot?conids=61228752&fields=31%2C86%2C84%2C88%2C85%2C7762%2C55%2C6008 "HTTP/1.1 200 OK"
Fri 2026-05-01 14:33:03:     INFO [     hub_server:192 -               worker ] WORKER: [Task 3dffc683-be49-4370-99a7-917fc00e9d04] Completed.
INFO:     96.126.109.155:36200 - "GET /hhub/v1/api/iserver/marketdata/snapshot?conids=61228752&fields=31,86,84,88,85,7762,55,6008 HTTP/1.1" 200 OK
Fri 2026-05-01 14:33:43:     INFO [        _client:1758 - _send_single_request ] HTTP Request: GET https://api.ibkr.com/v1/api/tickle "HTTP/1.1 200 OK"
Fri 2026-05-01 14:34:01:     INFO [     hub_server:289 -                relay ] RELAY: [Task 2f187eb0-db1a-4ba5-b682-698f63407232] Adding to queue:
{
    "method": "GET",
    "url": "https://api.ibkr.com/v1/api/iserver/marketdata/snapshot",
    "params": {
        "conids": "61228752",
        "fields": "31,86,84,88,85,7762,55,6008"
    },
    "content": "",
    "headers": {
        "user-agent": "python-requests/2.31.0",
        "accept-encoding": "gzip, deflate",
        "accept": "*/*",
        "connection": "keep-alive",
        "X-Hub-Task-ID": "2f187eb0-db1a-4ba5-b682-698f63407232"
    }
}
Fri 2026-05-01 14:34:01:     INFO [        _client:1758 - _send_single_request ] HTTP Request: GET https://api.ibkr.com/v1/api/iserver/marketdata/snapshot?conids=61228752&fields=31%2C86%2C84%2C88%2C85%2C7762%2C55%2C6008 "HTTP/1.1 200 OK"
Fri 2026-05-01 14:34:01:     INFO [     hub_server:192 -               worker ] WORKER: [Task 2f187eb0-db1a-4ba5-b682-698f63407232] Completed.
INFO:     96.126.109.155:51054 - "GET /hhub/v1/api/iserver/marketdata/snapshot?conids=61228752&fields=31,86,84,88,85,7762,55,6008 HTTP/1.1" 200 OK
Fri 2026-05-01 14:34:28:     INFO [        _client:1758 - _send_single_request ] HTTP Request: GET https://api.ibkr.com/v1/api/tickle "HTTP/1.1 200 OK"
Fri 2026-05-01 14:35:01:     INFO [     hub_server:289 -                relay ] RELAY: [Task 401d6c3e-7309-4e8e-bfc4-a66788a80a6f] Adding to queue:
{
    "method": "GET",
    "url": "https://api.ibkr.com/v1/api/iserver/marketdata/snapshot",
    "params": {
        "conids": "61228752",
        "fields": "31,86,84,88,85,7762,55,6008"
    },
    "content": "",
    "headers": {
        "user-agent": "python-requests/2.31.0",
        "accept-encoding": "gzip, deflate",
        "accept": "*/*",
        "connection": "keep-alive",
        "X-Hub-Task-ID": "401d6c3e-7309-4e8e-bfc4-a66788a80a6f"
    }
}
Fri 2026-05-01 14:35:02:     INFO [        _client:1758 - _send_single_request ] HTTP Request: GET https://api.ibkr.com/v1/api/iserver/marketdata/snapshot?conids=61228752&fields=31%2C86%2C84%2C88%2C85%2C7762%2C55%2C6008 "HTTP/1.1 200 OK"
Fri 2026-05-01 14:35:02:     INFO [     hub_server:192 -               worker ] WORKER: [Task 401d6c3e-7309-4e8e-bfc4-a66788a80a6f] Completed.
INFO:     96.126.109.155:46400 - "GET /hhub/v1/api/iserver/marketdata/snapshot?conids=61228752&fields=31,86,84,88,85,7762,55,6008 HTTP/1.1" 200 OK
Fri 2026-05-01 14:35:14:     INFO [        _client:1758 - _send_single_request ] HTTP Request: GET https://api.ibkr.com/v1/api/tickle "HTTP/1.1 200 OK"
Fri 2026-05-01 14:35:59:     INFO [        _client:1758 - _send_single_request ] HTTP Request: GET https://api.ibkr.com/v1/api/tickle "HTTP/1.1 200 OK"
Fri 2026-05-01 14:36:02:     INFO [     hub_server:289 -                relay ] RELAY: [Task bf5c863e-59be-4c8b-8cbe-c0b8fcd50eb7] Adding to queue:
{
    "method": "GET",
    "url": "https://api.ibkr.com/v1/api/iserver/marketdata/snapshot",
    "params": {
        "conids": "61228752",
        "fields": "31,86,84,88,85,7762,55,6008"
    },
    "content": "",
    "headers": {
        "user-agent": "python-requests/2.31.0",
        "accept-encoding": "gzip, deflate",
        "accept": "*/*",
        "connection": "keep-alive",
        "X-Hub-Task-ID": "bf5c863e-59be-4c8b-8cbe-c0b8fcd50eb7"
    }
}
Fri 2026-05-01 14:36:02:     INFO [        _client:1758 - _send_single_request ] HTTP Request: GET https://api.ibkr.com/v1/api/iserver/marketdata/snapshot?conids=61228752&fields=31%2C86%2C84%2C88%2C85%2C7762%2C55%2C6008 "HTTP/1.1 200 OK"
Fri 2026-05-01 14:36:02:     INFO [     hub_server:192 -               worker ] WORKER: [Task bf5c863e-59be-4c8b-8cbe-c0b8fcd50eb7] Completed.
INFO:     96.126.109.155:49960 - "GET /hhub/v1/api/iserver/marketdata/snapshot?conids=61228752&fields=31,86,84,88,85,7762,55,6008 HTTP/1.1" 200 OK
Fri 2026-05-01 14:36:44:     INFO [        _client:1758 - _send_single_request ] HTTP Request: GET https://api.ibkr.com/v1/api/tickle "HTTP/1.1 200 OK"
Fri 2026-05-01 14:37:02:     INFO [     hub_server:289 -                relay ] RELAY: [Task 57d27bad-8a39-4420-bc94-171aa916ebf3] Adding to queue:
{
    "method": "GET",
    "url": "https://api.ibkr.com/v1/api/iserver/marketdata/snapshot",
    "params": {
        "conids": "61228752",
        "fields": "31,86,84,88,85,7762,55,6008"
    },
    "content": "",
    "headers": {
        "user-agent": "python-requests/2.31.0",
        "accept-encoding": "gzip, deflate",
        "accept": "*/*",
        "connection": "keep-alive",
        "X-Hub-Task-ID": "57d27bad-8a39-4420-bc94-171aa916ebf3"
    }
}
Fri 2026-05-01 14:37:02:     INFO [        _client:1758 - _send_single_request ] HTTP Request: GET https://api.ibkr.com/v1/api/iserver/marketdata/snapshot?conids=61228752&fields=31%2C86%2C84%2C88%2C85%2C7762%2C55%2C6008 "HTTP/1.1 200 OK"
Fri 2026-05-01 14:37:02:     INFO [     hub_server:192 -               worker ] WORKER: [Task 57d27bad-8a39-4420-bc94-171aa916ebf3] Completed.
INFO:     96.126.109.155:40796 - "GET /hhub/v1/api/iserver/marketdata/snapshot?conids=61228752&fields=31,86,84,88,85,7762,55,6008 HTTP/1.1" 200 OK
Fri 2026-05-01 14:37:29:     INFO [        _client:1758 - _send_single_request ] HTTP Request: GET https://api.ibkr.com/v1/api/tickle "HTTP/1.1 200 OK"
Fri 2026-05-01 14:38:02:     INFO [     hub_server:289 -                relay ] RELAY: [Task 352edaa8-a88d-4a3d-8a32-e16b6f3beb02] Adding to queue:
{
    "method": "GET",
    "url": "https://api.ibkr.com/v1/api/iserver/marketdata/snapshot",
    "params": {
        "conids": "61228752",
        "fields": "31,86,84,88,85,7762,55,6008"
    },
    "content": "",
    "headers": {
        "user-agent": "python-requests/2.31.0",
        "accept-encoding": "gzip, deflate",
        "accept": "*/*",
        "connection": "keep-alive",
        "X-Hub-Task-ID": "352edaa8-a88d-4a3d-8a32-e16b6f3beb02"
    }
}
Fri 2026-05-01 14:38:02:     INFO [        _client:1758 - _send_single_request ] HTTP Request: GET https://api.ibkr.com/v1/api/iserver/marketdata/snapshot?conids=61228752&fields=31%2C86%2C84%2C88%2C85%2C7762%2C55%2C6008 "HTTP/1.1 200 OK"
Fri 2026-05-01 14:38:02:     INFO [     hub_server:192 -               worker ] WORKER: [Task 352edaa8-a88d-4a3d-8a32-e16b6f3beb02] Completed.
INFO:     96.126.109.155:54482 - "GET /hhub/v1/api/iserver/marketdata/snapshot?conids=61228752&fields=31,86,84,88,85,7762,55,6008 HTTP/1.1" 200 OK
Fri 2026-05-01 14:38:14:     INFO [        _client:1758 - _send_single_request ] HTTP Request: GET https://api.ibkr.com/v1/api/tickle "HTTP/1.1 200 OK"
Fri 2026-05-01 14:38:59:     INFO [        _client:1758 - _send_single_request ] HTTP Request: GET https://api.ibkr.com/v1/api/tickle "HTTP/1.1 200 OK"
Fri 2026-05-01 14:39:03:     INFO [     hub_server:289 -                relay ] RELAY: [Task ff298f3a-b7a9-48f4-906c-e1f6594ac46d] Adding to queue:
{
    "method": "GET",
    "url": "https://api.ibkr.com/v1/api/iserver/marketdata/snapshot",
    "params": {
        "conids": "61228752",
        "fields": "31,86,84,88,85,7762,55,6008"
    },
    "content": "",
    "headers": {
        "user-agent": "python-requests/2.31.0",
        "accept-encoding": "gzip, deflate",
        "accept": "*/*",
        "connection": "keep-alive",
        "X-Hub-Task-ID": "ff298f3a-b7a9-48f4-906c-e1f6594ac46d"
    }
}
Fri 2026-05-01 14:39:03:     INFO [        _client:1758 - _send_single_request ] HTTP Request: GET https://api.ibkr.com/v1/api/iserver/marketdata/snapshot?conids=61228752&fields=31%2C86%2C84%2C88%2C85%2C7762%2C55%2C6008 "HTTP/1.1 200 OK"
Fri 2026-05-01 14:39:03:     INFO [     hub_server:192 -               worker ] WORKER: [Task ff298f3a-b7a9-48f4-906c-e1f6594ac46d] Completed.
INFO:     96.126.109.155:60596 - "GET /hhub/v1/api/iserver/marketdata/snapshot?conids=61228752&fields=31,86,84,88,85,7762,55,6008 HTTP/1.1" 200 OK
Fri 2026-05-01 14:39:44:     INFO [        _client:1758 - _send_single_request ] HTTP Request: GET https://api.ibkr.com/v1/api/tickle "HTTP/1.1 200 OK"
Fri 2026-05-01 14:40:01:     INFO [     hub_server:289 -                relay ] RELAY: [Task 6437ab8b-dc26-4036-8894-894090245141] Adding to queue:
{
    "method": "GET",
    "url": "https://api.ibkr.com/v1/api/iserver/marketdata/snapshot",
    "params": {
        "conids": "61228752",
        "fields": "31,86,84,88,85,7762,55,6008"
    },
    "content": "",
    "headers": {
        "user-agent": "python-requests/2.31.0",
        "accept-encoding": "gzip, deflate",
        "accept": "*/*",
        "connection": "keep-alive",
        "X-Hub-Task-ID": "6437ab8b-dc26-4036-8894-894090245141"
    }
}
Fri 2026-05-01 14:40:01:     INFO [        _client:1758 - _send_single_request ] HTTP Request: GET https://api.ibkr.com/v1/api/iserver/marketdata/snapshot?conids=61228752&fields=31%2C86%2C84%2C88%2C85%2C7762%2C55%2C6008 "HTTP/1.1 200 OK"
Fri 2026-05-01 14:40:01:     INFO [     hub_server:192 -               worker ] WORKER: [Task 6437ab8b-dc26-4036-8894-894090245141] Completed.
INFO:     96.126.109.155:43618 - "GET /hhub/v1/api/iserver/marketdata/snapshot?conids=61228752&fields=31,86,84,88,85,7762,55,6008 HTTP/1.1" 200 OK
Fri 2026-05-01 14:40:29:     INFO [        _client:1758 - _send_single_request ] HTTP Request: GET https://api.ibkr.com/v1/api/tickle "HTTP/1.1 200 OK"
Fri 2026-05-01 14:41:02:     INFO [     hub_server:289 -                relay ] RELAY: [Task d323c45d-de7b-4917-a816-c4ec8c895dc8] Adding to queue:
{
    "method": "GET",
    "url": "https://api.ibkr.com/v1/api/iserver/marketdata/snapshot",
    "params": {
        "conids": "61228752",
        "fields": "31,86,84,88,85,7762,55,6008"
    },
    "content": "",
    "headers": {
        "user-agent": "python-requests/2.31.0",
        "accept-encoding": "gzip, deflate",
        "accept": "*/*",
        "connection": "keep-alive",
        "X-Hub-Task-ID": "d323c45d-de7b-4917-a816-c4ec8c895dc8"
    }
}
Fri 2026-05-01 14:41:02:     INFO [        _client:1758 - _send_single_request ] HTTP Request: GET https://api.ibkr.com/v1/api/iserver/marketdata/snapshot?conids=61228752&fields=31%2C86%2C84%2C88%2C85%2C7762%2C55%2C6008 "HTTP/1.1 200 OK"
Fri 2026-05-01 14:41:02:     INFO [     hub_server:192 -               worker ] WORKER: [Task d323c45d-de7b-4917-a816-c4ec8c895dc8] Completed.
INFO:     96.126.109.155:45210 - "GET /hhub/v1/api/iserver/marketdata/snapshot?conids=61228752&fields=31,86,84,88,85,7762,55,6008 HTTP/1.1" 200 OK
Fri 2026-05-01 14:41:14:     INFO [        _client:1758 - _send_single_request ] HTTP Request: GET https://api.ibkr.com/v1/api/tickle "HTTP/1.1 200 OK"
Fri 2026-05-01 14:42:00:     INFO [        _client:1758 - _send_single_request ] HTTP Request: GET https://api.ibkr.com/v1/api/tickle "HTTP/1.1 200 OK"
Fri 2026-05-01 14:42:02:     INFO [     hub_server:289 -                relay ] RELAY: [Task b07fd9ac-ddae-4d92-a276-2c828275c3f3] Adding to queue:
{
    "method": "GET",
    "url": "https://api.ibkr.com/v1/api/iserver/marketdata/snapshot",
    "params": {
        "conids": "61228752",
        "fields": "31,86,84,88,85,7762,55,6008"
    },
    "content": "",
    "headers": {
        "user-agent": "python-requests/2.31.0",
        "accept-encoding": "gzip, deflate",
        "accept": "*/*",
        "connection": "keep-alive",
        "X-Hub-Task-ID": "b07fd9ac-ddae-4d92-a276-2c828275c3f3"
    }
}
Fri 2026-05-01 14:42:02:     INFO [        _client:1758 - _send_single_request ] HTTP Request: GET https://api.ibkr.com/v1/api/iserver/marketdata/snapshot?conids=61228752&fields=31%2C86%2C84%2C88%2C85%2C7762%2C55%2C6008 "HTTP/1.1 200 OK"
Fri 2026-05-01 14:42:02:     INFO [     hub_server:192 -               worker ] WORKER: [Task b07fd9ac-ddae-4d92-a276-2c828275c3f3] Completed.
INFO:     96.126.109.155:60576 - "GET /hhub/v1/api/iserver/marketdata/snapshot?conids=61228752&fields=31,86,84,88,85,7762,55,6008 HTTP/1.1" 200 OK
Fri 2026-05-01 14:42:45:     INFO [        _client:1758 - _send_single_request ] HTTP Request: GET https://api.ibkr.com/v1/api/tickle "HTTP/1.1 200 OK"
Fri 2026-05-01 14:43:03:     INFO [     hub_server:289 -                relay ] RELAY: [Task 1e78be8b-7251-47a6-829c-fbfbfa114e5d] Adding to queue:
{
    "method": "GET",
    "url": "https://api.ibkr.com/v1/api/iserver/marketdata/snapshot",
    "params": {
        "conids": "61228752",
        "fields": "31,86,84,88,85,7762,55,6008"
    },
    "content": "",
    "headers": {
        "user-agent": "python-requests/2.31.0",
        "accept-encoding": "gzip, deflate",
        "accept": "*/*",
        "connection": "keep-alive",
        "X-Hub-Task-ID": "1e78be8b-7251-47a6-829c-fbfbfa114e5d"
    }
}
Fri 2026-05-01 14:43:03:     INFO [        _client:1758 - _send_single_request ] HTTP Request: GET https://api.ibkr.com/v1/api/iserver/marketdata/snapshot?conids=61228752&fields=31%2C86%2C84%2C88%2C85%2C7762%2C55%2C6008 "HTTP/1.1 200 OK"
Fri 2026-05-01 14:43:03:     INFO [     hub_server:192 -               worker ] WORKER: [Task 1e78be8b-7251-47a6-829c-fbfbfa114e5d] Completed.
INFO:     96.126.109.155:57332 - "GET /hhub/v1/api/iserver/marketdata/snapshot?conids=61228752&fields=31,86,84,88,85,7762,55,6008 HTTP/1.1" 200 OK
Fri 2026-05-01 14:43:30:     INFO [        _client:1758 - _send_single_request ] HTTP Request: GET https://api.ibkr.com/v1/api/tickle "HTTP/1.1 200 OK"
Fri 2026-05-01 14:44:00:     INFO [     hub_server:289 -                relay ] RELAY: [Task 6419c55e-aa3b-4c38-a4b6-0265510dc86a] Adding to queue:
{
    "method": "GET",
    "url": "https://api.ibkr.com/v1/api/iserver/marketdata/snapshot",
    "params": {
        "conids": "61228752",
        "fields": "31,86,84,88,85,7762,55,6008"
    },
    "content": "",
    "headers": {
        "user-agent": "python-requests/2.31.0",
        "accept-encoding": "gzip, deflate",
        "accept": "*/*",
        "connection": "keep-alive",
        "X-Hub-Task-ID": "6419c55e-aa3b-4c38-a4b6-0265510dc86a"
    }
}
Fri 2026-05-01 14:44:00:     INFO [        _client:1758 - _send_single_request ] HTTP Request: GET https://api.ibkr.com/v1/api/iserver/marketdata/snapshot?conids=61228752&fields=31%2C86%2C84%2C88%2C85%2C7762%2C55%2C6008 "HTTP/1.1 200 OK"
Fri 2026-05-01 14:44:00:     INFO [     hub_server:192 -               worker ] WORKER: [Task 6419c55e-aa3b-4c38-a4b6-0265510dc86a] Completed.
INFO:     96.126.109.155:60840 - "GET /hhub/v1/api/iserver/marketdata/snapshot?conids=61228752&fields=31,86,84,88,85,7762,55,6008 HTTP/1.1" 200 OK
Fri 2026-05-01 14:44:15:     INFO [        _client:1758 - _send_single_request ] HTTP Request: GET https://api.ibkr.com/v1/api/tickle "HTTP/1.1 200 OK"
Fri 2026-05-01 14:45:00:     INFO [        _client:1758 - _send_single_request ] HTTP Request: GET https://api.ibkr.com/v1/api/tickle "HTTP/1.1 200 OK"
Fri 2026-05-01 14:45:01:     INFO [     hub_server:289 -                relay ] RELAY: [Task 5bffc6a1-f239-4e02-bc4f-abd006fe86be] Adding to queue:
{
    "method": "GET",
    "url": "https://api.ibkr.com/v1/api/iserver/marketdata/snapshot",
    "params": {
        "conids": "61228752",
        "fields": "31,86,84,88,85,7762,55,6008"
    },
    "content": "",
    "headers": {
        "user-agent": "python-requests/2.31.0",
        "accept-encoding": "gzip, deflate",
        "accept": "*/*",
        "connection": "keep-alive",
        "X-Hub-Task-ID": "5bffc6a1-f239-4e02-bc4f-abd006fe86be"
    }
}
Fri 2026-05-01 14:45:01:     INFO [        _client:1758 - _send_single_request ] HTTP Request: GET https://api.ibkr.com/v1/api/iserver/marketdata/snapshot?conids=61228752&fields=31%2C86%2C84%2C88%2C85%2C7762%2C55%2C6008 "HTTP/1.1 200 OK"
Fri 2026-05-01 14:45:01:     INFO [     hub_server:192 -               worker ] WORKER: [Task 5bffc6a1-f239-4e02-bc4f-abd006fe86be] Completed.
INFO:     96.126.109.155:37040 - "GET /hhub/v1/api/iserver/marketdata/snapshot?conids=61228752&fields=31,86,84,88,85,7762,55,6008 HTTP/1.1" 200 OK
Fri 2026-05-01 14:45:45:     INFO [        _client:1758 - _send_single_request ] HTTP Request: GET https://api.ibkr.com/v1/api/tickle "HTTP/1.1 200 OK"
Fri 2026-05-01 14:46:01:     INFO [     hub_server:289 -                relay ] RELAY: [Task 3248ef86-8c1c-428c-9ec0-a7de7da41b76] Adding to queue:
{
    "method": "GET",
    "url": "https://api.ibkr.com/v1/api/iserver/marketdata/snapshot",
    "params": {
        "conids": "61228752",
        "fields": "31,86,84,88,85,7762,55,6008"
    },
    "content": "",
    "headers": {
        "user-agent": "python-requests/2.31.0",
        "accept-encoding": "gzip, deflate",
        "accept": "*/*",
        "connection": "keep-alive",
        "X-Hub-Task-ID": "3248ef86-8c1c-428c-9ec0-a7de7da41b76"
    }
}
Fri 2026-05-01 14:46:01:     INFO [        _client:1758 - _send_single_request ] HTTP Request: GET https://api.ibkr.com/v1/api/iserver/marketdata/snapshot?conids=61228752&fields=31%2C86%2C84%2C88%2C85%2C7762%2C55%2C6008 "HTTP/1.1 200 OK"
Fri 2026-05-01 14:46:01:     INFO [     hub_server:192 -               worker ] WORKER: [Task 3248ef86-8c1c-428c-9ec0-a7de7da41b76] Completed.
INFO:     96.126.109.155:57400 - "GET /hhub/v1/api/iserver/marketdata/snapshot?conids=61228752&fields=31,86,84,88,85,7762,55,6008 HTTP/1.1" 200 OK
Fri 2026-05-01 14:46:30:     INFO [        _client:1758 - _send_single_request ] HTTP Request: GET https://api.ibkr.com/v1/api/tickle "HTTP/1.1 200 OK"
Fri 2026-05-01 14:47:01:     INFO [     hub_server:289 -                relay ] RELAY: [Task adbb9a85-ac3e-4754-83a0-f88f1b31d81c] Adding to queue:
{
    "method": "GET",
    "url": "https://api.ibkr.com/v1/api/iserver/marketdata/snapshot",
    "params": {
        "conids": "61228752",
        "fields": "31,86,84,88,85,7762,55,6008"
    },
    "content": "",
    "headers": {
        "user-agent": "python-requests/2.31.0",
        "accept-encoding": "gzip, deflate",
        "accept": "*/*",
        "connection": "keep-alive",
        "X-Hub-Task-ID": "adbb9a85-ac3e-4754-83a0-f88f1b31d81c"
    }
}
Fri 2026-05-01 14:47:01:     INFO [        _client:1758 - _send_single_request ] HTTP Request: GET https://api.ibkr.com/v1/api/iserver/marketdata/snapshot?conids=61228752&fields=31%2C86%2C84%2C88%2C85%2C7762%2C55%2C6008 "HTTP/1.1 200 OK"
Fri 2026-05-01 14:47:01:     INFO [     hub_server:192 -               worker ] WORKER: [Task adbb9a85-ac3e-4754-83a0-f88f1b31d81c] Completed.
INFO:     96.126.109.155:40478 - "GET /hhub/v1/api/iserver/marketdata/snapshot?conids=61228752&fields=31,86,84,88,85,7762,55,6008 HTTP/1.1" 200 OK
Fri 2026-05-01 14:47:15:     INFO [        _client:1758 - _send_single_request ] HTTP Request: GET https://api.ibkr.com/v1/api/tickle "HTTP/1.1 200 OK"
Fri 2026-05-01 14:48:00:     INFO [        _client:1758 - _send_single_request ] HTTP Request: GET https://api.ibkr.com/v1/api/tickle "HTTP/1.1 200 OK"
Fri 2026-05-01 14:48:02:     INFO [     hub_server:289 -                relay ] RELAY: [Task 382d7612-7735-42e3-a9e7-d0dcb209ca60] Adding to queue:
{
    "method": "GET",
    "url": "https://api.ibkr.com/v1/api/iserver/marketdata/snapshot",
    "params": {
        "conids": "61228752",
        "fields": "31,86,84,88,85,7762,55,6008"
    },
    "content": "",
    "headers": {
        "user-agent": "python-requests/2.31.0",
        "accept-encoding": "gzip, deflate",
        "accept": "*/*",
        "connection": "keep-alive",
        "X-Hub-Task-ID": "382d7612-7735-42e3-a9e7-d0dcb209ca60"
    }
}
Fri 2026-05-01 14:48:02:     INFO [        _client:1758 - _send_single_request ] HTTP Request: GET https://api.ibkr.com/v1/api/iserver/marketdata/snapshot?conids=61228752&fields=31%2C86%2C84%2C88%2C85%2C7762%2C55%2C6008 "HTTP/1.1 200 OK"
Fri 2026-05-01 14:48:02:     INFO [     hub_server:192 -               worker ] WORKER: [Task 382d7612-7735-42e3-a9e7-d0dcb209ca60] Completed.
INFO:     96.126.109.155:52552 - "GET /hhub/v1/api/iserver/marketdata/snapshot?conids=61228752&fields=31,86,84,88,85,7762,55,6008 HTTP/1.1" 200 OK
Fri 2026-05-01 14:48:45:     INFO [        _client:1758 - _send_single_request ] HTTP Request: GET https://api.ibkr.com/v1/api/tickle "HTTP/1.1 200 OK"
Fri 2026-05-01 14:49:03:     INFO [     hub_server:289 -                relay ] RELAY: [Task 7de17070-83f4-446d-a703-d5b439cc9eb8] Adding to queue:
{
    "method": "GET",
    "url": "https://api.ibkr.com/v1/api/iserver/marketdata/snapshot",
    "params": {
        "conids": "61228752",
        "fields": "31,86,84,88,85,7762,55,6008"
    },
    "content": "",
    "headers": {
        "user-agent": "python-requests/2.31.0",
        "accept-encoding": "gzip, deflate",
        "accept": "*/*",
        "connection": "keep-alive",
        "X-Hub-Task-ID": "7de17070-83f4-446d-a703-d5b439cc9eb8"
    }
}
Fri 2026-05-01 14:49:03:     INFO [        _client:1758 - _send_single_request ] HTTP Request: GET https://api.ibkr.com/v1/api/iserver/marketdata/snapshot?conids=61228752&fields=31%2C86%2C84%2C88%2C85%2C7762%2C55%2C6008 "HTTP/1.1 200 OK"
Fri 2026-05-01 14:49:03:     INFO [     hub_server:192 -               worker ] WORKER: [Task 7de17070-83f4-446d-a703-d5b439cc9eb8] Completed.
INFO:     96.126.109.155:50010 - "GET /hhub/v1/api/iserver/marketdata/snapshot?conids=61228752&fields=31,86,84,88,85,7762,55,6008 HTTP/1.1" 200 OK
Fri 2026-05-01 14:49:30:     INFO [        _client:1758 - _send_single_request ] HTTP Request: GET https://api.ibkr.com/v1/api/tickle "HTTP/1.1 200 OK"
Fri 2026-05-01 14:50:01:     INFO [     hub_server:289 -                relay ] RELAY: [Task 4288c298-010e-42de-8aeb-46544c2c66c1] Adding to queue:
{
    "method": "GET",
    "url": "https://api.ibkr.com/v1/api/iserver/marketdata/snapshot",
    "params": {
        "conids": "61228752",
        "fields": "31,86,84,88,85,7762,55,6008"
    },
    "content": "",
    "headers": {
        "user-agent": "python-requests/2.31.0",
        "accept-encoding": "gzip, deflate",
        "accept": "*/*",
        "connection": "keep-alive",
        "X-Hub-Task-ID": "4288c298-010e-42de-8aeb-46544c2c66c1"
    }
}
Fri 2026-05-01 14:50:01:     INFO [        _client:1758 - _send_single_request ] HTTP Request: GET https://api.ibkr.com/v1/api/iserver/marketdata/snapshot?conids=61228752&fields=31%2C86%2C84%2C88%2C85%2C7762%2C55%2C6008 "HTTP/1.1 200 OK"
Fri 2026-05-01 14:50:01:     INFO [     hub_server:192 -               worker ] WORKER: [Task 4288c298-010e-42de-8aeb-46544c2c66c1] Completed.
INFO:     96.126.109.155:39668 - "GET /hhub/v1/api/iserver/marketdata/snapshot?conids=61228752&fields=31,86,84,88,85,7762,55,6008 HTTP/1.1" 200 OK
Fri 2026-05-01 14:50:15:     INFO [        _client:1758 - _send_single_request ] HTTP Request: GET https://api.ibkr.com/v1/api/tickle "HTTP/1.1 200 OK"
Fri 2026-05-01 14:51:00:     INFO [        _client:1758 - _send_single_request ] HTTP Request: GET https://api.ibkr.com/v1/api/tickle "HTTP/1.1 200 OK"
Fri 2026-05-01 14:51:01:     INFO [     hub_server:289 -                relay ] RELAY: [Task 1b41549e-d57b-4068-a4c4-e47d84f0db0b] Adding to queue:
{
    "method": "GET",
    "url": "https://api.ibkr.com/v1/api/iserver/marketdata/snapshot",
    "params": {
        "conids": "61228752",
        "fields": "31,86,84,88,85,7762,55,6008"
    },
    "content": "",
    "headers": {
        "user-agent": "python-requests/2.31.0",
        "accept-encoding": "gzip, deflate",
        "accept": "*/*",
        "connection": "keep-alive",
        "X-Hub-Task-ID": "1b41549e-d57b-4068-a4c4-e47d84f0db0b"
    }
}
Fri 2026-05-01 14:51:01:     INFO [        _client:1758 - _send_single_request ] HTTP Request: GET https://api.ibkr.com/v1/api/iserver/marketdata/snapshot?conids=61228752&fields=31%2C86%2C84%2C88%2C85%2C7762%2C55%2C6008 "HTTP/1.1 200 OK"
Fri 2026-05-01 14:51:01:     INFO [     hub_server:192 -               worker ] WORKER: [Task 1b41549e-d57b-4068-a4c4-e47d84f0db0b] Completed.
INFO:     96.126.109.155:45028 - "GET /hhub/v1/api/iserver/marketdata/snapshot?conids=61228752&fields=31,86,84,88,85,7762,55,6008 HTTP/1.1" 200 OK
Fri 2026-05-01 14:51:46:     INFO [        _client:1758 - _send_single_request ] HTTP Request: GET https://api.ibkr.com/v1/api/tickle "HTTP/1.1 200 OK"
Fri 2026-05-01 14:52:02:     INFO [     hub_server:289 -                relay ] RELAY: [Task b3202a39-9715-455e-99d1-55ed5b80bcb9] Adding to queue:
{
    "method": "GET",
    "url": "https://api.ibkr.com/v1/api/iserver/marketdata/snapshot",
    "params": {
        "conids": "61228752",
        "fields": "31,86,84,88,85,7762,55,6008"
    },
    "content": "",
    "headers": {
        "user-agent": "python-requests/2.31.0",
        "accept-encoding": "gzip, deflate",
        "accept": "*/*",
        "connection": "keep-alive",
        "X-Hub-Task-ID": "b3202a39-9715-455e-99d1-55ed5b80bcb9"
    }
}
Fri 2026-05-01 14:52:02:     INFO [        _client:1758 - _send_single_request ] HTTP Request: GET https://api.ibkr.com/v1/api/iserver/marketdata/snapshot?conids=61228752&fields=31%2C86%2C84%2C88%2C85%2C7762%2C55%2C6008 "HTTP/1.1 200 OK"
Fri 2026-05-01 14:52:02:     INFO [     hub_server:192 -               worker ] WORKER: [Task b3202a39-9715-455e-99d1-55ed5b80bcb9] Completed.
INFO:     96.126.109.155:36372 - "GET /hhub/v1/api/iserver/marketdata/snapshot?conids=61228752&fields=31,86,84,88,85,7762,55,6008 HTTP/1.1" 200 OK
Fri 2026-05-01 14:52:31:     INFO [        _client:1758 - _send_single_request ] HTTP Request: GET https://api.ibkr.com/v1/api/tickle "HTTP/1.1 200 OK"
Fri 2026-05-01 14:53:02:     INFO [     hub_server:289 -                relay ] RELAY: [Task 76624491-9d29-49f1-9bcb-a352444b8cf0] Adding to queue:
{
    "method": "GET",
    "url": "https://api.ibkr.com/v1/api/iserver/marketdata/snapshot",
    "params": {
        "conids": "61228752",
        "fields": "31,86,84,88,85,7762,55,6008"
    },
    "content": "",
    "headers": {
        "user-agent": "python-requests/2.31.0",
        "accept-encoding": "gzip, deflate",
        "accept": "*/*",
        "connection": "keep-alive",
        "X-Hub-Task-ID": "76624491-9d29-49f1-9bcb-a352444b8cf0"
    }
}
Fri 2026-05-01 14:53:02:     INFO [        _client:1758 - _send_single_request ] HTTP Request: GET https://api.ibkr.com/v1/api/iserver/marketdata/snapshot?conids=61228752&fields=31%2C86%2C84%2C88%2C85%2C7762%2C55%2C6008 "HTTP/1.1 200 OK"
Fri 2026-05-01 14:53:02:     INFO [     hub_server:192 -               worker ] WORKER: [Task 76624491-9d29-49f1-9bcb-a352444b8cf0] Completed.
INFO:     96.126.109.155:33662 - "GET /hhub/v1/api/iserver/marketdata/snapshot?conids=61228752&fields=31,86,84,88,85,7762,55,6008 HTTP/1.1" 200 OK
Fri 2026-05-01 14:53:16:     INFO [        _client:1758 - _send_single_request ] HTTP Request: GET https://api.ibkr.com/v1/api/tickle "HTTP/1.1 200 OK"
Fri 2026-05-01 14:54:01:     INFO [        _client:1758 - _send_single_request ] HTTP Request: GET https://api.ibkr.com/v1/api/tickle "HTTP/1.1 200 OK"
Fri 2026-05-01 14:54:03:     INFO [     hub_server:289 -                relay ] RELAY: [Task fbf9b98a-d649-4aa5-86b9-27b06b6563c5] Adding to queue:
{
    "method": "GET",
    "url": "https://api.ibkr.com/v1/api/iserver/marketdata/snapshot",
    "params": {
        "conids": "61228752",
        "fields": "31,86,84,88,85,7762,55,6008"
    },
    "content": "",
    "headers": {
        "user-agent": "python-requests/2.31.0",
        "accept-encoding": "gzip, deflate",
        "accept": "*/*",
        "connection": "keep-alive",
        "X-Hub-Task-ID": "fbf9b98a-d649-4aa5-86b9-27b06b6563c5"
    }
}
Fri 2026-05-01 14:54:03:     INFO [        _client:1758 - _send_single_request ] HTTP Request: GET https://api.ibkr.com/v1/api/iserver/marketdata/snapshot?conids=61228752&fields=31%2C86%2C84%2C88%2C85%2C7762%2C55%2C6008 "HTTP/1.1 200 OK"
Fri 2026-05-01 14:54:03:     INFO [     hub_server:192 -               worker ] WORKER: [Task fbf9b98a-d649-4aa5-86b9-27b06b6563c5] Completed.
INFO:     96.126.109.155:53684 - "GET /hhub/v1/api/iserver/marketdata/snapshot?conids=61228752&fields=31,86,84,88,85,7762,55,6008 HTTP/1.1" 200 OK
Fri 2026-05-01 14:54:46:     INFO [        _client:1758 - _send_single_request ] HTTP Request: GET https://api.ibkr.com/v1/api/tickle "HTTP/1.1 200 OK"
Fri 2026-05-01 14:55:00:     INFO [     hub_server:289 -                relay ] RELAY: [Task 5d742bac-9362-427a-b789-0a4b7499f7b1] Adding to queue:
{
    "method": "GET",
    "url": "https://api.ibkr.com/v1/api/iserver/marketdata/snapshot",
    "params": {
        "conids": "61228752",
        "fields": "31,86,84,88,85,7762,55,6008"
    },
    "content": "",
    "headers": {
        "user-agent": "python-requests/2.31.0",
        "accept-encoding": "gzip, deflate",
        "accept": "*/*",
        "connection": "keep-alive",
        "X-Hub-Task-ID": "5d742bac-9362-427a-b789-0a4b7499f7b1"
    }
}
Fri 2026-05-01 14:55:00:     INFO [        _client:1758 - _send_single_request ] HTTP Request: GET https://api.ibkr.com/v1/api/iserver/marketdata/snapshot?conids=61228752&fields=31%2C86%2C84%2C88%2C85%2C7762%2C55%2C6008 "HTTP/1.1 200 OK"
Fri 2026-05-01 14:55:00:     INFO [     hub_server:192 -               worker ] WORKER: [Task 5d742bac-9362-427a-b789-0a4b7499f7b1] Completed.
INFO:     96.126.109.155:51372 - "GET /hhub/v1/api/iserver/marketdata/snapshot?conids=61228752&fields=31,86,84,88,85,7762,55,6008 HTTP/1.1" 200 OK
Fri 2026-05-01 14:55:31:     INFO [        _client:1758 - _send_single_request ] HTTP Request: GET https://api.ibkr.com/v1/api/tickle "HTTP/1.1 200 OK"
Fri 2026-05-01 14:56:00:     INFO [     hub_server:289 -                relay ] RELAY: [Task edca2283-acc4-4f33-8e8f-b9704492ce86] Adding to queue:
{
    "method": "GET",
    "url": "https://api.ibkr.com/v1/api/iserver/marketdata/snapshot",
    "params": {
        "conids": "61228752",
        "fields": "31,86,84,88,85,7762,55,6008"
    },
    "content": "",
    "headers": {
        "user-agent": "python-requests/2.31.0",
        "accept-encoding": "gzip, deflate",
        "accept": "*/*",
        "connection": "keep-alive",
        "X-Hub-Task-ID": "edca2283-acc4-4f33-8e8f-b9704492ce86"
    }
}
Fri 2026-05-01 14:56:01:     INFO [        _client:1758 - _send_single_request ] HTTP Request: GET https://api.ibkr.com/v1/api/iserver/marketdata/snapshot?conids=61228752&fields=31%2C86%2C84%2C88%2C85%2C7762%2C55%2C6008 "HTTP/1.1 200 OK"
Fri 2026-05-01 14:56:01:     INFO [     hub_server:192 -               worker ] WORKER: [Task edca2283-acc4-4f33-8e8f-b9704492ce86] Completed.
INFO:     96.126.109.155:37638 - "GET /hhub/v1/api/iserver/marketdata/snapshot?conids=61228752&fields=31,86,84,88,85,7762,55,6008 HTTP/1.1" 200 OK
Fri 2026-05-01 14:56:16:     INFO [        _client:1758 - _send_single_request ] HTTP Request: GET https://api.ibkr.com/v1/api/tickle "HTTP/1.1 200 OK"
Fri 2026-05-01 14:57:01:     INFO [     hub_server:289 -                relay ] RELAY: [Task c82a748d-526d-4df5-b5dc-9fc6f47130af] Adding to queue:
{
    "method": "GET",
    "url": "https://api.ibkr.com/v1/api/iserver/marketdata/snapshot",
    "params": {
        "conids": "61228752",
        "fields": "31,86,84,88,85,7762,55,6008"
    },
    "content": "",
    "headers": {
        "user-agent": "python-requests/2.31.0",
        "accept-encoding": "gzip, deflate",
        "accept": "*/*",
        "connection": "keep-alive",
        "X-Hub-Task-ID": "c82a748d-526d-4df5-b5dc-9fc6f47130af"
    }
}
Fri 2026-05-01 14:57:01:     INFO [        _client:1758 - _send_single_request ] HTTP Request: GET https://api.ibkr.com/v1/api/iserver/marketdata/snapshot?conids=61228752&fields=31%2C86%2C84%2C88%2C85%2C7762%2C55%2C6008 "HTTP/1.1 200 OK"
Fri 2026-05-01 14:57:01:     INFO [     hub_server:192 -               worker ] WORKER: [Task c82a748d-526d-4df5-b5dc-9fc6f47130af] Completed.
INFO:     96.126.109.155:60082 - "GET /hhub/v1/api/iserver/marketdata/snapshot?conids=61228752&fields=31,86,84,88,85,7762,55,6008 HTTP/1.1" 200 OK
Fri 2026-05-01 14:57:01:     INFO [        _client:1758 - _send_single_request ] HTTP Request: GET https://api.ibkr.com/v1/api/tickle "HTTP/1.1 200 OK"
Fri 2026-05-01 14:57:46:     INFO [        _client:1758 - _send_single_request ] HTTP Request: GET https://api.ibkr.com/v1/api/tickle "HTTP/1.1 200 OK"
Fri 2026-05-01 14:58:02:     INFO [     hub_server:289 -                relay ] RELAY: [Task 9cc6f7ad-909a-4a3b-b375-4b864653fad7] Adding to queue:
{
    "method": "GET",
    "url": "https://api.ibkr.com/v1/api/iserver/marketdata/snapshot",
    "params": {
        "conids": "61228752",
        "fields": "31,86,84,88,85,7762,55,6008"
    },
    "content": "",
    "headers": {
        "user-agent": "python-requests/2.31.0",
        "accept-encoding": "gzip, deflate",
        "accept": "*/*",
        "connection": "keep-alive",
        "X-Hub-Task-ID": "9cc6f7ad-909a-4a3b-b375-4b864653fad7"
    }
}
Fri 2026-05-01 14:58:02:     INFO [        _client:1758 - _send_single_request ] HTTP Request: GET https://api.ibkr.com/v1/api/iserver/marketdata/snapshot?conids=61228752&fields=31%2C86%2C84%2C88%2C85%2C7762%2C55%2C6008 "HTTP/1.1 200 OK"
Fri 2026-05-01 14:58:02:     INFO [     hub_server:192 -               worker ] WORKER: [Task 9cc6f7ad-909a-4a3b-b375-4b864653fad7] Completed.
INFO:     96.126.109.155:35166 - "GET /hhub/v1/api/iserver/marketdata/snapshot?conids=61228752&fields=31,86,84,88,85,7762,55,6008 HTTP/1.1" 200 OK
Fri 2026-05-01 14:58:31:     INFO [        _client:1758 - _send_single_request ] HTTP Request: GET https://api.ibkr.com/v1/api/tickle "HTTP/1.1 200 OK"
Fri 2026-05-01 14:59:03:     INFO [     hub_server:289 -                relay ] RELAY: [Task 7b80bb1a-7b49-4c69-9f27-6be9a63c5066] Adding to queue:
{
    "method": "GET",
    "url": "https://api.ibkr.com/v1/api/iserver/marketdata/snapshot",
    "params": {
        "conids": "61228752",
        "fields": "31,86,84,88,85,7762,55,6008"
    },
    "content": "",
    "headers": {
        "user-agent": "python-requests/2.31.0",
        "accept-encoding": "gzip, deflate",
        "accept": "*/*",
        "connection": "keep-alive",
        "X-Hub-Task-ID": "7b80bb1a-7b49-4c69-9f27-6be9a63c5066"
    }
}
Fri 2026-05-01 14:59:03:     INFO [        _client:1758 - _send_single_request ] HTTP Request: GET https://api.ibkr.com/v1/api/iserver/marketdata/snapshot?conids=61228752&fields=31%2C86%2C84%2C88%2C85%2C7762%2C55%2C6008 "HTTP/1.1 200 OK"
Fri 2026-05-01 14:59:03:     INFO [     hub_server:192 -               worker ] WORKER: [Task 7b80bb1a-7b49-4c69-9f27-6be9a63c5066] Completed.
INFO:     96.126.109.155:43604 - "GET /hhub/v1/api/iserver/marketdata/snapshot?conids=61228752&fields=31,86,84,88,85,7762,55,6008 HTTP/1.1" 200 OK
Fri 2026-05-01 14:59:17:     INFO [        _client:1758 - _send_single_request ] HTTP Request: GET https://api.ibkr.com/v1/api/tickle "HTTP/1.1 200 OK"
Fri 2026-05-01 15:00:00:     INFO [     hub_server:289 -                relay ] RELAY: [Task c4e71d21-4495-4006-bcb2-df33ec7f4206] Adding to queue:
{
    "method": "GET",
    "url": "https://api.ibkr.com/v1/api/iserver/marketdata/snapshot",
    "params": {
        "conids": "61228752",
        "fields": "31,86,84,88,85,7762,55,6008"
    },
    "content": "",
    "headers": {
        "user-agent": "python-requests/2.31.0",
        "accept-encoding": "gzip, deflate",
        "accept": "*/*",
        "connection": "keep-alive",
        "X-Hub-Task-ID": "c4e71d21-4495-4006-bcb2-df33ec7f4206"
    }
}
Fri 2026-05-01 15:00:00:     INFO [        _client:1758 - _send_single_request ] HTTP Request: GET https://api.ibkr.com/v1/api/iserver/marketdata/snapshot?conids=61228752&fields=31%2C86%2C84%2C88%2C85%2C7762%2C55%2C6008 "HTTP/1.1 200 OK"
Fri 2026-05-01 15:00:00:     INFO [     hub_server:192 -               worker ] WORKER: [Task c4e71d21-4495-4006-bcb2-df33ec7f4206] Completed.
INFO:     96.126.109.155:35718 - "GET /hhub/v1/api/iserver/marketdata/snapshot?conids=61228752&fields=31,86,84,88,85,7762,55,6008 HTTP/1.1" 200 OK
Fri 2026-05-01 15:00:02:     INFO [        _client:1758 - _send_single_request ] HTTP Request: GET https://api.ibkr.com/v1/api/tickle "HTTP/1.1 200 OK"
Fri 2026-05-01 15:00:47:     INFO [        _client:1758 - _send_single_request ] HTTP Request: GET https://api.ibkr.com/v1/api/tickle "HTTP/1.1 200 OK"
Fri 2026-05-01 15:01:00:     INFO [     hub_server:289 -                relay ] RELAY: [Task a06fd465-5883-40fe-ab76-78342139b69a] Adding to queue:
{
    "method": "GET",
    "url": "https://api.ibkr.com/v1/api/iserver/marketdata/snapshot",
    "params": {
        "conids": "61228752",
        "fields": "31,86,84,88,85,7762,55,6008"
    },
    "content": "",
    "headers": {
        "user-agent": "python-requests/2.31.0",
        "accept-encoding": "gzip, deflate",
        "accept": "*/*",
        "connection": "keep-alive",
        "X-Hub-Task-ID": "a06fd465-5883-40fe-ab76-78342139b69a"
    }
}
Fri 2026-05-01 15:01:00:     INFO [        _client:1758 - _send_single_request ] HTTP Request: GET https://api.ibkr.com/v1/api/iserver/marketdata/snapshot?conids=61228752&fields=31%2C86%2C84%2C88%2C85%2C7762%2C55%2C6008 "HTTP/1.1 200 OK"
Fri 2026-05-01 15:01:00:     INFO [     hub_server:192 -               worker ] WORKER: [Task a06fd465-5883-40fe-ab76-78342139b69a] Completed.
INFO:     96.126.109.155:36550 - "GET /hhub/v1/api/iserver/marketdata/snapshot?conids=61228752&fields=31,86,84,88,85,7762,55,6008 HTTP/1.1" 200 OK
Fri 2026-05-01 15:01:32:     INFO [        _client:1758 - _send_single_request ] HTTP Request: GET https://api.ibkr.com/v1/api/tickle "HTTP/1.1 200 OK"
Fri 2026-05-01 15:02:01:     INFO [     hub_server:289 -                relay ] RELAY: [Task 9c8f3411-07f5-4c80-965b-c4f677d20c0f] Adding to queue:
{
    "method": "GET",
    "url": "https://api.ibkr.com/v1/api/iserver/marketdata/snapshot",
    "params": {
        "conids": "61228752",
        "fields": "31,86,84,88,85,7762,55,6008"
    },
    "content": "",
    "headers": {
        "user-agent": "python-requests/2.31.0",
        "accept-encoding": "gzip, deflate",
        "accept": "*/*",
        "connection": "keep-alive",
        "X-Hub-Task-ID": "9c8f3411-07f5-4c80-965b-c4f677d20c0f"
    }
}
Fri 2026-05-01 15:02:01:     INFO [        _client:1758 - _send_single_request ] HTTP Request: GET https://api.ibkr.com/v1/api/iserver/marketdata/snapshot?conids=61228752&fields=31%2C86%2C84%2C88%2C85%2C7762%2C55%2C6008 "HTTP/1.1 200 OK"
Fri 2026-05-01 15:02:01:     INFO [     hub_server:192 -               worker ] WORKER: [Task 9c8f3411-07f5-4c80-965b-c4f677d20c0f] Completed.
INFO:     96.126.109.155:56976 - "GET /hhub/v1/api/iserver/marketdata/snapshot?conids=61228752&fields=31,86,84,88,85,7762,55,6008 HTTP/1.1" 200 OK
Fri 2026-05-01 15:02:17:     INFO [        _client:1758 - _send_single_request ] HTTP Request: GET https://api.ibkr.com/v1/api/tickle "HTTP/1.1 200 OK"
Fri 2026-05-01 15:03:01:     INFO [     hub_server:289 -                relay ] RELAY: [Task 58ddbd7b-f2a2-4ea0-867e-aaa15d5e98d0] Adding to queue:
{
    "method": "GET",
    "url": "https://api.ibkr.com/v1/api/iserver/marketdata/snapshot",
    "params": {
        "conids": "61228752",
        "fields": "31,86,84,88,85,7762,55,6008"
    },
    "content": "",
    "headers": {
        "user-agent": "python-requests/2.31.0",
        "accept-encoding": "gzip, deflate",
        "accept": "*/*",
        "connection": "keep-alive",
        "X-Hub-Task-ID": "58ddbd7b-f2a2-4ea0-867e-aaa15d5e98d0"
    }
}
Fri 2026-05-01 15:03:01:     INFO [        _client:1758 - _send_single_request ] HTTP Request: GET https://api.ibkr.com/v1/api/iserver/marketdata/snapshot?conids=61228752&fields=31%2C86%2C84%2C88%2C85%2C7762%2C55%2C6008 "HTTP/1.1 200 OK"
Fri 2026-05-01 15:03:01:     INFO [     hub_server:192 -               worker ] WORKER: [Task 58ddbd7b-f2a2-4ea0-867e-aaa15d5e98d0] Completed.
INFO:     96.126.109.155:48280 - "GET /hhub/v1/api/iserver/marketdata/snapshot?conids=61228752&fields=31,86,84,88,85,7762,55,6008 HTTP/1.1" 200 OK
Fri 2026-05-01 15:03:02:     INFO [        _client:1758 - _send_single_request ] HTTP Request: GET https://api.ibkr.com/v1/api/tickle "HTTP/1.1 200 OK"
Fri 2026-05-01 15:03:47:     INFO [        _client:1758 - _send_single_request ] HTTP Request: GET https://api.ibkr.com/v1/api/tickle "HTTP/1.1 200 OK"
Fri 2026-05-01 15:04:02:     INFO [     hub_server:289 -                relay ] RELAY: [Task e853898d-0e1a-4a27-b13d-36435ac6ad83] Adding to queue:
{
    "method": "GET",
    "url": "https://api.ibkr.com/v1/api/iserver/marketdata/snapshot",
    "params": {
        "conids": "61228752",
        "fields": "31,86,84,88,85,7762,55,6008"
    },
    "content": "",
    "headers": {
        "user-agent": "python-requests/2.31.0",
        "accept-encoding": "gzip, deflate",
        "accept": "*/*",
        "connection": "keep-alive",
        "X-Hub-Task-ID": "e853898d-0e1a-4a27-b13d-36435ac6ad83"
    }
}
Fri 2026-05-01 15:04:02:     INFO [        _client:1758 - _send_single_request ] HTTP Request: GET https://api.ibkr.com/v1/api/iserver/marketdata/snapshot?conids=61228752&fields=31%2C86%2C84%2C88%2C85%2C7762%2C55%2C6008 "HTTP/1.1 200 OK"
Fri 2026-05-01 15:04:02:     INFO [     hub_server:192 -               worker ] WORKER: [Task e853898d-0e1a-4a27-b13d-36435ac6ad83] Completed.
INFO:     96.126.109.155:55004 - "GET /hhub/v1/api/iserver/marketdata/snapshot?conids=61228752&fields=31,86,84,88,85,7762,55,6008 HTTP/1.1" 200 OK
Fri 2026-05-01 15:04:32:     INFO [        _client:1758 - _send_single_request ] HTTP Request: GET https://api.ibkr.com/v1/api/tickle "HTTP/1.1 200 OK"
Fri 2026-05-01 15:05:03:     INFO [     hub_server:289 -                relay ] RELAY: [Task e0004988-c2ba-48d6-960d-840bd986de01] Adding to queue:
{
    "method": "GET",
    "url": "https://api.ibkr.com/v1/api/iserver/marketdata/snapshot",
    "params": {
        "conids": "61228752",
        "fields": "31,86,84,88,85,7762,55,6008"
    },
    "content": "",
    "headers": {
        "user-agent": "python-requests/2.31.0",
        "accept-encoding": "gzip, deflate",
        "accept": "*/*",
        "connection": "keep-alive",
        "X-Hub-Task-ID": "e0004988-c2ba-48d6-960d-840bd986de01"
    }
}
Fri 2026-05-01 15:05:03:     INFO [        _client:1758 - _send_single_request ] HTTP Request: GET https://api.ibkr.com/v1/api/iserver/marketdata/snapshot?conids=61228752&fields=31%2C86%2C84%2C88%2C85%2C7762%2C55%2C6008 "HTTP/1.1 200 OK"
Fri 2026-05-01 15:05:03:     INFO [     hub_server:192 -               worker ] WORKER: [Task e0004988-c2ba-48d6-960d-840bd986de01] Completed.
INFO:     96.126.109.155:39758 - "GET /hhub/v1/api/iserver/marketdata/snapshot?conids=61228752&fields=31,86,84,88,85,7762,55,6008 HTTP/1.1" 200 OK
Fri 2026-05-01 15:05:17:     INFO [        _client:1758 - _send_single_request ] HTTP Request: GET https://api.ibkr.com/v1/api/tickle "HTTP/1.1 200 OK"
Fri 2026-05-01 15:06:00:     INFO [     hub_server:289 -                relay ] RELAY: [Task 61b57b11-caf0-432a-8dad-c7e1d05640a4] Adding to queue:
{
    "method": "GET",
    "url": "https://api.ibkr.com/v1/api/iserver/marketdata/snapshot",
    "params": {
        "conids": "61228752",
        "fields": "31,86,84,88,85,7762,55,6008"
    },
    "content": "",
    "headers": {
        "user-agent": "python-requests/2.31.0",
        "accept-encoding": "gzip, deflate",
        "accept": "*/*",
        "connection": "keep-alive",
        "X-Hub-Task-ID": "61b57b11-caf0-432a-8dad-c7e1d05640a4"
    }
}
Fri 2026-05-01 15:06:00:     INFO [        _client:1758 - _send_single_request ] HTTP Request: GET https://api.ibkr.com/v1/api/iserver/marketdata/snapshot?conids=61228752&fields=31%2C86%2C84%2C88%2C85%2C7762%2C55%2C6008 "HTTP/1.1 200 OK"
Fri 2026-05-01 15:06:00:     INFO [     hub_server:192 -               worker ] WORKER: [Task 61b57b11-caf0-432a-8dad-c7e1d05640a4] Completed.
INFO:     96.126.109.155:56100 - "GET /hhub/v1/api/iserver/marketdata/snapshot?conids=61228752&fields=31,86,84,88,85,7762,55,6008 HTTP/1.1" 200 OK
Fri 2026-05-01 15:06:02:     INFO [        _client:1758 - _send_single_request ] HTTP Request: GET https://api.ibkr.com/v1/api/tickle "HTTP/1.1 200 OK"
Fri 2026-05-01 15:06:48:     INFO [        _client:1758 - _send_single_request ] HTTP Request: GET https://api.ibkr.com/v1/api/tickle "HTTP/1.1 200 OK"
Fri 2026-05-01 15:07:00:     INFO [     hub_server:289 -                relay ] RELAY: [Task b7b2d726-cd1d-4b1d-ac06-d6b6b494b3fc] Adding to queue:
{
    "method": "GET",
    "url": "https://api.ibkr.com/v1/api/iserver/marketdata/snapshot",
    "params": {
        "conids": "61228752",
        "fields": "31,86,84,88,85,7762,55,6008"
    },
    "content": "",
    "headers": {
        "user-agent": "python-requests/2.31.0",
        "accept-encoding": "gzip, deflate",
        "accept": "*/*",
        "connection": "keep-alive",
        "X-Hub-Task-ID": "b7b2d726-cd1d-4b1d-ac06-d6b6b494b3fc"
    }
}
Fri 2026-05-01 15:07:00:     INFO [        _client:1758 - _send_single_request ] HTTP Request: GET https://api.ibkr.com/v1/api/iserver/marketdata/snapshot?conids=61228752&fields=31%2C86%2C84%2C88%2C85%2C7762%2C55%2C6008 "HTTP/1.1 200 OK"
Fri 2026-05-01 15:07:00:     INFO [     hub_server:192 -               worker ] WORKER: [Task b7b2d726-cd1d-4b1d-ac06-d6b6b494b3fc] Completed.
INFO:     96.126.109.155:36354 - "GET /hhub/v1/api/iserver/marketdata/snapshot?conids=61228752&fields=31,86,84,88,85,7762,55,6008 HTTP/1.1" 200 OK
Fri 2026-05-01 15:07:33:     INFO [        _client:1758 - _send_single_request ] HTTP Request: GET https://api.ibkr.com/v1/api/tickle "HTTP/1.1 200 OK"
Fri 2026-05-01 15:08:01:     INFO [     hub_server:289 -                relay ] RELAY: [Task 027879d6-cabc-4cba-a0ce-5ca3e2b0ed49] Adding to queue:
{
    "method": "GET",
    "url": "https://api.ibkr.com/v1/api/iserver/marketdata/snapshot",
    "params": {
        "conids": "61228752",
        "fields": "31,86,84,88,85,7762,55,6008"
    },
    "content": "",
    "headers": {
        "user-agent": "python-requests/2.31.0",
        "accept-encoding": "gzip, deflate",
        "accept": "*/*",
        "connection": "keep-alive",
        "X-Hub-Task-ID": "027879d6-cabc-4cba-a0ce-5ca3e2b0ed49"
    }
}
Fri 2026-05-01 15:08:01:     INFO [        _client:1758 - _send_single_request ] HTTP Request: GET https://api.ibkr.com/v1/api/iserver/marketdata/snapshot?conids=61228752&fields=31%2C86%2C84%2C88%2C85%2C7762%2C55%2C6008 "HTTP/1.1 200 OK"
Fri 2026-05-01 15:08:01:     INFO [     hub_server:192 -               worker ] WORKER: [Task 027879d6-cabc-4cba-a0ce-5ca3e2b0ed49] Completed.
INFO:     96.126.109.155:34336 - "GET /hhub/v1/api/iserver/marketdata/snapshot?conids=61228752&fields=31,86,84,88,85,7762,55,6008 HTTP/1.1" 200 OK
Fri 2026-05-01 15:08:18:     INFO [        _client:1758 - _send_single_request ] HTTP Request: GET https://api.ibkr.com/v1/api/tickle "HTTP/1.1 200 OK"
Fri 2026-05-01 15:09:01:     INFO [     hub_server:289 -                relay ] RELAY: [Task 0072e2b9-58ad-4557-8e1c-ed822637c8e0] Adding to queue:
{
    "method": "GET",
    "url": "https://api.ibkr.com/v1/api/iserver/marketdata/snapshot",
    "params": {
        "conids": "61228752",
        "fields": "31,86,84,88,85,7762,55,6008"
    },
    "content": "",
    "headers": {
        "user-agent": "python-requests/2.31.0",
        "accept-encoding": "gzip, deflate",
        "accept": "*/*",
        "connection": "keep-alive",
        "X-Hub-Task-ID": "0072e2b9-58ad-4557-8e1c-ed822637c8e0"
    }
}
Fri 2026-05-01 15:09:01:     INFO [        _client:1758 - _send_single_request ] HTTP Request: GET https://api.ibkr.com/v1/api/iserver/marketdata/snapshot?conids=61228752&fields=31%2C86%2C84%2C88%2C85%2C7762%2C55%2C6008 "HTTP/1.1 200 OK"
Fri 2026-05-01 15:09:01:     INFO [     hub_server:192 -               worker ] WORKER: [Task 0072e2b9-58ad-4557-8e1c-ed822637c8e0] Completed.
INFO:     96.126.109.155:39048 - "GET /hhub/v1/api/iserver/marketdata/snapshot?conids=61228752&fields=31,86,84,88,85,7762,55,6008 HTTP/1.1" 200 OK
Fri 2026-05-01 15:09:03:     INFO [        _client:1758 - _send_single_request ] HTTP Request: GET https://api.ibkr.com/v1/api/tickle "HTTP/1.1 200 OK"
Fri 2026-05-01 15:09:48:     INFO [        _client:1758 - _send_single_request ] HTTP Request: GET https://api.ibkr.com/v1/api/tickle "HTTP/1.1 200 OK"
Fri 2026-05-01 15:10:02:     INFO [     hub_server:289 -                relay ] RELAY: [Task 61a7961a-ee84-4232-b06b-610a08e240d2] Adding to queue:
{
    "method": "GET",
    "url": "https://api.ibkr.com/v1/api/iserver/marketdata/snapshot",
    "params": {
        "conids": "61228752",
        "fields": "31,86,84,88,85,7762,55,6008"
    },
    "content": "",
    "headers": {
        "user-agent": "python-requests/2.31.0",
        "accept-encoding": "gzip, deflate",
        "accept": "*/*",
        "connection": "keep-alive",
        "X-Hub-Task-ID": "61a7961a-ee84-4232-b06b-610a08e240d2"
    }
}
Fri 2026-05-01 15:10:02:     INFO [        _client:1758 - _send_single_request ] HTTP Request: GET https://api.ibkr.com/v1/api/iserver/marketdata/snapshot?conids=61228752&fields=31%2C86%2C84%2C88%2C85%2C7762%2C55%2C6008 "HTTP/1.1 200 OK"
Fri 2026-05-01 15:10:02:     INFO [     hub_server:192 -               worker ] WORKER: [Task 61a7961a-ee84-4232-b06b-610a08e240d2] Completed.
INFO:     96.126.109.155:56928 - "GET /hhub/v1/api/iserver/marketdata/snapshot?conids=61228752&fields=31,86,84,88,85,7762,55,6008 HTTP/1.1" 200 OK
Fri 2026-05-01 15:10:33:     INFO [        _client:1758 - _send_single_request ] HTTP Request: GET https://api.ibkr.com/v1/api/tickle "HTTP/1.1 200 OK"
Fri 2026-05-01 15:11:02:     INFO [     hub_server:289 -                relay ] RELAY: [Task 4acae443-7177-4696-b7f4-9bc5304b150b] Adding to queue:
{
    "method": "GET",
    "url": "https://api.ibkr.com/v1/api/iserver/marketdata/snapshot",
    "params": {
        "conids": "61228752",
        "fields": "31,86,84,88,85,7762,55,6008"
    },
    "content": "",
    "headers": {
        "user-agent": "python-requests/2.31.0",
        "accept-encoding": "gzip, deflate",
        "accept": "*/*",
        "connection": "keep-alive",
        "X-Hub-Task-ID": "4acae443-7177-4696-b7f4-9bc5304b150b"
    }
}
Fri 2026-05-01 15:11:02:     INFO [        _client:1758 - _send_single_request ] HTTP Request: GET https://api.ibkr.com/v1/api/iserver/marketdata/snapshot?conids=61228752&fields=31%2C86%2C84%2C88%2C85%2C7762%2C55%2C6008 "HTTP/1.1 200 OK"
Fri 2026-05-01 15:11:02:     INFO [     hub_server:192 -               worker ] WORKER: [Task 4acae443-7177-4696-b7f4-9bc5304b150b] Completed.
INFO:     96.126.109.155:53108 - "GET /hhub/v1/api/iserver/marketdata/snapshot?conids=61228752&fields=31,86,84,88,85,7762,55,6008 HTTP/1.1" 200 OK
Fri 2026-05-01 15:11:18:     INFO [        _client:1758 - _send_single_request ] HTTP Request: GET https://api.ibkr.com/v1/api/tickle "HTTP/1.1 200 OK"
Fri 2026-05-01 15:12:02:     INFO [     hub_server:289 -                relay ] RELAY: [Task 9a2ba531-fdd6-4f1e-a864-16c7c0ff1303] Adding to queue:
{
    "method": "GET",
    "url": "https://api.ibkr.com/v1/api/iserver/marketdata/snapshot",
    "params": {
        "conids": "61228752",
        "fields": "31,86,84,88,85,7762,55,6008"
    },
    "content": "",
    "headers": {
        "user-agent": "python-requests/2.31.0",
        "accept-encoding": "gzip, deflate",
        "accept": "*/*",
        "connection": "keep-alive",
        "X-Hub-Task-ID": "9a2ba531-fdd6-4f1e-a864-16c7c0ff1303"
    }
}
Fri 2026-05-01 15:12:03:     INFO [        _client:1758 - _send_single_request ] HTTP Request: GET https://api.ibkr.com/v1/api/iserver/marketdata/snapshot?conids=61228752&fields=31%2C86%2C84%2C88%2C85%2C7762%2C55%2C6008 "HTTP/1.1 200 OK"
Fri 2026-05-01 15:12:03:     INFO [     hub_server:192 -               worker ] WORKER: [Task 9a2ba531-fdd6-4f1e-a864-16c7c0ff1303] Completed.
INFO:     96.126.109.155:44704 - "GET /hhub/v1/api/iserver/marketdata/snapshot?conids=61228752&fields=31,86,84,88,85,7762,55,6008 HTTP/1.1" 200 OK
Fri 2026-05-01 15:12:03:     INFO [        _client:1758 - _send_single_request ] HTTP Request: GET https://api.ibkr.com/v1/api/tickle "HTTP/1.1 200 OK"
Fri 2026-05-01 15:12:48:     INFO [        _client:1758 - _send_single_request ] HTTP Request: GET https://api.ibkr.com/v1/api/tickle "HTTP/1.1 200 OK"
Fri 2026-05-01 15:13:00:     INFO [     hub_server:289 -                relay ] RELAY: [Task b995382e-45fa-41b5-a01a-0e55eb2b872a] Adding to queue:
{
    "method": "GET",
    "url": "https://api.ibkr.com/v1/api/iserver/marketdata/snapshot",
    "params": {
        "conids": "61228752",
        "fields": "31,86,84,88,85,7762,55,6008"
    },
    "content": "",
    "headers": {
        "user-agent": "python-requests/2.31.0",
        "accept-encoding": "gzip, deflate",
        "accept": "*/*",
        "connection": "keep-alive",
        "X-Hub-Task-ID": "b995382e-45fa-41b5-a01a-0e55eb2b872a"
    }
}
Fri 2026-05-01 15:13:00:     INFO [        _client:1758 - _send_single_request ] HTTP Request: GET https://api.ibkr.com/v1/api/iserver/marketdata/snapshot?conids=61228752&fields=31%2C86%2C84%2C88%2C85%2C7762%2C55%2C6008 "HTTP/1.1 200 OK"
Fri 2026-05-01 15:13:00:     INFO [     hub_server:192 -               worker ] WORKER: [Task b995382e-45fa-41b5-a01a-0e55eb2b872a] Completed.
INFO:     96.126.109.155:51488 - "GET /hhub/v1/api/iserver/marketdata/snapshot?conids=61228752&fields=31,86,84,88,85,7762,55,6008 HTTP/1.1" 200 OK
Fri 2026-05-01 15:13:34:     INFO [        _client:1758 - _send_single_request ] HTTP Request: GET https://api.ibkr.com/v1/api/tickle "HTTP/1.1 200 OK"
Fri 2026-05-01 15:14:01:     INFO [     hub_server:289 -                relay ] RELAY: [Task 556179de-161e-4b0c-87d3-721caa48a651] Adding to queue:
{
    "method": "GET",
    "url": "https://api.ibkr.com/v1/api/iserver/marketdata/snapshot",
    "params": {
        "conids": "61228752",
        "fields": "31,86,84,88,85,7762,55,6008"
    },
    "content": "",
    "headers": {
        "user-agent": "python-requests/2.31.0",
        "accept-encoding": "gzip, deflate",
        "accept": "*/*",
        "connection": "keep-alive",
        "X-Hub-Task-ID": "556179de-161e-4b0c-87d3-721caa48a651"
    }
}
Fri 2026-05-01 15:14:01:     INFO [        _client:1758 - _send_single_request ] HTTP Request: GET https://api.ibkr.com/v1/api/iserver/marketdata/snapshot?conids=61228752&fields=31%2C86%2C84%2C88%2C85%2C7762%2C55%2C6008 "HTTP/1.1 200 OK"
Fri 2026-05-01 15:14:01:     INFO [     hub_server:192 -               worker ] WORKER: [Task 556179de-161e-4b0c-87d3-721caa48a651] Completed.
INFO:     96.126.109.155:50058 - "GET /hhub/v1/api/iserver/marketdata/snapshot?conids=61228752&fields=31,86,84,88,85,7762,55,6008 HTTP/1.1" 200 OK
Fri 2026-05-01 15:14:19:     INFO [        _client:1758 - _send_single_request ] HTTP Request: GET https://api.ibkr.com/v1/api/tickle "HTTP/1.1 200 OK"
Fri 2026-05-01 15:15:02:     INFO [     hub_server:289 -                relay ] RELAY: [Task 11590056-0e1a-4f35-beb0-1b93bea65614] Adding to queue:
{
    "method": "GET",
    "url": "https://api.ibkr.com/v1/api/iserver/marketdata/snapshot",
    "params": {
        "conids": "61228752",
        "fields": "31,86,84,88,85,7762,55,6008"
    },
    "content": "",
    "headers": {
        "user-agent": "python-requests/2.31.0",
        "accept-encoding": "gzip, deflate",
        "accept": "*/*",
        "connection": "keep-alive",
        "X-Hub-Task-ID": "11590056-0e1a-4f35-beb0-1b93bea65614"
    }
}
Fri 2026-05-01 15:15:02:     INFO [        _client:1758 - _send_single_request ] HTTP Request: GET https://api.ibkr.com/v1/api/iserver/marketdata/snapshot?conids=61228752&fields=31%2C86%2C84%2C88%2C85%2C7762%2C55%2C6008 "HTTP/1.1 200 OK"
Fri 2026-05-01 15:15:02:     INFO [     hub_server:192 -               worker ] WORKER: [Task 11590056-0e1a-4f35-beb0-1b93bea65614] Completed.
INFO:     96.126.109.155:36056 - "GET /hhub/v1/api/iserver/marketdata/snapshot?conids=61228752&fields=31,86,84,88,85,7762,55,6008 HTTP/1.1" 200 OK
Fri 2026-05-01 15:15:04:     INFO [        _client:1758 - _send_single_request ] HTTP Request: GET https://api.ibkr.com/v1/api/tickle "HTTP/1.1 200 OK"
Fri 2026-05-01 15:15:49:     INFO [        _client:1758 - _send_single_request ] HTTP Request: GET https://api.ibkr.com/v1/api/tickle "HTTP/1.1 200 OK"
Fri 2026-05-01 15:16:02:     INFO [     hub_server:289 -                relay ] RELAY: [Task ca1a8642-98ea-4b8b-beaa-3b82c7fcfbef] Adding to queue:
{
    "method": "GET",
    "url": "https://api.ibkr.com/v1/api/iserver/marketdata/snapshot",
    "params": {
        "conids": "61228752",
        "fields": "31,86,84,88,85,7762,55,6008"
    },
    "content": "",
    "headers": {
        "user-agent": "python-requests/2.31.0",
        "accept-encoding": "gzip, deflate",
        "accept": "*/*",
        "connection": "keep-alive",
        "X-Hub-Task-ID": "ca1a8642-98ea-4b8b-beaa-3b82c7fcfbef"
    }
}
Fri 2026-05-01 15:16:02:     INFO [        _client:1758 - _send_single_request ] HTTP Request: GET https://api.ibkr.com/v1/api/iserver/marketdata/snapshot?conids=61228752&fields=31%2C86%2C84%2C88%2C85%2C7762%2C55%2C6008 "HTTP/1.1 200 OK"
Fri 2026-05-01 15:16:02:     INFO [     hub_server:192 -               worker ] WORKER: [Task ca1a8642-98ea-4b8b-beaa-3b82c7fcfbef] Completed.
INFO:     96.126.109.155:43046 - "GET /hhub/v1/api/iserver/marketdata/snapshot?conids=61228752&fields=31,86,84,88,85,7762,55,6008 HTTP/1.1" 200 OK
Fri 2026-05-01 15:16:34:     INFO [        _client:1758 - _send_single_request ] HTTP Request: GET https://api.ibkr.com/v1/api/tickle "HTTP/1.1 200 OK"
Fri 2026-05-01 15:17:03:     INFO [     hub_server:289 -                relay ] RELAY: [Task e0df7e60-b4c4-47a0-85c5-be4992af6531] Adding to queue:
{
    "method": "GET",
    "url": "https://api.ibkr.com/v1/api/iserver/marketdata/snapshot",
    "params": {
        "conids": "61228752",
        "fields": "31,86,84,88,85,7762,55,6008"
    },
    "content": "",
    "headers": {
        "user-agent": "python-requests/2.31.0",
        "accept-encoding": "gzip, deflate",
        "accept": "*/*",
        "connection": "keep-alive",
        "X-Hub-Task-ID": "e0df7e60-b4c4-47a0-85c5-be4992af6531"
    }
}
Fri 2026-05-01 15:17:03:     INFO [        _client:1758 - _send_single_request ] HTTP Request: GET https://api.ibkr.com/v1/api/iserver/marketdata/snapshot?conids=61228752&fields=31%2C86%2C84%2C88%2C85%2C7762%2C55%2C6008 "HTTP/1.1 200 OK"
Fri 2026-05-01 15:17:03:     INFO [     hub_server:192 -               worker ] WORKER: [Task e0df7e60-b4c4-47a0-85c5-be4992af6531] Completed.
INFO:     96.126.109.155:47068 - "GET /hhub/v1/api/iserver/marketdata/snapshot?conids=61228752&fields=31,86,84,88,85,7762,55,6008 HTTP/1.1" 200 OK
Fri 2026-05-01 15:17:19:     INFO [        _client:1758 - _send_single_request ] HTTP Request: GET https://api.ibkr.com/v1/api/tickle "HTTP/1.1 200 OK"
Fri 2026-05-01 15:18:01:     INFO [     hub_server:289 -                relay ] RELAY: [Task 29759cbb-3209-4c2a-a3d8-6cdce7a76a1e] Adding to queue:
{
    "method": "GET",
    "url": "https://api.ibkr.com/v1/api/iserver/marketdata/snapshot",
    "params": {
        "conids": "61228752",
        "fields": "31,86,84,88,85,7762,55,6008"
    },
    "content": "",
    "headers": {
        "user-agent": "python-requests/2.31.0",
        "accept-encoding": "gzip, deflate",
        "accept": "*/*",
        "connection": "keep-alive",
        "X-Hub-Task-ID": "29759cbb-3209-4c2a-a3d8-6cdce7a76a1e"
    }
}
Fri 2026-05-01 15:18:01:     INFO [        _client:1758 - _send_single_request ] HTTP Request: GET https://api.ibkr.com/v1/api/iserver/marketdata/snapshot?conids=61228752&fields=31%2C86%2C84%2C88%2C85%2C7762%2C55%2C6008 "HTTP/1.1 200 OK"
Fri 2026-05-01 15:18:01:     INFO [     hub_server:192 -               worker ] WORKER: [Task 29759cbb-3209-4c2a-a3d8-6cdce7a76a1e] Completed.
INFO:     96.126.109.155:47764 - "GET /hhub/v1/api/iserver/marketdata/snapshot?conids=61228752&fields=31,86,84,88,85,7762,55,6008 HTTP/1.1" 200 OK
Fri 2026-05-01 15:18:04:     INFO [        _client:1758 - _send_single_request ] HTTP Request: GET https://api.ibkr.com/v1/api/tickle "HTTP/1.1 200 OK"
Fri 2026-05-01 15:18:49:     INFO [        _client:1758 - _send_single_request ] HTTP Request: GET https://api.ibkr.com/v1/api/tickle "HTTP/1.1 200 OK"
Fri 2026-05-01 15:19:01:     INFO [     hub_server:289 -                relay ] RELAY: [Task 23447bdd-5308-4327-a011-4507ef24364b] Adding to queue:
{
    "method": "GET",
    "url": "https://api.ibkr.com/v1/api/iserver/marketdata/snapshot",
    "params": {
        "conids": "61228752",
        "fields": "31,86,84,88,85,7762,55,6008"
    },
    "content": "",
    "headers": {
        "user-agent": "python-requests/2.31.0",
        "accept-encoding": "gzip, deflate",
        "accept": "*/*",
        "connection": "keep-alive",
        "X-Hub-Task-ID": "23447bdd-5308-4327-a011-4507ef24364b"
    }
}
Fri 2026-05-01 15:19:01:     INFO [        _client:1758 - _send_single_request ] HTTP Request: GET https://api.ibkr.com/v1/api/iserver/marketdata/snapshot?conids=61228752&fields=31%2C86%2C84%2C88%2C85%2C7762%2C55%2C6008 "HTTP/1.1 200 OK"
Fri 2026-05-01 15:19:01:     INFO [     hub_server:192 -               worker ] WORKER: [Task 23447bdd-5308-4327-a011-4507ef24364b] Completed.
INFO:     96.126.109.155:35704 - "GET /hhub/v1/api/iserver/marketdata/snapshot?conids=61228752&fields=31,86,84,88,85,7762,55,6008 HTTP/1.1" 200 OK
Fri 2026-05-01 15:19:34:     INFO [        _client:1758 - _send_single_request ] HTTP Request: GET https://api.ibkr.com/v1/api/tickle "HTTP/1.1 200 OK"
Fri 2026-05-01 15:20:02:     INFO [     hub_server:289 -                relay ] RELAY: [Task c7711d14-2367-49ea-abbc-04b73573e99d] Adding to queue:
{
    "method": "GET",
    "url": "https://api.ibkr.com/v1/api/iserver/marketdata/snapshot",
    "params": {
        "conids": "61228752",
        "fields": "31,86,84,88,85,7762,55,6008"
    },
    "content": "",
    "headers": {
        "user-agent": "python-requests/2.31.0",
        "accept-encoding": "gzip, deflate",
        "accept": "*/*",
        "connection": "keep-alive",
        "X-Hub-Task-ID": "c7711d14-2367-49ea-abbc-04b73573e99d"
    }
}
Fri 2026-05-01 15:20:02:     INFO [        _client:1758 - _send_single_request ] HTTP Request: GET https://api.ibkr.com/v1/api/iserver/marketdata/snapshot?conids=61228752&fields=31%2C86%2C84%2C88%2C85%2C7762%2C55%2C6008 "HTTP/1.1 200 OK"
Fri 2026-05-01 15:20:02:     INFO [     hub_server:192 -               worker ] WORKER: [Task c7711d14-2367-49ea-abbc-04b73573e99d] Completed.
INFO:     96.126.109.155:45530 - "GET /hhub/v1/api/iserver/marketdata/snapshot?conids=61228752&fields=31,86,84,88,85,7762,55,6008 HTTP/1.1" 200 OK
Fri 2026-05-01 15:20:19:     INFO [        _client:1758 - _send_single_request ] HTTP Request: GET https://api.ibkr.com/v1/api/tickle "HTTP/1.1 200 OK"
Fri 2026-05-01 15:21:02:     INFO [     hub_server:289 -                relay ] RELAY: [Task 4c8220fd-b7fa-4d2e-a7f9-2abb1fbc2ff4] Adding to queue:
{
    "method": "GET",
    "url": "https://api.ibkr.com/v1/api/iserver/marketdata/snapshot",
    "params": {
        "conids": "61228752",
        "fields": "31,86,84,88,85,7762,55,6008"
    },
    "content": "",
    "headers": {
        "user-agent": "python-requests/2.31.0",
        "accept-encoding": "gzip, deflate",
        "accept": "*/*",
        "connection": "keep-alive",
        "X-Hub-Task-ID": "4c8220fd-b7fa-4d2e-a7f9-2abb1fbc2ff4"
    }
}
Fri 2026-05-01 15:21:02:     INFO [        _client:1758 - _send_single_request ] HTTP Request: GET https://api.ibkr.com/v1/api/iserver/marketdata/snapshot?conids=61228752&fields=31%2C86%2C84%2C88%2C85%2C7762%2C55%2C6008 "HTTP/1.1 200 OK"
Fri 2026-05-01 15:21:02:     INFO [     hub_server:192 -               worker ] WORKER: [Task 4c8220fd-b7fa-4d2e-a7f9-2abb1fbc2ff4] Completed.
INFO:     96.126.109.155:53670 - "GET /hhub/v1/api/iserver/marketdata/snapshot?conids=61228752&fields=31,86,84,88,85,7762,55,6008 HTTP/1.1" 200 OK
Fri 2026-05-01 15:21:04:     INFO [        _client:1758 - _send_single_request ] HTTP Request: GET https://api.ibkr.com/v1/api/tickle "HTTP/1.1 200 OK"
Fri 2026-05-01 15:21:49:     INFO [        _client:1758 - _send_single_request ] HTTP Request: GET https://api.ibkr.com/v1/api/tickle "HTTP/1.1 200 OK"
Fri 2026-05-01 15:22:03:     INFO [     hub_server:289 -                relay ] RELAY: [Task d1ed4c9a-84d4-4d47-a4f9-f6cf4486ab73] Adding to queue:
{
    "method": "GET",
    "url": "https://api.ibkr.com/v1/api/iserver/marketdata/snapshot",
    "params": {
        "conids": "61228752",
        "fields": "31,86,84,88,85,7762,55,6008"
    },
    "content": "",
    "headers": {
        "user-agent": "python-requests/2.31.0",
        "accept-encoding": "gzip, deflate",
        "accept": "*/*",
        "connection": "keep-alive",
        "X-Hub-Task-ID": "d1ed4c9a-84d4-4d47-a4f9-f6cf4486ab73"
    }
}
Fri 2026-05-01 15:22:03:     INFO [        _client:1758 - _send_single_request ] HTTP Request: GET https://api.ibkr.com/v1/api/iserver/marketdata/snapshot?conids=61228752&fields=31%2C86%2C84%2C88%2C85%2C7762%2C55%2C6008 "HTTP/1.1 200 OK"
Fri 2026-05-01 15:22:03:     INFO [     hub_server:192 -               worker ] WORKER: [Task d1ed4c9a-84d4-4d47-a4f9-f6cf4486ab73] Completed.
INFO:     96.126.109.155:46214 - "GET /hhub/v1/api/iserver/marketdata/snapshot?conids=61228752&fields=31,86,84,88,85,7762,55,6008 HTTP/1.1" 200 OK
Fri 2026-05-01 15:22:34:     INFO [        _client:1758 - _send_single_request ] HTTP Request: GET https://api.ibkr.com/v1/api/tickle "HTTP/1.1 200 OK"
Fri 2026-05-01 15:23:00:     INFO [     hub_server:289 -                relay ] RELAY: [Task c02d461b-2e92-4f48-8260-b3155c7cfa8a] Adding to queue:
{
    "method": "GET",
    "url": "https://api.ibkr.com/v1/api/iserver/marketdata/snapshot",
    "params": {
        "conids": "61228752",
        "fields": "31,86,84,88,85,7762,55,6008"
    },
    "content": "",
    "headers": {
        "user-agent": "python-requests/2.31.0",
        "accept-encoding": "gzip, deflate",
        "accept": "*/*",
        "connection": "keep-alive",
        "X-Hub-Task-ID": "c02d461b-2e92-4f48-8260-b3155c7cfa8a"
    }
}
Fri 2026-05-01 15:23:00:     INFO [        _client:1758 - _send_single_request ] HTTP Request: GET https://api.ibkr.com/v1/api/iserver/marketdata/snapshot?conids=61228752&fields=31%2C86%2C84%2C88%2C85%2C7762%2C55%2C6008 "HTTP/1.1 200 OK"
Fri 2026-05-01 15:23:00:     INFO [     hub_server:192 -               worker ] WORKER: [Task c02d461b-2e92-4f48-8260-b3155c7cfa8a] Completed.
INFO:     96.126.109.155:53932 - "GET /hhub/v1/api/iserver/marketdata/snapshot?conids=61228752&fields=31,86,84,88,85,7762,55,6008 HTTP/1.1" 200 OK
Fri 2026-05-01 15:23:20:     INFO [        _client:1758 - _send_single_request ] HTTP Request: GET https://api.ibkr.com/v1/api/tickle "HTTP/1.1 200 OK"
Fri 2026-05-01 15:24:01:     INFO [     hub_server:289 -                relay ] RELAY: [Task b2fb606a-8047-4461-a8cf-e8a6b87cd894] Adding to queue:
{
    "method": "GET",
    "url": "https://api.ibkr.com/v1/api/iserver/marketdata/snapshot",
    "params": {
        "conids": "61228752",
        "fields": "31,86,84,88,85,7762,55,6008"
    },
    "content": "",
    "headers": {
        "user-agent": "python-requests/2.31.0",
        "accept-encoding": "gzip, deflate",
        "accept": "*/*",
        "connection": "keep-alive",
        "X-Hub-Task-ID": "b2fb606a-8047-4461-a8cf-e8a6b87cd894"
    }
}
Fri 2026-05-01 15:24:01:     INFO [        _client:1758 - _send_single_request ] HTTP Request: GET https://api.ibkr.com/v1/api/iserver/marketdata/snapshot?conids=61228752&fields=31%2C86%2C84%2C88%2C85%2C7762%2C55%2C6008 "HTTP/1.1 200 OK"
Fri 2026-05-01 15:24:01:     INFO [     hub_server:192 -               worker ] WORKER: [Task b2fb606a-8047-4461-a8cf-e8a6b87cd894] Completed.
INFO:     96.126.109.155:50378 - "GET /hhub/v1/api/iserver/marketdata/snapshot?conids=61228752&fields=31,86,84,88,85,7762,55,6008 HTTP/1.1" 200 OK
Fri 2026-05-01 15:24:05:     INFO [        _client:1758 - _send_single_request ] HTTP Request: GET https://api.ibkr.com/v1/api/tickle "HTTP/1.1 200 OK"
Fri 2026-05-01 15:24:50:     INFO [        _client:1758 - _send_single_request ] HTTP Request: GET https://api.ibkr.com/v1/api/tickle "HTTP/1.1 200 OK"
Fri 2026-05-01 15:25:01:     INFO [     hub_server:289 -                relay ] RELAY: [Task 7fa83f13-37fa-41f8-9827-afc0c6c32be4] Adding to queue:
{
    "method": "GET",
    "url": "https://api.ibkr.com/v1/api/iserver/marketdata/snapshot",
    "params": {
        "conids": "61228752",
        "fields": "31,86,84,88,85,7762,55,6008"
    },
    "content": "",
    "headers": {
        "user-agent": "python-requests/2.31.0",
        "accept-encoding": "gzip, deflate",
        "accept": "*/*",
        "connection": "keep-alive",
        "X-Hub-Task-ID": "7fa83f13-37fa-41f8-9827-afc0c6c32be4"
    }
}
Fri 2026-05-01 15:25:01:     INFO [        _client:1758 - _send_single_request ] HTTP Request: GET https://api.ibkr.com/v1/api/iserver/marketdata/snapshot?conids=61228752&fields=31%2C86%2C84%2C88%2C85%2C7762%2C55%2C6008 "HTTP/1.1 200 OK"
Fri 2026-05-01 15:25:01:     INFO [     hub_server:192 -               worker ] WORKER: [Task 7fa83f13-37fa-41f8-9827-afc0c6c32be4] Completed.
INFO:     96.126.109.155:59000 - "GET /hhub/v1/api/iserver/marketdata/snapshot?conids=61228752&fields=31,86,84,88,85,7762,55,6008 HTTP/1.1" 200 OK
Fri 2026-05-01 15:25:35:     INFO [        _client:1758 - _send_single_request ] HTTP Request: GET https://api.ibkr.com/v1/api/tickle "HTTP/1.1 200 OK"
Fri 2026-05-01 15:26:02:     INFO [     hub_server:289 -                relay ] RELAY: [Task 85aabf9a-9822-4abf-8128-e235b4d20dfb] Adding to queue:
{
    "method": "GET",
    "url": "https://api.ibkr.com/v1/api/iserver/marketdata/snapshot",
    "params": {
        "conids": "61228752",
        "fields": "31,86,84,88,85,7762,55,6008"
    },
    "content": "",
    "headers": {
        "user-agent": "python-requests/2.31.0",
        "accept-encoding": "gzip, deflate",
        "accept": "*/*",
        "connection": "keep-alive",
        "X-Hub-Task-ID": "85aabf9a-9822-4abf-8128-e235b4d20dfb"
    }
}
Fri 2026-05-01 15:26:02:     INFO [        _client:1758 - _send_single_request ] HTTP Request: GET https://api.ibkr.com/v1/api/iserver/marketdata/snapshot?conids=61228752&fields=31%2C86%2C84%2C88%2C85%2C7762%2C55%2C6008 "HTTP/1.1 200 OK"
Fri 2026-05-01 15:26:02:     INFO [     hub_server:192 -               worker ] WORKER: [Task 85aabf9a-9822-4abf-8128-e235b4d20dfb] Completed.
INFO:     96.126.109.155:42086 - "GET /hhub/v1/api/iserver/marketdata/snapshot?conids=61228752&fields=31,86,84,88,85,7762,55,6008 HTTP/1.1" 200 OK
Fri 2026-05-01 15:26:20:     INFO [        _client:1758 - _send_single_request ] HTTP Request: GET https://api.ibkr.com/v1/api/tickle "HTTP/1.1 200 OK"
Fri 2026-05-01 15:27:03:     INFO [     hub_server:289 -                relay ] RELAY: [Task d806ef57-992c-40b8-bb0b-a0136f8a917c] Adding to queue:
{
    "method": "GET",
    "url": "https://api.ibkr.com/v1/api/iserver/marketdata/snapshot",
    "params": {
        "conids": "61228752",
        "fields": "31,86,84,88,85,7762,55,6008"
    },
    "content": "",
    "headers": {
        "user-agent": "python-requests/2.31.0",
        "accept-encoding": "gzip, deflate",
        "accept": "*/*",
        "connection": "keep-alive",
        "X-Hub-Task-ID": "d806ef57-992c-40b8-bb0b-a0136f8a917c"
    }
}
Fri 2026-05-01 15:27:03:     INFO [        _client:1758 - _send_single_request ] HTTP Request: GET https://api.ibkr.com/v1/api/iserver/marketdata/snapshot?conids=61228752&fields=31%2C86%2C84%2C88%2C85%2C7762%2C55%2C6008 "HTTP/1.1 200 OK"
Fri 2026-05-01 15:27:03:     INFO [     hub_server:192 -               worker ] WORKER: [Task d806ef57-992c-40b8-bb0b-a0136f8a917c] Completed.
INFO:     96.126.109.155:48722 - "GET /hhub/v1/api/iserver/marketdata/snapshot?conids=61228752&fields=31,86,84,88,85,7762,55,6008 HTTP/1.1" 200 OK
Fri 2026-05-01 15:27:05:     INFO [        _client:1758 - _send_single_request ] HTTP Request: GET https://api.ibkr.com/v1/api/tickle "HTTP/1.1 200 OK"
Fri 2026-05-01 15:27:50:     INFO [        _client:1758 - _send_single_request ] HTTP Request: GET https://api.ibkr.com/v1/api/tickle "HTTP/1.1 200 OK"
Fri 2026-05-01 15:28:00:     INFO [     hub_server:289 -                relay ] RELAY: [Task a6ec5a89-6eca-4dd0-b999-610436a38674] Adding to queue:
{
    "method": "GET",
    "url": "https://api.ibkr.com/v1/api/iserver/marketdata/snapshot",
    "params": {
        "conids": "61228752",
        "fields": "31,86,84,88,85,7762,55,6008"
    },
    "content": "",
    "headers": {
        "user-agent": "python-requests/2.31.0",
        "accept-encoding": "gzip, deflate",
        "accept": "*/*",
        "connection": "keep-alive",
        "X-Hub-Task-ID": "a6ec5a89-6eca-4dd0-b999-610436a38674"
    }
}
Fri 2026-05-01 15:28:00:     INFO [        _client:1758 - _send_single_request ] HTTP Request: GET https://api.ibkr.com/v1/api/iserver/marketdata/snapshot?conids=61228752&fields=31%2C86%2C84%2C88%2C85%2C7762%2C55%2C6008 "HTTP/1.1 200 OK"
Fri 2026-05-01 15:28:00:     INFO [     hub_server:192 -               worker ] WORKER: [Task a6ec5a89-6eca-4dd0-b999-610436a38674] Completed.
INFO:     96.126.109.155:35918 - "GET /hhub/v1/api/iserver/marketdata/snapshot?conids=61228752&fields=31,86,84,88,85,7762,55,6008 HTTP/1.1" 200 OK
Fri 2026-05-01 15:28:35:     INFO [        _client:1758 - _send_single_request ] HTTP Request: GET https://api.ibkr.com/v1/api/tickle "HTTP/1.1 200 OK"
Fri 2026-05-01 15:29:01:     INFO [     hub_server:289 -                relay ] RELAY: [Task 8c4c11e7-fc18-4636-8a53-15f7a423e3e2] Adding to queue:
{
    "method": "GET",
    "url": "https://api.ibkr.com/v1/api/iserver/marketdata/snapshot",
    "params": {
        "conids": "61228752",
        "fields": "31,86,84,88,85,7762,55,6008"
    },
    "content": "",
    "headers": {
        "user-agent": "python-requests/2.31.0",
        "accept-encoding": "gzip, deflate",
        "accept": "*/*",
        "connection": "keep-alive",
        "X-Hub-Task-ID": "8c4c11e7-fc18-4636-8a53-15f7a423e3e2"
    }
}
Fri 2026-05-01 15:29:02:     INFO [        _client:1758 - _send_single_request ] HTTP Request: GET https://api.ibkr.com/v1/api/iserver/marketdata/snapshot?conids=61228752&fields=31%2C86%2C84%2C88%2C85%2C7762%2C55%2C6008 "HTTP/1.1 200 OK"
Fri 2026-05-01 15:29:02:     INFO [     hub_server:192 -               worker ] WORKER: [Task 8c4c11e7-fc18-4636-8a53-15f7a423e3e2] Completed.
INFO:     96.126.109.155:45526 - "GET /hhub/v1/api/iserver/marketdata/snapshot?conids=61228752&fields=31,86,84,88,85,7762,55,6008 HTTP/1.1" 200 OK
Fri 2026-05-01 15:29:20:     INFO [        _client:1758 - _send_single_request ] HTTP Request: GET https://api.ibkr.com/v1/api/tickle "HTTP/1.1 200 OK"
Fri 2026-05-01 15:30:02:     INFO [     hub_server:289 -                relay ] RELAY: [Task 7c41f95a-d27d-4f30-aaa7-ae0a7a5352af] Adding to queue:
{
    "method": "GET",
    "url": "https://api.ibkr.com/v1/api/iserver/marketdata/snapshot",
    "params": {
        "conids": "61228752",
        "fields": "31,86,84,88,85,7762,55,6008"
    },
    "content": "",
    "headers": {
        "user-agent": "python-requests/2.31.0",
        "accept-encoding": "gzip, deflate",
        "accept": "*/*",
        "connection": "keep-alive",
        "X-Hub-Task-ID": "7c41f95a-d27d-4f30-aaa7-ae0a7a5352af"
    }
}
Fri 2026-05-01 15:30:02:     INFO [        _client:1758 - _send_single_request ] HTTP Request: GET https://api.ibkr.com/v1/api/iserver/marketdata/snapshot?conids=61228752&fields=31%2C86%2C84%2C88%2C85%2C7762%2C55%2C6008 "HTTP/1.1 200 OK"
Fri 2026-05-01 15:30:02:     INFO [     hub_server:192 -               worker ] WORKER: [Task 7c41f95a-d27d-4f30-aaa7-ae0a7a5352af] Completed.
INFO:     96.126.109.155:44752 - "GET /hhub/v1/api/iserver/marketdata/snapshot?conids=61228752&fields=31,86,84,88,85,7762,55,6008 HTTP/1.1" 200 OK
Fri 2026-05-01 15:30:05:     INFO [        _client:1758 - _send_single_request ] HTTP Request: GET https://api.ibkr.com/v1/api/tickle "HTTP/1.1 200 OK"
Fri 2026-05-01 15:30:50:     INFO [        _client:1758 - _send_single_request ] HTTP Request: GET https://api.ibkr.com/v1/api/tickle "HTTP/1.1 200 OK"
Fri 2026-05-01 15:31:03:     INFO [     hub_server:289 -                relay ] RELAY: [Task ff62ee27-68b1-4831-bc78-944f2e2c5b4e] Adding to queue:
{
    "method": "GET",
    "url": "https://api.ibkr.com/v1/api/iserver/marketdata/snapshot",
    "params": {
        "conids": "61228752",
        "fields": "31,86,84,88,85,7762,55,6008"
    },
    "content": "",
    "headers": {
        "user-agent": "python-requests/2.31.0",
        "accept-encoding": "gzip, deflate",
        "accept": "*/*",
        "connection": "keep-alive",
        "X-Hub-Task-ID": "ff62ee27-68b1-4831-bc78-944f2e2c5b4e"
    }
}
Fri 2026-05-01 15:31:03:     INFO [        _client:1758 - _send_single_request ] HTTP Request: GET https://api.ibkr.com/v1/api/iserver/marketdata/snapshot?conids=61228752&fields=31%2C86%2C84%2C88%2C85%2C7762%2C55%2C6008 "HTTP/1.1 200 OK"
Fri 2026-05-01 15:31:03:     INFO [     hub_server:192 -               worker ] WORKER: [Task ff62ee27-68b1-4831-bc78-944f2e2c5b4e] Completed.
INFO:     96.126.109.155:35748 - "GET /hhub/v1/api/iserver/marketdata/snapshot?conids=61228752&fields=31,86,84,88,85,7762,55,6008 HTTP/1.1" 200 OK
Fri 2026-05-01 15:31:35:     INFO [        _client:1758 - _send_single_request ] HTTP Request: GET https://api.ibkr.com/v1/api/tickle "HTTP/1.1 200 OK"
Fri 2026-05-01 15:32:00:     INFO [     hub_server:289 -                relay ] RELAY: [Task e9830aaa-ce1e-4f9a-805c-6fabc0f8d36b] Adding to queue:
{
    "method": "GET",
    "url": "https://api.ibkr.com/v1/api/iserver/marketdata/snapshot",
    "params": {
        "conids": "61228752",
        "fields": "31,86,84,88,85,7762,55,6008"
    },
    "content": "",
    "headers": {
        "user-agent": "python-requests/2.31.0",
        "accept-encoding": "gzip, deflate",
        "accept": "*/*",
        "connection": "keep-alive",
        "X-Hub-Task-ID": "e9830aaa-ce1e-4f9a-805c-6fabc0f8d36b"
    }
}
Fri 2026-05-01 15:32:01:     INFO [        _client:1758 - _send_single_request ] HTTP Request: GET https://api.ibkr.com/v1/api/iserver/marketdata/snapshot?conids=61228752&fields=31%2C86%2C84%2C88%2C85%2C7762%2C55%2C6008 "HTTP/1.1 200 OK"
Fri 2026-05-01 15:32:01:     INFO [     hub_server:192 -               worker ] WORKER: [Task e9830aaa-ce1e-4f9a-805c-6fabc0f8d36b] Completed.
INFO:     96.126.109.155:59790 - "GET /hhub/v1/api/iserver/marketdata/snapshot?conids=61228752&fields=31,86,84,88,85,7762,55,6008 HTTP/1.1" 200 OK
Fri 2026-05-01 15:32:20:     INFO [        _client:1758 - _send_single_request ] HTTP Request: GET https://api.ibkr.com/v1/api/tickle "HTTP/1.1 200 OK"
Fri 2026-05-01 15:33:01:     INFO [     hub_server:289 -                relay ] RELAY: [Task 97a44f82-4d73-45ef-8af0-2dd903385722] Adding to queue:
{
    "method": "GET",
    "url": "https://api.ibkr.com/v1/api/iserver/marketdata/snapshot",
    "params": {
        "conids": "61228752",
        "fields": "31,86,84,88,85,7762,55,6008"
    },
    "content": "",
    "headers": {
        "user-agent": "python-requests/2.31.0",
        "accept-encoding": "gzip, deflate",
        "accept": "*/*",
        "connection": "keep-alive",
        "X-Hub-Task-ID": "97a44f82-4d73-45ef-8af0-2dd903385722"
    }
}
Fri 2026-05-01 15:33:01:     INFO [        _client:1758 - _send_single_request ] HTTP Request: GET https://api.ibkr.com/v1/api/iserver/marketdata/snapshot?conids=61228752&fields=31%2C86%2C84%2C88%2C85%2C7762%2C55%2C6008 "HTTP/1.1 200 OK"
Fri 2026-05-01 15:33:01:     INFO [     hub_server:192 -               worker ] WORKER: [Task 97a44f82-4d73-45ef-8af0-2dd903385722] Completed.
INFO:     96.126.109.155:55210 - "GET /hhub/v1/api/iserver/marketdata/snapshot?conids=61228752&fields=31,86,84,88,85,7762,55,6008 HTTP/1.1" 200 OK
Fri 2026-05-01 15:33:05:     INFO [        _client:1758 - _send_single_request ] HTTP Request: GET https://api.ibkr.com/v1/api/tickle "HTTP/1.1 200 OK"
Fri 2026-05-01 15:33:51:     INFO [        _client:1758 - _send_single_request ] HTTP Request: GET https://api.ibkr.com/v1/api/tickle "HTTP/1.1 200 OK"
Fri 2026-05-01 15:34:01:     INFO [     hub_server:289 -                relay ] RELAY: [Task 7194df39-75aa-49a8-84b1-37ba840a0688] Adding to queue:
{
    "method": "GET",
    "url": "https://api.ibkr.com/v1/api/iserver/marketdata/snapshot",
    "params": {
        "conids": "61228752",
        "fields": "31,86,84,88,85,7762,55,6008"
    },
    "content": "",
    "headers": {
        "user-agent": "python-requests/2.31.0",
        "accept-encoding": "gzip, deflate",
        "accept": "*/*",
        "connection": "keep-alive",
        "X-Hub-Task-ID": "7194df39-75aa-49a8-84b1-37ba840a0688"
    }
}
Fri 2026-05-01 15:34:02:     INFO [        _client:1758 - _send_single_request ] HTTP Request: GET https://api.ibkr.com/v1/api/iserver/marketdata/snapshot?conids=61228752&fields=31%2C86%2C84%2C88%2C85%2C7762%2C55%2C6008 "HTTP/1.1 200 OK"
Fri 2026-05-01 15:34:02:     INFO [     hub_server:192 -               worker ] WORKER: [Task 7194df39-75aa-49a8-84b1-37ba840a0688] Completed.
INFO:     96.126.109.155:52202 - "GET /hhub/v1/api/iserver/marketdata/snapshot?conids=61228752&fields=31,86,84,88,85,7762,55,6008 HTTP/1.1" 200 OK
Fri 2026-05-01 15:34:36:     INFO [        _client:1758 - _send_single_request ] HTTP Request: GET https://api.ibkr.com/v1/api/tickle "HTTP/1.1 200 OK"
Fri 2026-05-01 15:35:02:     INFO [     hub_server:289 -                relay ] RELAY: [Task 3cf5c005-7d74-468e-89cb-40806adea945] Adding to queue:
{
    "method": "GET",
    "url": "https://api.ibkr.com/v1/api/iserver/marketdata/snapshot",
    "params": {
        "conids": "61228752",
        "fields": "31,86,84,88,85,7762,55,6008"
    },
    "content": "",
    "headers": {
        "user-agent": "python-requests/2.31.0",
        "accept-encoding": "gzip, deflate",
        "accept": "*/*",
        "connection": "keep-alive",
        "X-Hub-Task-ID": "3cf5c005-7d74-468e-89cb-40806adea945"
    }
}
Fri 2026-05-01 15:35:02:     INFO [        _client:1758 - _send_single_request ] HTTP Request: GET https://api.ibkr.com/v1/api/iserver/marketdata/snapshot?conids=61228752&fields=31%2C86%2C84%2C88%2C85%2C7762%2C55%2C6008 "HTTP/1.1 200 OK"
Fri 2026-05-01 15:35:02:     INFO [     hub_server:192 -               worker ] WORKER: [Task 3cf5c005-7d74-468e-89cb-40806adea945] Completed.
INFO:     96.126.109.155:37744 - "GET /hhub/v1/api/iserver/marketdata/snapshot?conids=61228752&fields=31,86,84,88,85,7762,55,6008 HTTP/1.1" 200 OK
Fri 2026-05-01 15:35:21:     INFO [        _client:1758 - _send_single_request ] HTTP Request: GET https://api.ibkr.com/v1/api/tickle "HTTP/1.1 200 OK"
Fri 2026-05-01 15:36:03:     INFO [     hub_server:289 -                relay ] RELAY: [Task feba83c9-22dc-446a-af1a-4c253be0465e] Adding to queue:
{
    "method": "GET",
    "url": "https://api.ibkr.com/v1/api/iserver/marketdata/snapshot",
    "params": {
        "conids": "61228752",
        "fields": "31,86,84,88,85,7762,55,6008"
    },
    "content": "",
    "headers": {
        "user-agent": "python-requests/2.31.0",
        "accept-encoding": "gzip, deflate",
        "accept": "*/*",
        "connection": "keep-alive",
        "X-Hub-Task-ID": "feba83c9-22dc-446a-af1a-4c253be0465e"
    }
}
Fri 2026-05-01 15:36:03:     INFO [        _client:1758 - _send_single_request ] HTTP Request: GET https://api.ibkr.com/v1/api/iserver/marketdata/snapshot?conids=61228752&fields=31%2C86%2C84%2C88%2C85%2C7762%2C55%2C6008 "HTTP/1.1 200 OK"
Fri 2026-05-01 15:36:03:     INFO [     hub_server:192 -               worker ] WORKER: [Task feba83c9-22dc-446a-af1a-4c253be0465e] Completed.
INFO:     96.126.109.155:46786 - "GET /hhub/v1/api/iserver/marketdata/snapshot?conids=61228752&fields=31,86,84,88,85,7762,55,6008 HTTP/1.1" 200 OK
Fri 2026-05-01 15:36:06:     INFO [        _client:1758 - _send_single_request ] HTTP Request: GET https://api.ibkr.com/v1/api/tickle "HTTP/1.1 200 OK"
Fri 2026-05-01 15:36:51:     INFO [        _client:1758 - _send_single_request ] HTTP Request: GET https://api.ibkr.com/v1/api/tickle "HTTP/1.1 200 OK"
Fri 2026-05-01 15:37:01:     INFO [     hub_server:289 -                relay ] RELAY: [Task 4d7c4fed-ccb7-4920-93f5-5ee24d7aa22f] Adding to queue:
{
    "method": "GET",
    "url": "https://api.ibkr.com/v1/api/iserver/marketdata/snapshot",
    "params": {
        "conids": "61228752",
        "fields": "31,86,84,88,85,7762,55,6008"
    },
    "content": "",
    "headers": {
        "user-agent": "python-requests/2.31.0",
        "accept-encoding": "gzip, deflate",
        "accept": "*/*",
        "connection": "keep-alive",
        "X-Hub-Task-ID": "4d7c4fed-ccb7-4920-93f5-5ee24d7aa22f"
    }
}
Fri 2026-05-01 15:37:01:     INFO [        _client:1758 - _send_single_request ] HTTP Request: GET https://api.ibkr.com/v1/api/iserver/marketdata/snapshot?conids=61228752&fields=31%2C86%2C84%2C88%2C85%2C7762%2C55%2C6008 "HTTP/1.1 200 OK"
Fri 2026-05-01 15:37:01:     INFO [     hub_server:192 -               worker ] WORKER: [Task 4d7c4fed-ccb7-4920-93f5-5ee24d7aa22f] Completed.
INFO:     96.126.109.155:39902 - "GET /hhub/v1/api/iserver/marketdata/snapshot?conids=61228752&fields=31,86,84,88,85,7762,55,6008 HTTP/1.1" 200 OK
Fri 2026-05-01 15:37:36:     INFO [        _client:1758 - _send_single_request ] HTTP Request: GET https://api.ibkr.com/v1/api/tickle "HTTP/1.1 200 OK"
Fri 2026-05-01 15:38:02:     INFO [     hub_server:289 -                relay ] RELAY: [Task f4b3aaab-d778-4049-96da-8c74debf03bd] Adding to queue:
{
    "method": "GET",
    "url": "https://api.ibkr.com/v1/api/iserver/marketdata/snapshot",
    "params": {
        "conids": "61228752",
        "fields": "31,86,84,88,85,7762,55,6008"
    },
    "content": "",
    "headers": {
        "user-agent": "python-requests/2.31.0",
        "accept-encoding": "gzip, deflate",
        "accept": "*/*",
        "connection": "keep-alive",
        "X-Hub-Task-ID": "f4b3aaab-d778-4049-96da-8c74debf03bd"
    }
}
Fri 2026-05-01 15:38:02:     INFO [        _client:1758 - _send_single_request ] HTTP Request: GET https://api.ibkr.com/v1/api/iserver/marketdata/snapshot?conids=61228752&fields=31%2C86%2C84%2C88%2C85%2C7762%2C55%2C6008 "HTTP/1.1 200 OK"
Fri 2026-05-01 15:38:02:     INFO [     hub_server:192 -               worker ] WORKER: [Task f4b3aaab-d778-4049-96da-8c74debf03bd] Completed.
INFO:     96.126.109.155:50284 - "GET /hhub/v1/api/iserver/marketdata/snapshot?conids=61228752&fields=31,86,84,88,85,7762,55,6008 HTTP/1.1" 200 OK
Fri 2026-05-01 15:38:21:     INFO [        _client:1758 - _send_single_request ] HTTP Request: GET https://api.ibkr.com/v1/api/tickle "HTTP/1.1 200 OK"
Fri 2026-05-01 15:39:02:     INFO [     hub_server:289 -                relay ] RELAY: [Task ac0053b0-4830-4144-9dea-df8011919767] Adding to queue:
{
    "method": "GET",
    "url": "https://api.ibkr.com/v1/api/iserver/marketdata/snapshot",
    "params": {
        "conids": "61228752",
        "fields": "31,86,84,88,85,7762,55,6008"
    },
    "content": "",
    "headers": {
        "user-agent": "python-requests/2.31.0",
        "accept-encoding": "gzip, deflate",
        "accept": "*/*",
        "connection": "keep-alive",
        "X-Hub-Task-ID": "ac0053b0-4830-4144-9dea-df8011919767"
    }
}
Fri 2026-05-01 15:39:02:     INFO [        _client:1758 - _send_single_request ] HTTP Request: GET https://api.ibkr.com/v1/api/iserver/marketdata/snapshot?conids=61228752&fields=31%2C86%2C84%2C88%2C85%2C7762%2C55%2C6008 "HTTP/1.1 200 OK"
Fri 2026-05-01 15:39:02:     INFO [     hub_server:192 -               worker ] WORKER: [Task ac0053b0-4830-4144-9dea-df8011919767] Completed.
INFO:     96.126.109.155:54828 - "GET /hhub/v1/api/iserver/marketdata/snapshot?conids=61228752&fields=31,86,84,88,85,7762,55,6008 HTTP/1.1" 200 OK
Fri 2026-05-01 15:39:06:     INFO [        _client:1758 - _send_single_request ] HTTP Request: GET https://api.ibkr.com/v1/api/tickle "HTTP/1.1 200 OK"
Fri 2026-05-01 15:39:51:     INFO [        _client:1758 - _send_single_request ] HTTP Request: GET https://api.ibkr.com/v1/api/tickle "HTTP/1.1 200 OK"
Fri 2026-05-01 15:40:00:     INFO [     hub_server:289 -                relay ] RELAY: [Task 91956cf2-40e8-41ea-a048-ee09a57de685] Adding to queue:
{
    "method": "GET",
    "url": "https://api.ibkr.com/v1/api/iserver/marketdata/snapshot",
    "params": {
        "conids": "61228752",
        "fields": "31,86,84,88,85,7762,55,6008"
    },
    "content": "",
    "headers": {
        "user-agent": "python-requests/2.31.0",
        "accept-encoding": "gzip, deflate",
        "accept": "*/*",
        "connection": "keep-alive",
        "X-Hub-Task-ID": "91956cf2-40e8-41ea-a048-ee09a57de685"
    }
}
Fri 2026-05-01 15:40:00:     INFO [        _client:1758 - _send_single_request ] HTTP Request: GET https://api.ibkr.com/v1/api/iserver/marketdata/snapshot?conids=61228752&fields=31%2C86%2C84%2C88%2C85%2C7762%2C55%2C6008 "HTTP/1.1 200 OK"
Fri 2026-05-01 15:40:00:     INFO [     hub_server:192 -               worker ] WORKER: [Task 91956cf2-40e8-41ea-a048-ee09a57de685] Completed.
INFO:     96.126.109.155:57808 - "GET /hhub/v1/api/iserver/marketdata/snapshot?conids=61228752&fields=31,86,84,88,85,7762,55,6008 HTTP/1.1" 200 OK
Fri 2026-05-01 15:40:36:     INFO [        _client:1758 - _send_single_request ] HTTP Request: GET https://api.ibkr.com/v1/api/tickle "HTTP/1.1 200 OK"
Fri 2026-05-01 15:41:01:     INFO [     hub_server:289 -                relay ] RELAY: [Task e5ca854c-6bd8-4c42-a7db-00b8c012533f] Adding to queue:
{
    "method": "GET",
    "url": "https://api.ibkr.com/v1/api/iserver/marketdata/snapshot",
    "params": {
        "conids": "61228752",
        "fields": "31,86,84,88,85,7762,55,6008"
    },
    "content": "",
    "headers": {
        "user-agent": "python-requests/2.31.0",
        "accept-encoding": "gzip, deflate",
        "accept": "*/*",
        "connection": "keep-alive",
        "X-Hub-Task-ID": "e5ca854c-6bd8-4c42-a7db-00b8c012533f"
    }
}
Fri 2026-05-01 15:41:01:     INFO [        _client:1758 - _send_single_request ] HTTP Request: GET https://api.ibkr.com/v1/api/iserver/marketdata/snapshot?conids=61228752&fields=31%2C86%2C84%2C88%2C85%2C7762%2C55%2C6008 "HTTP/1.1 200 OK"
Fri 2026-05-01 15:41:01:     INFO [     hub_server:192 -               worker ] WORKER: [Task e5ca854c-6bd8-4c42-a7db-00b8c012533f] Completed.
INFO:     96.126.109.155:38014 - "GET /hhub/v1/api/iserver/marketdata/snapshot?conids=61228752&fields=31,86,84,88,85,7762,55,6008 HTTP/1.1" 200 OK
Fri 2026-05-01 15:41:22:     INFO [        _client:1758 - _send_single_request ] HTTP Request: GET https://api.ibkr.com/v1/api/tickle "HTTP/1.1 200 OK"
Fri 2026-05-01 15:42:02:     INFO [     hub_server:289 -                relay ] RELAY: [Task 058fcb37-d0c5-438f-b965-e15a03d6691d] Adding to queue:
{
    "method": "GET",
    "url": "https://api.ibkr.com/v1/api/iserver/marketdata/snapshot",
    "params": {
        "conids": "61228752",
        "fields": "31,86,84,88,85,7762,55,6008"
    },
    "content": "",
    "headers": {
        "user-agent": "python-requests/2.31.0",
        "accept-encoding": "gzip, deflate",
        "accept": "*/*",
        "connection": "keep-alive",
        "X-Hub-Task-ID": "058fcb37-d0c5-438f-b965-e15a03d6691d"
    }
}
Fri 2026-05-01 15:42:02:     INFO [        _client:1758 - _send_single_request ] HTTP Request: GET https://api.ibkr.com/v1/api/iserver/marketdata/snapshot?conids=61228752&fields=31%2C86%2C84%2C88%2C85%2C7762%2C55%2C6008 "HTTP/1.1 200 OK"
Fri 2026-05-01 15:42:02:     INFO [     hub_server:192 -               worker ] WORKER: [Task 058fcb37-d0c5-438f-b965-e15a03d6691d] Completed.
INFO:     96.126.109.155:34958 - "GET /hhub/v1/api/iserver/marketdata/snapshot?conids=61228752&fields=31,86,84,88,85,7762,55,6008 HTTP/1.1" 200 OK
Fri 2026-05-01 15:42:07:     INFO [        _client:1758 - _send_single_request ] HTTP Request: GET https://api.ibkr.com/v1/api/tickle "HTTP/1.1 200 OK"
Fri 2026-05-01 15:42:52:     INFO [        _client:1758 - _send_single_request ] HTTP Request: GET https://api.ibkr.com/v1/api/tickle "HTTP/1.1 200 OK"
Fri 2026-05-01 15:43:03:     INFO [     hub_server:289 -                relay ] RELAY: [Task 50ba6f72-0634-42f8-969a-708a5f7df304] Adding to queue:
{
    "method": "GET",
    "url": "https://api.ibkr.com/v1/api/iserver/marketdata/snapshot",
    "params": {
        "conids": "61228752",
        "fields": "31,86,84,88,85,7762,55,6008"
    },
    "content": "",
    "headers": {
        "user-agent": "python-requests/2.31.0",
        "accept-encoding": "gzip, deflate",
        "accept": "*/*",
        "connection": "keep-alive",
        "X-Hub-Task-ID": "50ba6f72-0634-42f8-969a-708a5f7df304"
    }
}
Fri 2026-05-01 15:43:03:     INFO [        _client:1758 - _send_single_request ] HTTP Request: GET https://api.ibkr.com/v1/api/iserver/marketdata/snapshot?conids=61228752&fields=31%2C86%2C84%2C88%2C85%2C7762%2C55%2C6008 "HTTP/1.1 200 OK"
Fri 2026-05-01 15:43:03:     INFO [     hub_server:192 -               worker ] WORKER: [Task 50ba6f72-0634-42f8-969a-708a5f7df304] Completed.
INFO:     96.126.109.155:59972 - "GET /hhub/v1/api/iserver/marketdata/snapshot?conids=61228752&fields=31,86,84,88,85,7762,55,6008 HTTP/1.1" 200 OK
Fri 2026-05-01 15:43:37:     INFO [        _client:1758 - _send_single_request ] HTTP Request: GET https://api.ibkr.com/v1/api/tickle "HTTP/1.1 200 OK"
Fri 2026-05-01 15:44:01:     INFO [     hub_server:289 -                relay ] RELAY: [Task 5f527bd4-f10e-4113-bc03-992b231f8a55] Adding to queue:
{
    "method": "GET",
    "url": "https://api.ibkr.com/v1/api/iserver/marketdata/snapshot",
    "params": {
        "conids": "61228752",
        "fields": "31,86,84,88,85,7762,55,6008"
    },
    "content": "",
    "headers": {
        "user-agent": "python-requests/2.31.0",
        "accept-encoding": "gzip, deflate",
        "accept": "*/*",
        "connection": "keep-alive",
        "X-Hub-Task-ID": "5f527bd4-f10e-4113-bc03-992b231f8a55"
    }
}
Fri 2026-05-01 15:44:01:     INFO [        _client:1758 - _send_single_request ] HTTP Request: GET https://api.ibkr.com/v1/api/iserver/marketdata/snapshot?conids=61228752&fields=31%2C86%2C84%2C88%2C85%2C7762%2C55%2C6008 "HTTP/1.1 200 OK"
Fri 2026-05-01 15:44:01:     INFO [     hub_server:192 -               worker ] WORKER: [Task 5f527bd4-f10e-4113-bc03-992b231f8a55] Completed.
INFO:     96.126.109.155:45982 - "GET /hhub/v1/api/iserver/marketdata/snapshot?conids=61228752&fields=31,86,84,88,85,7762,55,6008 HTTP/1.1" 200 OK
Fri 2026-05-01 15:44:22:     INFO [        _client:1758 - _send_single_request ] HTTP Request: GET https://api.ibkr.com/v1/api/tickle "HTTP/1.1 200 OK"
Fri 2026-05-01 15:45:01:     INFO [     hub_server:289 -                relay ] RELAY: [Task 97704cf4-75db-4bfa-a333-9d9ee29cf29f] Adding to queue:
{
    "method": "GET",
    "url": "https://api.ibkr.com/v1/api/iserver/marketdata/snapshot",
    "params": {
        "conids": "61228752",
        "fields": "31,86,84,88,85,7762,55,6008"
    },
    "content": "",
    "headers": {
        "user-agent": "python-requests/2.31.0",
        "accept-encoding": "gzip, deflate",
        "accept": "*/*",
        "connection": "keep-alive",
        "X-Hub-Task-ID": "97704cf4-75db-4bfa-a333-9d9ee29cf29f"
    }
}
Fri 2026-05-01 15:45:01:     INFO [        _client:1758 - _send_single_request ] HTTP Request: GET https://api.ibkr.com/v1/api/iserver/marketdata/snapshot?conids=61228752&fields=31%2C86%2C84%2C88%2C85%2C7762%2C55%2C6008 "HTTP/1.1 200 OK"
Fri 2026-05-01 15:45:01:     INFO [     hub_server:192 -               worker ] WORKER: [Task 97704cf4-75db-4bfa-a333-9d9ee29cf29f] Completed.
INFO:     96.126.109.155:52602 - "GET /hhub/v1/api/iserver/marketdata/snapshot?conids=61228752&fields=31,86,84,88,85,7762,55,6008 HTTP/1.1" 200 OK
Fri 2026-05-01 15:45:07:     INFO [        _client:1758 - _send_single_request ] HTTP Request: GET https://api.ibkr.com/v1/api/tickle "HTTP/1.1 200 OK"
Fri 2026-05-01 15:45:52:     INFO [        _client:1758 - _send_single_request ] HTTP Request: GET https://api.ibkr.com/v1/api/tickle "HTTP/1.1 200 OK"
Fri 2026-05-01 15:46:01:     INFO [     hub_server:289 -                relay ] RELAY: [Task 3549e5b8-bd2e-402d-9932-13a28852ec78] Adding to queue:
{
    "method": "GET",
    "url": "https://api.ibkr.com/v1/api/iserver/marketdata/snapshot",
    "params": {
        "conids": "61228752",
        "fields": "31,86,84,88,85,7762,55,6008"
    },
    "content": "",
    "headers": {
        "user-agent": "python-requests/2.31.0",
        "accept-encoding": "gzip, deflate",
        "accept": "*/*",
        "connection": "keep-alive",
        "X-Hub-Task-ID": "3549e5b8-bd2e-402d-9932-13a28852ec78"
    }
}
Fri 2026-05-01 15:46:01:     INFO [        _client:1758 - _send_single_request ] HTTP Request: GET https://api.ibkr.com/v1/api/iserver/marketdata/snapshot?conids=61228752&fields=31%2C86%2C84%2C88%2C85%2C7762%2C55%2C6008 "HTTP/1.1 200 OK"
Fri 2026-05-01 15:46:01:     INFO [     hub_server:192 -               worker ] WORKER: [Task 3549e5b8-bd2e-402d-9932-13a28852ec78] Completed.
INFO:     96.126.109.155:47316 - "GET /hhub/v1/api/iserver/marketdata/snapshot?conids=61228752&fields=31,86,84,88,85,7762,55,6008 HTTP/1.1" 200 OK
Fri 2026-05-01 15:46:37:     INFO [        _client:1758 - _send_single_request ] HTTP Request: GET https://api.ibkr.com/v1/api/tickle "HTTP/1.1 200 OK"
Fri 2026-05-01 15:47:02:     INFO [     hub_server:289 -                relay ] RELAY: [Task 63f48ea7-9136-4428-b1f2-6bce1eca5f65] Adding to queue:
{
    "method": "GET",
    "url": "https://api.ibkr.com/v1/api/iserver/marketdata/snapshot",
    "params": {
        "conids": "61228752",
        "fields": "31,86,84,88,85,7762,55,6008"
    },
    "content": "",
    "headers": {
        "user-agent": "python-requests/2.31.0",
        "accept-encoding": "gzip, deflate",
        "accept": "*/*",
        "connection": "keep-alive",
        "X-Hub-Task-ID": "63f48ea7-9136-4428-b1f2-6bce1eca5f65"
    }
}
Fri 2026-05-01 15:47:02:     INFO [        _client:1758 - _send_single_request ] HTTP Request: GET https://api.ibkr.com/v1/api/iserver/marketdata/snapshot?conids=61228752&fields=31%2C86%2C84%2C88%2C85%2C7762%2C55%2C6008 "HTTP/1.1 200 OK"
Fri 2026-05-01 15:47:02:     INFO [     hub_server:192 -               worker ] WORKER: [Task 63f48ea7-9136-4428-b1f2-6bce1eca5f65] Completed.
INFO:     96.126.109.155:50292 - "GET /hhub/v1/api/iserver/marketdata/snapshot?conids=61228752&fields=31,86,84,88,85,7762,55,6008 HTTP/1.1" 200 OK
Fri 2026-05-01 15:47:22:     INFO [        _client:1758 - _send_single_request ] HTTP Request: GET https://api.ibkr.com/v1/api/tickle "HTTP/1.1 200 OK"
Fri 2026-05-01 15:48:03:     INFO [     hub_server:289 -                relay ] RELAY: [Task 8e7c60b3-c17a-428f-98fb-a3db6346b497] Adding to queue:
{
    "method": "GET",
    "url": "https://api.ibkr.com/v1/api/iserver/marketdata/snapshot",
    "params": {
        "conids": "61228752",
        "fields": "31,86,84,88,85,7762,55,6008"
    },
    "content": "",
    "headers": {
        "user-agent": "python-requests/2.31.0",
        "accept-encoding": "gzip, deflate",
        "accept": "*/*",
        "connection": "keep-alive",
        "X-Hub-Task-ID": "8e7c60b3-c17a-428f-98fb-a3db6346b497"
    }
}
Fri 2026-05-01 15:48:03:     INFO [        _client:1758 - _send_single_request ] HTTP Request: GET https://api.ibkr.com/v1/api/iserver/marketdata/snapshot?conids=61228752&fields=31%2C86%2C84%2C88%2C85%2C7762%2C55%2C6008 "HTTP/1.1 200 OK"
Fri 2026-05-01 15:48:03:     INFO [     hub_server:192 -               worker ] WORKER: [Task 8e7c60b3-c17a-428f-98fb-a3db6346b497] Completed.
INFO:     96.126.109.155:55888 - "GET /hhub/v1/api/iserver/marketdata/snapshot?conids=61228752&fields=31,86,84,88,85,7762,55,6008 HTTP/1.1" 200 OK
Fri 2026-05-01 15:48:07:     INFO [        _client:1758 - _send_single_request ] HTTP Request: GET https://api.ibkr.com/v1/api/tickle "HTTP/1.1 200 OK"
Fri 2026-05-01 15:48:53:     INFO [        _client:1758 - _send_single_request ] HTTP Request: GET https://api.ibkr.com/v1/api/tickle "HTTP/1.1 200 OK"
Fri 2026-05-01 15:49:00:     INFO [     hub_server:289 -                relay ] RELAY: [Task 82035f68-c6cb-4547-80af-cce5e1bea31d] Adding to queue:
{
    "method": "GET",
    "url": "https://api.ibkr.com/v1/api/iserver/marketdata/snapshot",
    "params": {
        "conids": "61228752",
        "fields": "31,86,84,88,85,7762,55,6008"
    },
    "content": "",
    "headers": {
        "user-agent": "python-requests/2.31.0",
        "accept-encoding": "gzip, deflate",
        "accept": "*/*",
        "connection": "keep-alive",
        "X-Hub-Task-ID": "82035f68-c6cb-4547-80af-cce5e1bea31d"
    }
}
Fri 2026-05-01 15:49:00:     INFO [        _client:1758 - _send_single_request ] HTTP Request: GET https://api.ibkr.com/v1/api/iserver/marketdata/snapshot?conids=61228752&fields=31%2C86%2C84%2C88%2C85%2C7762%2C55%2C6008 "HTTP/1.1 200 OK"
Fri 2026-05-01 15:49:00:     INFO [     hub_server:192 -               worker ] WORKER: [Task 82035f68-c6cb-4547-80af-cce5e1bea31d] Completed.
INFO:     96.126.109.155:41108 - "GET /hhub/v1/api/iserver/marketdata/snapshot?conids=61228752&fields=31,86,84,88,85,7762,55,6008 HTTP/1.1" 200 OK
Fri 2026-05-01 15:49:38:     INFO [        _client:1758 - _send_single_request ] HTTP Request: GET https://api.ibkr.com/v1/api/tickle "HTTP/1.1 200 OK"
Fri 2026-05-01 15:50:01:     INFO [     hub_server:289 -                relay ] RELAY: [Task 6d0e6254-7af4-4369-b46d-bbcf07f5826a] Adding to queue:
{
    "method": "GET",
    "url": "https://api.ibkr.com/v1/api/iserver/marketdata/snapshot",
    "params": {
        "conids": "61228752",
        "fields": "31,86,84,88,85,7762,55,6008"
    },
    "content": "",
    "headers": {
        "user-agent": "python-requests/2.31.0",
        "accept-encoding": "gzip, deflate",
        "accept": "*/*",
        "connection": "keep-alive",
        "X-Hub-Task-ID": "6d0e6254-7af4-4369-b46d-bbcf07f5826a"
    }
}
Fri 2026-05-01 15:50:01:     INFO [        _client:1758 - _send_single_request ] HTTP Request: GET https://api.ibkr.com/v1/api/iserver/marketdata/snapshot?conids=61228752&fields=31%2C86%2C84%2C88%2C85%2C7762%2C55%2C6008 "HTTP/1.1 200 OK"
Fri 2026-05-01 15:50:01:     INFO [     hub_server:192 -               worker ] WORKER: [Task 6d0e6254-7af4-4369-b46d-bbcf07f5826a] Completed.
INFO:     96.126.109.155:47756 - "GET /hhub/v1/api/iserver/marketdata/snapshot?conids=61228752&fields=31,86,84,88,85,7762,55,6008 HTTP/1.1" 200 OK
Fri 2026-05-01 15:50:23:     INFO [        _client:1758 - _send_single_request ] HTTP Request: GET https://api.ibkr.com/v1/api/tickle "HTTP/1.1 200 OK"
Fri 2026-05-01 15:51:01:     INFO [     hub_server:289 -                relay ] RELAY: [Task 32b0a723-717b-4bc2-b4c2-8bfab0028583] Adding to queue:
{
    "method": "GET",
    "url": "https://api.ibkr.com/v1/api/iserver/marketdata/snapshot",
    "params": {
        "conids": "61228752",
        "fields": "31,86,84,88,85,7762,55,6008"
    },
    "content": "",
    "headers": {
        "user-agent": "python-requests/2.31.0",
        "accept-encoding": "gzip, deflate",
        "accept": "*/*",
        "connection": "keep-alive",
        "X-Hub-Task-ID": "32b0a723-717b-4bc2-b4c2-8bfab0028583"
    }
}
Fri 2026-05-01 15:51:01:     INFO [        _client:1758 - _send_single_request ] HTTP Request: GET https://api.ibkr.com/v1/api/iserver/marketdata/snapshot?conids=61228752&fields=31%2C86%2C84%2C88%2C85%2C7762%2C55%2C6008 "HTTP/1.1 200 OK"
Fri 2026-05-01 15:51:01:     INFO [     hub_server:192 -               worker ] WORKER: [Task 32b0a723-717b-4bc2-b4c2-8bfab0028583] Completed.
INFO:     96.126.109.155:46812 - "GET /hhub/v1/api/iserver/marketdata/snapshot?conids=61228752&fields=31,86,84,88,85,7762,55,6008 HTTP/1.1" 200 OK
Fri 2026-05-01 15:51:08:     INFO [        _client:1758 - _send_single_request ] HTTP Request: GET https://api.ibkr.com/v1/api/tickle "HTTP/1.1 200 OK"
Fri 2026-05-01 15:51:53:     INFO [        _client:1758 - _send_single_request ] HTTP Request: GET https://api.ibkr.com/v1/api/tickle "HTTP/1.1 200 OK"
Fri 2026-05-01 15:52:02:     INFO [     hub_server:289 -                relay ] RELAY: [Task 586a569a-73cd-4dcf-86ab-06773b359c83] Adding to queue:
{
    "method": "GET",
    "url": "https://api.ibkr.com/v1/api/iserver/marketdata/snapshot",
    "params": {
        "conids": "61228752",
        "fields": "31,86,84,88,85,7762,55,6008"
    },
    "content": "",
    "headers": {
        "user-agent": "python-requests/2.31.0",
        "accept-encoding": "gzip, deflate",
        "accept": "*/*",
        "connection": "keep-alive",
        "X-Hub-Task-ID": "586a569a-73cd-4dcf-86ab-06773b359c83"
    }
}
Fri 2026-05-01 15:52:02:     INFO [        _client:1758 - _send_single_request ] HTTP Request: GET https://api.ibkr.com/v1/api/iserver/marketdata/snapshot?conids=61228752&fields=31%2C86%2C84%2C88%2C85%2C7762%2C55%2C6008 "HTTP/1.1 200 OK"
Fri 2026-05-01 15:52:02:     INFO [     hub_server:192 -               worker ] WORKER: [Task 586a569a-73cd-4dcf-86ab-06773b359c83] Completed.
INFO:     96.126.109.155:59866 - "GET /hhub/v1/api/iserver/marketdata/snapshot?conids=61228752&fields=31,86,84,88,85,7762,55,6008 HTTP/1.1" 200 OK
Fri 2026-05-01 15:52:38:     INFO [        _client:1758 - _send_single_request ] HTTP Request: GET https://api.ibkr.com/v1/api/tickle "HTTP/1.1 200 OK"
Fri 2026-05-01 15:53:02:     INFO [     hub_server:289 -                relay ] RELAY: [Task 167c0b9d-b33d-4da3-b930-06db8b2c9578] Adding to queue:
{
    "method": "GET",
    "url": "https://api.ibkr.com/v1/api/iserver/marketdata/snapshot",
    "params": {
        "conids": "61228752",
        "fields": "31,86,84,88,85,7762,55,6008"
    },
    "content": "",
    "headers": {
        "user-agent": "python-requests/2.31.0",
        "accept-encoding": "gzip, deflate",
        "accept": "*/*",
        "connection": "keep-alive",
        "X-Hub-Task-ID": "167c0b9d-b33d-4da3-b930-06db8b2c9578"
    }
}
Fri 2026-05-01 15:53:02:     INFO [        _client:1758 - _send_single_request ] HTTP Request: GET https://api.ibkr.com/v1/api/iserver/marketdata/snapshot?conids=61228752&fields=31%2C86%2C84%2C88%2C85%2C7762%2C55%2C6008 "HTTP/1.1 200 OK"
Fri 2026-05-01 15:53:02:     INFO [     hub_server:192 -               worker ] WORKER: [Task 167c0b9d-b33d-4da3-b930-06db8b2c9578] Completed.
INFO:     96.126.109.155:51256 - "GET /hhub/v1/api/iserver/marketdata/snapshot?conids=61228752&fields=31,86,84,88,85,7762,55,6008 HTTP/1.1" 200 OK
Fri 2026-05-01 15:53:23:     INFO [        _client:1758 - _send_single_request ] HTTP Request: GET https://api.ibkr.com/v1/api/tickle "HTTP/1.1 200 OK"
Fri 2026-05-01 15:54:00:     INFO [     hub_server:289 -                relay ] RELAY: [Task e57cf5de-7ef0-4296-98db-ace6a7a7e652] Adding to queue:
{
    "method": "GET",
    "url": "https://api.ibkr.com/v1/api/iserver/marketdata/snapshot",
    "params": {
        "conids": "61228752",
        "fields": "31,86,84,88,85,7762,55,6008"
    },
    "content": "",
    "headers": {
        "user-agent": "python-requests/2.31.0",
        "accept-encoding": "gzip, deflate",
        "accept": "*/*",
        "connection": "keep-alive",
        "X-Hub-Task-ID": "e57cf5de-7ef0-4296-98db-ace6a7a7e652"
    }
}
Fri 2026-05-01 15:54:00:     INFO [        _client:1758 - _send_single_request ] HTTP Request: GET https://api.ibkr.com/v1/api/iserver/marketdata/snapshot?conids=61228752&fields=31%2C86%2C84%2C88%2C85%2C7762%2C55%2C6008 "HTTP/1.1 200 OK"
Fri 2026-05-01 15:54:00:     INFO [     hub_server:192 -               worker ] WORKER: [Task e57cf5de-7ef0-4296-98db-ace6a7a7e652] Completed.
INFO:     96.126.109.155:41768 - "GET /hhub/v1/api/iserver/marketdata/snapshot?conids=61228752&fields=31,86,84,88,85,7762,55,6008 HTTP/1.1" 200 OK
Fri 2026-05-01 15:54:09:     INFO [        _client:1758 - _send_single_request ] HTTP Request: GET https://api.ibkr.com/v1/api/tickle "HTTP/1.1 200 OK"
Fri 2026-05-01 15:54:54:     INFO [        _client:1758 - _send_single_request ] HTTP Request: GET https://api.ibkr.com/v1/api/tickle "HTTP/1.1 200 OK"
Fri 2026-05-01 15:55:00:     INFO [     hub_server:289 -                relay ] RELAY: [Task f18820ba-e931-4ffa-8ad3-d4701bc113b7] Adding to queue:
{
    "method": "GET",
    "url": "https://api.ibkr.com/v1/api/iserver/marketdata/snapshot",
    "params": {
        "conids": "61228752",
        "fields": "31,86,84,88,85,7762,55,6008"
    },
    "content": "",
    "headers": {
        "user-agent": "python-requests/2.31.0",
        "accept-encoding": "gzip, deflate",
        "accept": "*/*",
        "connection": "keep-alive",
        "X-Hub-Task-ID": "f18820ba-e931-4ffa-8ad3-d4701bc113b7"
    }
}
Fri 2026-05-01 15:55:00:     INFO [        _client:1758 - _send_single_request ] HTTP Request: GET https://api.ibkr.com/v1/api/iserver/marketdata/snapshot?conids=61228752&fields=31%2C86%2C84%2C88%2C85%2C7762%2C55%2C6008 "HTTP/1.1 200 OK"
Fri 2026-05-01 15:55:00:     INFO [     hub_server:192 -               worker ] WORKER: [Task f18820ba-e931-4ffa-8ad3-d4701bc113b7] Completed.
INFO:     96.126.109.155:36380 - "GET /hhub/v1/api/iserver/marketdata/snapshot?conids=61228752&fields=31,86,84,88,85,7762,55,6008 HTTP/1.1" 200 OK
Fri 2026-05-01 15:55:39:     INFO [        _client:1758 - _send_single_request ] HTTP Request: GET https://api.ibkr.com/v1/api/tickle "HTTP/1.1 200 OK"
Fri 2026-05-01 15:56:01:     INFO [     hub_server:289 -                relay ] RELAY: [Task 3e8b49be-8ea5-41ab-8a78-56741d7bd49f] Adding to queue:
{
    "method": "GET",
    "url": "https://api.ibkr.com/v1/api/iserver/marketdata/snapshot",
    "params": {
        "conids": "61228752",
        "fields": "31,86,84,88,85,7762,55,6008"
    },
    "content": "",
    "headers": {
        "user-agent": "python-requests/2.31.0",
        "accept-encoding": "gzip, deflate",
        "accept": "*/*",
        "connection": "keep-alive",
        "X-Hub-Task-ID": "3e8b49be-8ea5-41ab-8a78-56741d7bd49f"
    }
}
Fri 2026-05-01 15:56:01:     INFO [        _client:1758 - _send_single_request ] HTTP Request: GET https://api.ibkr.com/v1/api/iserver/marketdata/snapshot?conids=61228752&fields=31%2C86%2C84%2C88%2C85%2C7762%2C55%2C6008 "HTTP/1.1 200 OK"
Fri 2026-05-01 15:56:01:     INFO [     hub_server:192 -               worker ] WORKER: [Task 3e8b49be-8ea5-41ab-8a78-56741d7bd49f] Completed.
INFO:     96.126.109.155:40850 - "GET /hhub/v1/api/iserver/marketdata/snapshot?conids=61228752&fields=31,86,84,88,85,7762,55,6008 HTTP/1.1" 200 OK
Fri 2026-05-01 15:56:24:     INFO [        _client:1758 - _send_single_request ] HTTP Request: GET https://api.ibkr.com/v1/api/tickle "HTTP/1.1 200 OK"
Fri 2026-05-01 15:57:01:     INFO [     hub_server:289 -                relay ] RELAY: [Task 063e7774-c621-47ea-9d02-d4e8a717b01b] Adding to queue:
{
    "method": "GET",
    "url": "https://api.ibkr.com/v1/api/iserver/marketdata/snapshot",
    "params": {
        "conids": "61228752",
        "fields": "31,86,84,88,85,7762,55,6008"
    },
    "content": "",
    "headers": {
        "user-agent": "python-requests/2.31.0",
        "accept-encoding": "gzip, deflate",
        "accept": "*/*",
        "connection": "keep-alive",
        "X-Hub-Task-ID": "063e7774-c621-47ea-9d02-d4e8a717b01b"
    }
}
Fri 2026-05-01 15:57:01:     INFO [        _client:1758 - _send_single_request ] HTTP Request: GET https://api.ibkr.com/v1/api/iserver/marketdata/snapshot?conids=61228752&fields=31%2C86%2C84%2C88%2C85%2C7762%2C55%2C6008 "HTTP/1.1 200 OK"
Fri 2026-05-01 15:57:01:     INFO [     hub_server:192 -               worker ] WORKER: [Task 063e7774-c621-47ea-9d02-d4e8a717b01b] Completed.
INFO:     96.126.109.155:39114 - "GET /hhub/v1/api/iserver/marketdata/snapshot?conids=61228752&fields=31,86,84,88,85,7762,55,6008 HTTP/1.1" 200 OK
Fri 2026-05-01 15:57:09:     INFO [        _client:1758 - _send_single_request ] HTTP Request: GET https://api.ibkr.com/v1/api/tickle "HTTP/1.1 200 OK"
Fri 2026-05-01 15:57:54:     INFO [        _client:1758 - _send_single_request ] HTTP Request: GET https://api.ibkr.com/v1/api/tickle "HTTP/1.1 200 OK"
Fri 2026-05-01 15:58:02:     INFO [     hub_server:289 -                relay ] RELAY: [Task 79aa4563-0c13-4fd6-8515-604f5961085f] Adding to queue:
{
    "method": "GET",
    "url": "https://api.ibkr.com/v1/api/iserver/marketdata/snapshot",
    "params": {
        "conids": "61228752",
        "fields": "31,86,84,88,85,7762,55,6008"
    },
    "content": "",
    "headers": {
        "user-agent": "python-requests/2.31.0",
        "accept-encoding": "gzip, deflate",
        "accept": "*/*",
        "connection": "keep-alive",
        "X-Hub-Task-ID": "79aa4563-0c13-4fd6-8515-604f5961085f"
    }
}
Fri 2026-05-01 15:58:02:     INFO [        _client:1758 - _send_single_request ] HTTP Request: GET https://api.ibkr.com/v1/api/iserver/marketdata/snapshot?conids=61228752&fields=31%2C86%2C84%2C88%2C85%2C7762%2C55%2C6008 "HTTP/1.1 200 OK"
Fri 2026-05-01 15:58:02:     INFO [     hub_server:192 -               worker ] WORKER: [Task 79aa4563-0c13-4fd6-8515-604f5961085f] Completed.
INFO:     96.126.109.155:44526 - "GET /hhub/v1/api/iserver/marketdata/snapshot?conids=61228752&fields=31,86,84,88,85,7762,55,6008 HTTP/1.1" 200 OK
Fri 2026-05-01 15:58:39:     INFO [        _client:1758 - _send_single_request ] HTTP Request: GET https://api.ibkr.com/v1/api/tickle "HTTP/1.1 200 OK"
Fri 2026-05-01 15:59:03:     INFO [     hub_server:289 -                relay ] RELAY: [Task bc4c8dd4-2130-45fb-909a-1e4f150c2ae7] Adding to queue:
{
    "method": "GET",
    "url": "https://api.ibkr.com/v1/api/iserver/marketdata/snapshot",
    "params": {
        "conids": "61228752",
        "fields": "31,86,84,88,85,7762,55,6008"
    },
    "content": "",
    "headers": {
        "user-agent": "python-requests/2.31.0",
        "accept-encoding": "gzip, deflate",
        "accept": "*/*",
        "connection": "keep-alive",
        "X-Hub-Task-ID": "bc4c8dd4-2130-45fb-909a-1e4f150c2ae7"
    }
}
Fri 2026-05-01 15:59:03:     INFO [        _client:1758 - _send_single_request ] HTTP Request: GET https://api.ibkr.com/v1/api/iserver/marketdata/snapshot?conids=61228752&fields=31%2C86%2C84%2C88%2C85%2C7762%2C55%2C6008 "HTTP/1.1 200 OK"
Fri 2026-05-01 15:59:03:     INFO [     hub_server:192 -               worker ] WORKER: [Task bc4c8dd4-2130-45fb-909a-1e4f150c2ae7] Completed.
INFO:     96.126.109.155:44410 - "GET /hhub/v1/api/iserver/marketdata/snapshot?conids=61228752&fields=31,86,84,88,85,7762,55,6008 HTTP/1.1" 200 OK
Fri 2026-05-01 15:59:24:     INFO [        _client:1758 - _send_single_request ] HTTP Request: GET https://api.ibkr.com/v1/api/tickle "HTTP/1.1 200 OK"
Fri 2026-05-01 16:00:01:     INFO [     hub_server:289 -                relay ] RELAY: [Task 4e17e01a-7b5b-421a-bd8a-0be7e55fab0f] Adding to queue:
{
    "method": "GET",
    "url": "https://api.ibkr.com/v1/api/iserver/marketdata/snapshot",
    "params": {
        "conids": "61228752",
        "fields": "31,86,84,88,85,7762,55,6008"
    },
    "content": "",
    "headers": {
        "user-agent": "python-requests/2.31.0",
        "accept-encoding": "gzip, deflate",
        "accept": "*/*",
        "connection": "keep-alive",
        "X-Hub-Task-ID": "4e17e01a-7b5b-421a-bd8a-0be7e55fab0f"
    }
}
Fri 2026-05-01 16:00:01:     INFO [        _client:1758 - _send_single_request ] HTTP Request: GET https://api.ibkr.com/v1/api/iserver/marketdata/snapshot?conids=61228752&fields=31%2C86%2C84%2C88%2C85%2C7762%2C55%2C6008 "HTTP/1.1 200 OK"
Fri 2026-05-01 16:00:01:     INFO [     hub_server:192 -               worker ] WORKER: [Task 4e17e01a-7b5b-421a-bd8a-0be7e55fab0f] Completed.
INFO:     96.126.109.155:33590 - "GET /hhub/v1/api/iserver/marketdata/snapshot?conids=61228752&fields=31,86,84,88,85,7762,55,6008 HTTP/1.1" 200 OK
Fri 2026-05-01 16:00:01:     INFO [     hub_server:289 -                relay ] RELAY: [Task 5956f29b-53b1-42a8-a68e-08cb0266ab92] Adding to queue:
{
    "method": "GET",
    "url": "https://api.ibkr.com/v1/api/logout",
    "params": {},
    "content": "",
    "headers": {
        "user-agent": "python-requests/2.31.0",
        "accept-encoding": "gzip, deflate",
        "accept": "*/*",
        "connection": "keep-alive",
        "X-Hub-Task-ID": "5956f29b-53b1-42a8-a68e-08cb0266ab92"
    }
}
Fri 2026-05-01 16:00:01:     INFO [        _client:1758 - _send_single_request ] HTTP Request: GET https://api.ibkr.com/v1/api/logout "HTTP/1.1 200 OK"
Fri 2026-05-01 16:00:01:     INFO [     hub_server:192 -               worker ] WORKER: [Task 5956f29b-53b1-42a8-a68e-08cb0266ab92] Completed.
INFO:     96.126.109.155:44222 - "GET /hhub/v1/api/logout HTTP/1.1" 200 OK
Fri 2026-05-01 16:00:09:     INFO [        _client:1758 - _send_single_request ] HTTP Request: GET https://api.ibkr.com/v1/api/tickle "HTTP/1.1 200 OK"
Fri 2026-05-01 16:00:54:     INFO [        _client:1758 - _send_single_request ] HTTP Request: GET https://api.ibkr.com/v1/api/tickle "HTTP/1.1 200 OK"
Fri 2026-05-01 16:01:40:     INFO [        _client:1758 - _send_single_request ] HTTP Request: GET https://api.ibkr.com/v1/api/tickle "HTTP/1.1 200 OK"
Fri 2026-05-01 16:02:25:     INFO [        _client:1758 - _send_single_request ] HTTP Request: GET https://api.ibkr.com/v1/api/tickle "HTTP/1.1 200 OK"
Fri 2026-05-01 16:03:10:     INFO [        _client:1758 - _send_single_request ] HTTP Request: GET https://api.ibkr.com/v1/api/tickle "HTTP/1.1 200 OK"
Fri 2026-05-01 16:03:55:     INFO [        _client:1758 - _send_single_request ] HTTP Request: GET https://api.ibkr.com/v1/api/tickle "HTTP/1.1 200 OK"
Fri 2026-05-01 16:04:40:     INFO [        _client:1758 - _send_single_request ] HTTP Request: GET https://api.ibkr.com/v1/api/tickle "HTTP/1.1 200 OK"
Fri 2026-05-01 16:05:25:     INFO [        _client:1758 - _send_single_request ] HTTP Request: GET https://api.ibkr.com/v1/api/tickle "HTTP/1.1 200 OK"
Fri 2026-05-01 16:06:10:     INFO [        _client:1758 - _send_single_request ] HTTP Request: GET https://api.ibkr.com/v1/api/tickle "HTTP/1.1 200 OK"
Fri 2026-05-01 16:06:55:     INFO [        _client:1758 - _send_single_request ] HTTP Request: GET https://api.ibkr.com/v1/api/tickle "HTTP/1.1 200 OK"
Fri 2026-05-01 16:07:40:     INFO [        _client:1758 - _send_single_request ] HTTP Request: GET https://api.ibkr.com/v1/api/tickle "HTTP/1.1 200 OK"
Fri 2026-05-01 16:08:26:     INFO [        _client:1758 - _send_single_request ] HTTP Request: GET https://api.ibkr.com/v1/api/tickle "HTTP/1.1 200 OK"
Fri 2026-05-01 16:09:11:     INFO [        _client:1758 - _send_single_request ] HTTP Request: GET https://api.ibkr.com/v1/api/tickle "HTTP/1.1 200 OK"
Fri 2026-05-01 16:09:56:     INFO [        _client:1758 - _send_single_request ] HTTP Request: GET https://api.ibkr.com/v1/api/tickle "HTTP/1.1 200 OK"
Fri 2026-05-01 16:10:41:     INFO [        _client:1758 - _send_single_request ] HTTP Request: GET https://api.ibkr.com/v1/api/tickle "HTTP/1.1 200 OK"
Fri 2026-05-01 16:11:26:     INFO [        _client:1758 - _send_single_request ] HTTP Request: GET https://api.ibkr.com/v1/api/tickle "HTTP/1.1 200 OK"
Fri 2026-05-01 16:12:11:     INFO [        _client:1758 - _send_single_request ] HTTP Request: GET https://api.ibkr.com/v1/api/tickle "HTTP/1.1 200 OK"
Fri 2026-05-01 16:12:56:     INFO [        _client:1758 - _send_single_request ] HTTP Request: GET https://api.ibkr.com/v1/api/tickle "HTTP/1.1 200 OK"
Fri 2026-05-01 16:13:41:     INFO [        _client:1758 - _send_single_request ] HTTP Request: GET https://api.ibkr.com/v1/api/tickle "HTTP/1.1 200 OK"
Fri 2026-05-01 16:14:26:     INFO [        _client:1758 - _send_single_request ] HTTP Request: GET https://api.ibkr.com/v1/api/tickle "HTTP/1.1 200 OK"
Fri 2026-05-01 16:15:11:     INFO [        _client:1758 - _send_single_request ] HTTP Request: GET https://api.ibkr.com/v1/api/tickle "HTTP/1.1 200 OK"
Fri 2026-05-01 16:15:57:     INFO [        _client:1758 - _send_single_request ] HTTP Request: GET https://api.ibkr.com/v1/api/tickle "HTTP/1.1 200 OK"
Fri 2026-05-01 16:16:42:     INFO [        _client:1758 - _send_single_request ] HTTP Request: GET https://api.ibkr.com/v1/api/tickle "HTTP/1.1 200 OK"
Fri 2026-05-01 16:17:27:     INFO [        _client:1758 - _send_single_request ] HTTP Request: GET https://api.ibkr.com/v1/api/tickle "HTTP/1.1 200 OK"
Fri 2026-05-01 16:18:12:     INFO [        _client:1758 - _send_single_request ] HTTP Request: GET https://api.ibkr.com/v1/api/tickle "HTTP/1.1 200 OK"
Fri 2026-05-01 16:18:57:     INFO [        _client:1758 - _send_single_request ] HTTP Request: GET https://api.ibkr.com/v1/api/tickle "HTTP/1.1 200 OK"
Fri 2026-05-01 16:19:42:     INFO [        _client:1758 - _send_single_request ] HTTP Request: GET https://api.ibkr.com/v1/api/tickle "HTTP/1.1 200 OK"
Fri 2026-05-01 16:20:27:     INFO [        _client:1758 - _send_single_request ] HTTP Request: GET https://api.ibkr.com/v1/api/tickle "HTTP/1.1 200 OK"
Fri 2026-05-01 16:21:12:     INFO [        _client:1758 - _send_single_request ] HTTP Request: GET https://api.ibkr.com/v1/api/tickle "HTTP/1.1 200 OK"
Fri 2026-05-01 16:21:57:     INFO [        _client:1758 - _send_single_request ] HTTP Request: GET https://api.ibkr.com/v1/api/tickle "HTTP/1.1 200 OK"
Fri 2026-05-01 16:22:42:     INFO [        _client:1758 - _send_single_request ] HTTP Request: GET https://api.ibkr.com/v1/api/tickle "HTTP/1.1 200 OK"
Fri 2026-05-01 16:23:28:     INFO [        _client:1758 - _send_single_request ] HTTP Request: GET https://api.ibkr.com/v1/api/tickle "HTTP/1.1 200 OK"
Fri 2026-05-01 16:24:13:     INFO [        _client:1758 - _send_single_request ] HTTP Request: GET https://api.ibkr.com/v1/api/tickle "HTTP/1.1 200 OK"
Fri 2026-05-01 16:24:58:     INFO [        _client:1758 - _send_single_request ] HTTP Request: GET https://api.ibkr.com/v1/api/tickle "HTTP/1.1 200 OK"
Fri 2026-05-01 16:25:43:     INFO [        _client:1758 - _send_single_request ] HTTP Request: GET https://api.ibkr.com/v1/api/tickle "HTTP/1.1 200 OK"
Fri 2026-05-01 16:26:28:     INFO [        _client:1758 - _send_single_request ] HTTP Request: GET https://api.ibkr.com/v1/api/tickle "HTTP/1.1 200 OK"
Fri 2026-05-01 16:27:13:     INFO [        _client:1758 - _send_single_request ] HTTP Request: GET https://api.ibkr.com/v1/api/tickle "HTTP/1.1 200 OK"
Fri 2026-05-01 16:27:58:     INFO [        _client:1758 - _send_single_request ] HTTP Request: GET https://api.ibkr.com/v1/api/tickle "HTTP/1.1 200 OK"
Fri 2026-05-01 16:28:43:     INFO [        _client:1758 - _send_single_request ] HTTP Request: GET https://api.ibkr.com/v1/api/tickle "HTTP/1.1 200 OK"
Fri 2026-05-01 16:29:28:     INFO [        _client:1758 - _send_single_request ] HTTP Request: GET https://api.ibkr.com/v1/api/tickle "HTTP/1.1 200 OK"
INFO:     Shutting down
INFO:     Waiting for application shutdown.
Fri 2026-05-01 16:30:01:     INFO [     hub_server:224 -             lifespan ] SYSTEM: Shutting down... cancelling background tasks.
Fri 2026-05-01 16:30:01:     INFO [     hub_server:236 -             lifespan ] SYSTEM: Shutdown complete.
INFO:     Application shutdown complete.
INFO:     Finished server process [1144617]
