Date,Open,High,Low,Close,Adj Close,Volume
2000-01-03,148.25,148.25,143.875,145.4375,94.26254,8164300.0
2000-01-04,143.53125,144.0625,139.64062,139.75,90.57633,8089800.0
2000-01-05,139.9375,141.53125,137.25,140.0,90.73836,12177900.0
2000-01-06,139.625,141.5,137.75,137.75,89.28006,6227200.0
2000-01-07,140.3125,145.75,140.0625,145.75,94.46513,8066500.0
2000-01-10,146.25,146.90625,145.03125,146.25,94.7892,5741700.0
2000-01-11,145.8125,146.09375,143.5,144.5,93.65491,7503700.0
2000-01-12,144.59375,144.59375,142.875,143.0625,92.72326,6907700.0
2000-01-13,144.46875,145.75,143.28125,145.0,93.97899,5158300.0
2000-01-14,146.53125,147.46875,145.96875,146.96875,95.25502,7437300.0
2000-01-18,145.34375,146.625,145.1875,145.8125,94.50562,6488500.0
2000-01-19,145.3125,147.0,145.0,147.0,95.27527,6157900.0
2000-01-20,146.96875,146.96875,143.8125,144.75,93.81697,5800100.0
2000-01-21,145.5,145.5,144.0625,144.4375,93.61439,6244800.0
2000-01-24,145.65625,145.84375,139.40625,140.34375,90.96114,7896900.0
2000-01-25,140.51562,141.9375,139.0,141.9375,91.9941,9942500.0
2000-01-26,141.0,141.54688,140.09375,140.8125,91.26495,5158100.0
2000-01-27,141.84375,142.21875,138.125,140.25,90.90042,10922700.0
2000-01-28,139.4375,140.0625,135.53125,135.875,88.06483,11916200.0
2000-01-31,135.8125,139.67188,135.0,139.5625,90.45479,10768700.0
2000-02-01,139.75,141.6875,138.53125,140.9375,91.34599,8419900.0
2000-02-02,141.28125,142.25,140.375,141.0625,91.42696,6205900.0
2000-02-03,140.875,143.25,140.0,143.1875,92.80428,7997500.0
2000-02-04,143.1875,144.0,142.125,142.59375,92.41942,4925400.0
2000-02-07,142.5625,142.78125,141.4375,142.375,92.27767,5845800.0
2000-02-08,143.96875,144.5625,143.625,144.3125,93.53342,4936400.0
2000-02-09,144.46875,144.46875,141.26562,141.28125,91.5688,8511500.0
2000-02-10,141.625,142.5625,140.875,141.5625,91.75106,6690600.0
2000-02-11,141.84375,141.9375,138.03125,138.6875,89.88771,9849800.0
2000-02-14,139.78125,139.78125,138.3125,139.5,90.41431,8528800.0
2000-02-15,139.25,141.21875,137.79688,141.07812,91.43713,11078300.0
2000-02-16,140.375,140.9375,138.79688,139.0,90.09017,8845400.0
2000-02-17,140.4375,140.4375,138.21875,138.28125,89.62436,7584200.0
2000-02-18,138.875,138.875,134.625,135.3125,87.70022,9409200.0
2000-02-22,135.1875,136.34375,133.53125,134.96875,87.47744,16415400.0
2000-02-23,135.625,137.46875,134.5,136.5625,88.5104,12119000.0
2000-02-24,136.6875,137.03125,133.09375,133.8125,86.72805,17375000.0
2000-02-25,135.1875,136.71875,133.125,133.32812,86.41406,10559900.0
2000-02-28,133.375,136.6875,132.71875,136.125,88.22684,13397800.0
2000-02-29,136.0625,137.4375,135.75,137.4375,89.07751,8242500.0
2000-03-01,137.625,139.0,137.21875,138.4375,89.72562,6868000.0
2000-03-02,138.6875,139.125,137.34375,138.53125,89.78641,7600200.0
2000-03-03,140.4375,141.71875,139.71875,141.125,91.46751,12770300.0
2000-03-06,140.8125,141.34375,138.75,139.75,90.57633,11967100.0
2000-03-07,140.0,140.15625,135.21875,137.04688,88.82436,20062000.0
2000-03-08,136.46875,137.84375,135.03125,136.875,88.71295,11808500.0
2000-03-09,137.25,140.875,136.125,140.875,91.30548,5500900.0
2000-03-10,140.1875,142.0,139.53125,140.125,90.81937,7924600.0
2000-03-13,136.6875,140.46875,135.6875,138.59375,89.8269,10540500.0
2000-03-14,139.28125,140.09375,136.15625,136.625,88.55094,8263900.0
2000-03-15,136.875,140.4375,136.0625,139.8125,90.61678,10300800.0
2000-03-16,141.625,146.84375,140.875,146.34375,94.84992,25601400.0
2000-03-17,145.8125,148.0,145.4375,146.9375,95.47681,10272900.0
2000-03-20,146.875,147.34375,144.78125,146.1875,94.98946,12502300.0
2000-03-21,145.53125,149.75,144.5,149.1875,96.93876,13612600.0
2000-03-22,149.5625,150.84375,148.6875,150.09375,97.52768,8260000.0
2000-03-23,149.15625,153.46875,149.15625,152.65625,99.19277,11654500.0
2000-03-24,152.875,155.75,151.71875,153.5625,99.78162,11462900.0
2000-03-27,153.375,153.78125,151.8125,151.9375,98.72574,8798600.0
2000-03-28,151.25,152.98438,150.59375,151.0625,98.15715,6334400.0
2000-03-29,151.5625,152.48438,149.65625,151.21875,98.25869,6747500.0
2000-03-30,150.15625,151.92188,147.125,148.6875,96.61391,9491900.0
2000-03-31,149.625,152.3125,148.4375,150.375,97.71046,9249100.0
2000-04-03,150.125,151.25,148.6875,151.25,98.27898,8508200.0
2000-04-04,151.75,153.0,141.39062,150.125,97.548,19585500.0
2000-04-05,147.875,150.8125,147.625,149.1875,96.93876,8387200.0
2000-04-06,150.25,151.6875,149.0,150.48438,97.78149,6378500.0
2000-04-07,151.5625,152.125,150.5,151.4375,98.40079,6023600.0
2000-04-10,151.75,153.10938,150.3125,150.84375,98.01496,9624200.0
2000-04-11,150.0,151.625,148.375,150.40625,97.73071,9006400.0
2000-04-12,150.375,151.15625,146.15625,146.28125,95.05039,10779200.0
2000-04-13,147.46875,148.15625,143.78125,144.25,93.73053,12225800.0
2000-04-14,142.625,142.8125,133.5,136.0,88.36985,29604000.0
2000-04-17,135.1875,140.75,134.6875,140.75,91.45631,23918200.0
2000-04-18,140.5625,144.46875,139.78125,144.46875,93.87267,11069200.0
2000-04-19,144.5,145.125,142.53125,143.125,92.99955,6553700.0
2000-04-20,143.5625,143.9375,142.375,143.8125,93.44628,8537600.0
2000-04-24,141.5,143.3125,140.5,142.25,92.43098,12893100.0
2000-04-25,144.625,148.15625,144.4375,148.15625,96.26876,14102000.0
2000-04-26,147.96875,148.75,146.0,146.48438,95.18238,7711100.0
2000-04-27,143.0,147.34375,143.0,146.0,94.86761,15595300.0
2000-04-28,147.0,147.85938,145.0625,145.09375,94.27878,8743400.0
2000-05-01,146.5625,148.48438,145.84375,147.0625,95.55802,7328300.0
2000-05-02,145.5,147.125,144.125,144.125,93.64931,9411900.0
2000-05-03,144.0,144.0,139.78125,140.75,91.45631,12630700.0
2000-05-04,142.0,142.35938,140.75,141.8125,92.14671,5963600.0
2000-05-05,141.0625,144.0,140.9375,143.53125,93.26349,7862400.0
2000-05-08,142.75,143.375,141.84375,142.45312,92.56295,5064100.0
2000-05-09,143.0625,143.40625,140.26562,141.3125,91.82178,5620300.0
2000-05-10,140.5,140.96875,137.75,138.125,89.75063,10293900.0
2000-05-11,140.125,141.5,139.125,141.28125,91.80151,7091100.0
2000-05-12,141.8125,143.46875,141.625,142.8125,92.79649,5960800.0
2000-05-15,142.75,145.60938,142.0,145.28125,94.40063,4441300.0
2000-05-16,146.5625,147.71875,145.3125,146.6875,95.31438,8192200.0
2000-05-17,145.6875,146.1875,144.46875,145.15625,94.31941,5907200.0
2000-05-18,145.625,146.3125,143.375,143.375,93.16195,4325600.0
2000-05-19,142.5625,143.23438,140.40625,141.125,91.69994,6518400.0
2000-05-22,141.25,141.46875,137.0,140.0625,91.0096,10839400.0
2000-05-23,140.4375,140.8125,137.5625,138.0,89.66944,7979200.0
2000-05-24,138.0,140.6875,136.5,140.25,91.1314,11081500.0
2000-05-25,140.6875,141.8125,137.71875,137.84375,89.56789,8278900.0
2000-05-26,138.8125,139.6875,137.32812,138.0,89.66944,4814000.0
2000-05-30,140.0,142.9375,139.46875,142.5,92.59338,5362700.0
2000-05-31,142.5625,144.0,142.09375,142.8125,92.79649,6056500.0
2000-06-01,143.6875,145.4375,143.0,145.3125,94.42092,8961600.0
2000-06-02,148.9375,149.09375,147.48438,147.84375,96.0657,8962200.0
2000-06-05,147.46875,148.21875,146.875,147.125,95.59863,6998100.0
2000-06-06,146.625,147.78125,145.90625,146.46875,95.17223,4858900.0
2000-06-07,146.625,148.0,146.0,147.48438,95.83218,4919500.0
2000-06-08,147.5,147.75,146.0625,146.90625,95.45653,5723100.0
2000-06-09,147.5,147.96875,145.625,146.59375,95.25348,3085300.0
2000-06-12,146.96875,146.96875,144.875,144.875,94.13665,3678900.0
2000-06-13,144.8125,147.75,144.625,147.59375,95.90321,6558700.0
2000-06-14,148.25,148.875,147.1875,147.84375,96.0657,6420500.0
2000-06-15,148.125,148.75,146.84375,148.15625,96.26876,5881200.0
2000-06-16,148.3125,148.3125,145.875,146.59375,95.47771,5567900.0
2000-06-19,146.46875,149.15625,146.25,148.46875,96.69888,5106900.0
2000-06-20,148.1875,148.875,147.0,147.9375,96.35292,6480000.0
2000-06-21,146.9375,148.4375,146.89062,147.875,96.31219,3115000.0
2000-06-22,147.5625,147.6875,145.0,145.625,94.84677,7490500.0
2000-06-23,145.8125,146.125,143.875,144.375,94.03262,4863300.0
2000-06-26,145.375,146.25,144.875,146.23438,95.2436,5201300.0
2000-06-27,145.98438,146.71875,145.01562,145.15625,94.54149,4159500.0
2000-06-28,145.625,146.98438,145.3125,145.5625,94.80606,5347700.0
2000-06-29,144.75,145.75,143.51562,144.1875,93.91051,6345700.0
2000-06-30,143.9375,145.59375,143.89062,145.28125,94.6229,7420200.0
2000-07-03,145.4375,147.4375,145.1875,147.28125,95.92549,1436600.0
2000-07-05,146.375,146.65625,144.375,144.625,94.19547,2748200.0
2000-07-06,144.9375,146.46875,144.21875,145.75,94.92818,5963200.0
2000-07-07,146.6875,148.78125,146.25,148.09375,96.45463,3034800.0
2000-07-10,147.875,148.90625,147.53125,147.84375,96.29187,2816100.0
2000-07-11,147.46875,149.125,147.15625,148.15625,96.49541,5431600.0
2000-07-12,149.28125,150.125,148.6875,149.125,97.12637,5883000.0
2000-07-13,149.98438,150.375,149.1875,149.78125,97.55376,5356000.0
2000-07-14,150.4375,151.25,149.67188,151.25,98.51037,5341900.0
2000-07-17,150.98438,151.98438,150.6875,151.0,98.34751,4208300.0
2000-07-18,150.625,150.625,149.34375,149.76562,97.5436,4262100.0
2000-07-19,149.46875,149.90625,148.25,148.5625,96.75996,8506800.0
2000-07-20,149.0,150.625,148.8125,150.625,98.10326,4538900.0
2000-07-21,149.75,149.75,147.6875,147.6875,96.19012,5656900.0
2000-07-24,148.125,148.85938,146.5625,146.84375,95.64052,5628500.0
2000-07-25,147.75,147.84375,146.78125,147.3125,95.94582,4757100.0
2000-07-26,146.96875,147.15625,145.64062,145.875,95.00957,12062500.0
2000-07-27,145.9375,146.625,144.6875,145.375,94.68393,7652600.0
2000-07-28,145.71875,145.90625,141.51562,142.09375,92.54682,6229500.0
2000-07-31,142.9375,144.125,142.0625,143.0,93.13705,5265500.0
2000-08-01,143.625,144.71875,143.125,143.875,93.70694,3946600.0
2000-08-02,143.875,145.40625,143.625,144.59375,94.17508,7439800.0
2000-08-03,142.875,145.8125,142.625,145.59375,94.82642,4607100.0
2000-08-04,146.3125,146.71875,145.40625,146.375,95.33519,3686600.0
2000-08-07,146.71875,148.4375,146.375,148.125,96.475,4159800.0
2000-08-08,147.5,148.8125,147.5,148.6875,96.8414,3658700.0
2000-08-09,149.14062,149.21875,147.375,147.4375,96.02727,5383800.0
2000-08-10,147.53125,147.85938,146.28125,146.71875,95.55909,4193400.0
2000-08-11,146.625,148.0,145.5625,147.40625,96.0069,5089400.0
2000-08-14,147.78125,149.5625,147.0625,149.28125,97.22807,2966700.0
2000-08-15,149.34375,149.8125,148.5625,149.15625,97.14668,5564600.0
2000-08-16,149.3125,149.9375,147.84375,148.625,96.80066,5191600.0
2000-08-17,148.6875,150.4375,148.34375,150.1875,97.81836,5652200.0
2000-08-18,150.375,150.375,149.21875,149.6875,97.49268,4626400.0
2000-08-21,150.03125,150.71875,149.40625,150.5,98.02189,2380600.0
2000-08-22,150.5625,151.3125,150.09375,150.25,97.85905,3075300.0
2000-08-23,149.8125,151.28125,149.28125,150.84375,98.24575,5483200.0
2000-08-24,151.15625,151.5,150.5,151.3125,98.55106,4529000.0
2000-08-25,151.15625,151.625,150.9375,151.25,98.51037,2822200.0
2000-08-28,151.25,152.90625,151.25,151.76562,98.84616,5518700.0
2000-08-29,151.4375,151.875,150.90625,151.79688,98.86653,3561900.0
2000-08-30,151.3125,151.5,150.34375,150.34375,97.9201,3964800.0
2000-08-31,151.0625,153.09375,150.90625,152.34375,99.22278,4863100.0
2000-09-01,153.25,153.59375,152.0,152.5,99.32447,3191200.0
2000-09-05,151.875,152.20312,150.8125,151.28125,98.53072,3470800.0
2000-09-06,151.1875,151.95312,149.53125,149.5625,97.41132,4322200.0
2000-09-07,150.25,151.07812,149.82812,150.84375,98.24575,4265500.0
2000-09-08,150.28125,150.5,149.32812,149.8125,97.5741,3518200.0
2000-09-11,149.75,151.1875,148.6875,149.59375,97.43167,3937500.0
2000-09-12,149.75,150.25,148.4375,148.5,96.71925,4769100.0
2000-09-13,148.0,149.34375,147.65625,148.89062,96.97371,7691600.0
2000-09-14,149.875,149.9375,148.15625,149.64062,97.46217,3397100.0
2000-09-15,148.1875,148.25,146.0,146.0,95.3299,4085700.0
2000-09-18,146.375,146.96875,144.20312,144.65625,94.45254,5109300.0
2000-09-19,145.125,146.3125,144.70312,145.96875,95.30947,6588200.0
2000-09-20,145.6875,146.03125,143.15625,144.89062,94.60558,6508100.0
2000-09-21,144.46875,145.5625,142.625,142.6875,93.16705,5972300.0
2000-09-22,142.625,145.3125,142.42188,145.28125,94.8606,7791300.0
2000-09-25,145.9375,146.0625,143.71875,144.25,94.18724,9726300.0
2000-09-26,144.375,145.0,142.40625,142.40625,92.98342,5302400.0
2000-09-27,143.5625,143.96875,142.125,143.15625,93.47308,7186200.0
2000-09-28,143.1875,146.32812,142.89062,145.0,94.67691,7036400.0
2000-09-29,145.46875,145.96875,143.625,143.625,93.77919,9333600.0
2000-10-02,144.28125,144.90625,143.14062,143.84375,93.92199,5517800.0
2000-10-03,144.53125,145.75,142.28125,142.5,93.04459,9347200.0
2000-10-04,142.875,144.25,141.75,143.6875,93.81994,6148900.0
2000-10-05,143.40625,144.84375,143.3125,144.1875,94.14646,4566900.0
2000-10-06,143.875,144.64062,139.75,141.0625,92.10598,10014900.0
2000-10-09,141.3125,141.3125,139.375,140.0,91.41225,4508000.0
2000-10-10,140.09375,141.25,137.6875,137.6875,89.90228,6104700.0
2000-10-11,137.625,138.625,135.125,136.53125,89.14735,10346000.0
2000-10-12,137.28125,137.59375,132.78125,133.125,86.92325,12336900.0
2000-10-13,132.9375,137.65625,132.875,137.5625,89.82068,11778800.0
2000-10-16,137.40625,138.23438,136.6875,138.1875,90.22875,5659000.0
2000-10-17,138.4375,138.5625,134.40625,134.75,87.98428,7831700.0
2000-10-18,132.625,136.125,130.15625,134.25,87.65776,10897300.0
2000-10-19,136.84375,139.45312,136.4375,139.3125,90.96333,8767300.0
2000-10-20,138.375,141.1875,138.375,139.90625,91.351,7373500.0
2000-10-23,139.9375,141.03125,138.9375,140.53125,91.75909,5290000.0
2000-10-24,140.96875,141.9375,139.0,139.59375,91.14695,5750700.0
2000-10-25,138.75,139.5625,136.125,136.3125,89.00446,9137600.0
2000-10-26,137.125,137.65625,134.03125,136.6875,89.24934,9345800.0
2000-10-27,137.875,139.28125,136.625,139.28125,90.94294,9762900.0
2000-10-30,138.4375,141.09375,138.15625,140.53125,91.75909,10154100.0
2000-10-31,141.01562,143.6875,140.0625,142.95312,93.34047,7752400.0
2000-11-01,142.25,143.25,141.21875,142.46875,93.02419,6753600.0
2000-11-02,143.15625,143.90625,142.51562,142.70312,93.17723,11395100.0
2000-11-03,143.46875,143.75,142.375,142.78125,93.22824,5187100.0
2000-11-06,143.15625,144.29688,143.03125,143.78125,93.88116,4042500.0
2000-11-07,143.14062,144.0,142.5625,143.75,93.86073,5231300.0
2000-11-08,144.0625,144.0625,140.5625,140.5625,91.77951,6123300.0
2000-11-09,140.0,141.21875,137.25,140.03125,91.43262,10635300.0
2000-11-10,139.0,139.46875,136.53125,136.625,89.20856,8569500.0
2000-11-13,135.625,136.98438,133.01562,135.5625,88.51483,17285300.0
2000-11-14,137.46875,139.625,137.0,139.125,90.8409,7668900.0
2000-11-15,139.0625,140.10938,137.75,139.5625,91.12656,8837700.0
2000-11-16,138.57812,139.875,137.3125,137.375,89.69823,6684100.0
2000-11-17,137.3125,139.0,135.75,136.64062,89.21874,6551100.0
2000-11-20,135.75,136.375,134.3125,134.6875,87.94344,5458500.0
2000-11-21,134.875,136.1875,133.51562,135.375,88.39238,7684300.0
2000-11-22,134.34375,134.875,132.125,132.14062,86.28047,5736900.0
2000-11-24,133.625,134.96875,133.625,134.84375,88.04548,3411600.0
2000-11-27,136.46875,136.6875,135.3125,136.03125,88.82085,5992000.0
2000-11-28,135.125,136.59375,133.64062,133.6875,87.2905,5336100.0
2000-11-29,134.375,135.90625,133.26562,133.4375,87.12726,6914100.0
2000-11-30,132.5,133.5,129.75,132.28125,86.37229,11201600.0
2000-12-01,133.1875,134.0625,131.0,132.21875,86.33151,7587200.0
2000-12-04,131.875,133.875,131.5,133.34375,87.06607,6996600.0
2000-12-05,134.875,138.25,134.40625,137.71875,89.92272,8883400.0
2000-12-06,137.78125,138.34375,135.03125,135.51562,88.48418,12888000.0
2000-12-07,134.875,135.875,133.65625,133.65625,87.27013,6529100.0
2000-12-08,137.0625,139.46875,133.875,133.96875,87.47414,10276300.0
2000-12-11,137.375,139.5625,136.71875,138.625,90.51444,6405600.0
2000-12-12,138.1875,138.8125,137.375,138.03125,90.12673,5022900.0
2000-12-13,139.25,139.40625,136.03125,136.14062,88.89228,6070500.0
2000-12-14,135.875,136.5,134.03125,134.40625,87.75984,7678400.0
2000-12-15,133.125,133.125,130.5625,130.96875,85.77764,9065300.0
2000-12-18,132.0625,133.46875,131.76562,132.71875,86.92384,7235400.0
2000-12-19,132.46875,134.96875,130.01562,130.01562,85.15339,9616600.0
2000-12-20,128.625,128.9375,126.09375,126.25,82.6871,9994300.0
2000-12-21,126.0,128.85938,125.53125,127.125,83.26018,14331500.0
2000-12-22,129.0,131.10938,128.84375,130.9375,85.75717,10182900.0
2000-12-26,130.84375,132.34375,130.28125,132.34375,86.67816,4665300.0
2000-12-27,131.75,133.73438,131.25,133.3125,87.31264,4854100.0
2000-12-28,132.8125,133.875,132.59375,133.71875,87.57869,8358700.0
2000-12-29,134.0625,134.28125,131.1875,131.1875,85.92088,8774600.0
2001-01-02,132.0,132.15625,127.5625,128.8125,84.36536,8737500.0
2001-01-03,128.3125,136.0,127.65625,135.0,88.41787,19431600.0
2001-01-04,134.9375,135.46875,133.0,133.54688,87.46617,9219000.0
2001-01-05,133.46875,133.625,129.1875,129.1875,84.61095,12911400.0
2001-01-08,129.875,130.1875,127.6875,130.1875,85.26596,6625300.0
2001-01-09,131.04688,131.5,129.42188,129.84375,85.0408,5702400.0
2001-01-10,129.0,132.125,128.8125,132.125,86.5349,8746100.0
2001-01-11,131.09375,133.48438,131.09375,132.25,86.61677,7245100.0
2001-01-12,132.6875,133.71875,131.28125,132.0,86.45303,7244000.0
2001-01-16,132.0,133.1875,131.51562,132.84375,87.00567,8542200.0
2001-01-17,134.84375,135.04688,132.64062,133.45312,87.40476,7851400.0
2001-01-18,133.4375,135.70312,132.9375,134.78125,88.27463,8107000.0
2001-01-19,136.1875,136.1875,133.875,134.01562,87.77319,7782500.0
2001-01-22,134.25,135.78125,133.5625,134.90625,88.35647,7050900.0
2001-01-23,134.46875,136.65625,134.15625,135.96875,89.05237,8463100.0
2001-01-24,136.25,137.3125,135.84375,136.375,89.31844,6199900.0
2001-01-25,136.25,137.25,135.65625,136.03125,89.09329,10818300.0
2001-01-26,135.15625,136.125,134.45312,135.875,88.99095,7136800.0
2001-01-29,135.5,136.89999,135.37,136.60001,89.46577,6705900.0
2001-01-30,136.3,137.92,135.78999,137.8,90.25176,7069100.0
2001-01-31,137.39999,138.7,136.60001,137.02,89.74088,9706900.0
2001-02-01,137.10001,137.95,136.25,137.92999,90.33686,8239100.0
2001-02-02,137.39999,137.99001,134.75,134.8,88.2869,8276600.0
2001-02-05,134.8,135.94,134.75,135.78999,88.93529,4352900.0
2001-02-06,135.3,136.7,135.22,135.39,88.67332,7106700.0
2001-02-07,134.72,135.39999,133.67999,134.69,88.21487,5748700.0
2001-02-08,134.8,135.39999,133.10001,133.12,87.18658,5943300.0
2001-02-09,133.35001,133.35001,131.25999,131.84,86.34824,9913000.0
2001-02-12,131.7,133.5,131.7,133.35001,87.33717,5804400.0
2001-02-13,133.7,134.17,132.0,132.25999,86.62332,6587600.0
2001-02-14,132.64999,132.64999,130.66,132.06,86.49232,8400100.0
2001-02-15,132.84,133.52,131.99001,133.34,87.33068,5929800.0
2001-02-16,131.0,131.28999,129.3,130.39999,85.40511,6434900.0
2001-02-20,131.03999,131.14,128.10001,128.39,84.08871,5760000.0
2001-02-21,127.9,128.84,125.5,125.62,82.27446,10910800.0
2001-02-22,126.35,126.54,123.02,125.81,82.39893,21281600.0
2001-02-23,125.08,125.54,121.8,124.96,81.84218,20173000.0
2001-02-26,125.8,127.62,124.5,127.62,83.58438,11503700.0
2001-02-27,126.8,127.84,125.51,126.44,82.81157,11415000.0
2001-02-28,126.75,126.84,123.27,123.95,81.1807,14825800.0
2001-03-01,124.05,124.6,121.75,124.6,81.60642,14672000.0
2001-03-02,122.5,125.65,122.3,123.61,80.95805,12564300.0
2001-03-05,124.15,124.78,123.81,124.74,81.6981,5293200.0
2001-03-06,126.35,127.75,125.49,126.08,82.57578,6917000.0
2001-03-07,126.9,127.04,125.76,126.98,83.16523,6371700.0
2001-03-08,126.6,127.24,126.14,127.12,83.25689,6055000.0
2001-03-09,126.1,126.1,123.11,123.36,80.79428,10020300.0
2001-03-12,122.34,122.5,117.75,118.08,77.33615,13972900.0
2001-03-13,119.4,120.44,117.53,120.02,78.60679,12888000.0
2001-03-14,117.05,119.29,115.75,117.65,77.05454,19883400.0
2001-03-15,118.45,118.86,117.36,117.68,77.07417,10370300.0
2001-03-16,117.13,117.4,114.81,115.01,75.52829,58514600.0
2001-03-19,115.76,117.69,114.82,117.35,77.06502,10067800.0
2001-03-20,117.9,118.46,114.11,114.2,74.99635,15083900.0
2001-03-21,114.18,115.26,111.9,112.26,73.72236,19004600.0
2001-03-22,112.02,112.6,108.04,111.12,72.97369,28624800.0
2001-03-23,113.25,114.66,111.5,114.48,75.18022,12861700.0
2001-03-26,115.7,116.27,114.77,115.94,76.13905,9943800.0
2001-03-27,115.62,118.65,115.28,118.31,77.69542,12880700.0
2001-03-28,116.9,116.95,114.9,115.04,75.548,10953300.0
2001-03-29,114.7,116.5,112.14,115.48,75.83694,12060300.0
2001-03-30,115.55,116.69,114.5,116.69,76.63158,9183600.0
2001-04-02,116.3,117.38,113.8,114.2,74.99635,10561000.0
2001-04-03,113.98,114.15,110.06,110.39,72.49432,12836000.0
2001-04-04,110.57,112.1,109.3,110.85,72.7964,14884300.0
2001-04-05,113.3,115.49,112.5,115.05,75.55453,21522800.0
2001-04-06,113.99,114.4,112.06,113.3,74.40534,14937800.0
2001-04-09,114.0,114.99,112.78,114.56,75.23277,9034300.0
2001-04-10,115.45,117.75,115.17,116.65,76.6053,17873600.0
2001-04-11,118.78,118.99,116.14,116.73,76.65783,12722300.0
2001-04-12,116.3,118.94,115.96,118.85,78.05007,9233200.0
2001-04-16,118.29,118.89,116.91,117.6,77.22918,7350000.0
2001-04-17,117.31,119.66,117.02,119.26,78.31931,10924700.0
2001-04-18,121.06,126.0,120.69,124.0,81.43212,32481600.0
2001-04-19,124.25,125.84,123.58,125.65,82.5157,13809900.0
2001-04-20,124.9,125.4,123.66,124.5,81.76048,7626700.0
2001-04-23,123.65,123.89,121.91,122.24,80.2763,8451800.0
2001-04-24,122.52,123.65,121.1,121.58,79.84289,10044700.0
2001-04-25,121.42,123.67,120.95,123.17,80.88705,8249000.0
2001-04-26,123.73,125.22,123.5,123.72,81.24826,10590400.0
2001-04-27,124.92,125.84,124.2,125.78,82.60104,7938700.0
2001-04-30,126.45,127.27,124.67,126.66,83.17898,10766900.0
2001-05-01,125.07,127.15,124.6,127.05,83.4351,10578000.0
2001-05-02,127.41,127.69,126.0,126.82,83.28407,9572900.0
2001-05-03,126.13,126.15,124.22,125.21,82.22674,9926200.0
2001-05-04,123.65,127.35,123.44,127.34,83.62557,12145300.0
2001-05-07,126.86,127.38,126.23,126.24,82.90315,7185200.0
2001-05-08,126.86,127.1,125.56,126.18,82.86374,6952600.0
2001-05-09,125.25,126.55,125.06,125.65,82.5157,9507400.0
2001-05-10,127.26,127.5,125.77,126.02,82.75867,6872400.0
2001-05-11,126.0,126.49,124.4,125.15,82.18733,7734400.0
2001-05-14,124.9,125.44,124.46,125.4,82.35152,7914000.0
2001-05-15,125.55,126.5,124.85,125.98,82.73238,9782200.0
2001-05-16,124.84,129.2,124.62,128.95,84.68285,14909000.0
2001-05-17,129.0,130.08,128.56,129.14999,84.81417,11824600.0
2001-05-18,129.09,129.74001,128.10001,129.74001,85.20165,6683100.0
2001-05-21,129.84,131.84,129.14999,131.64999,86.45596,11531500.0
2001-05-22,131.83,132.09,131.07001,131.48,86.34431,8342700.0
2001-05-23,131.05,131.05,129.25,129.25,84.87984,12330800.0
2001-05-24,129.47,130.0,128.55,129.63,85.12939,7902800.0
2001-05-25,129.64999,129.7,127.9,128.10001,84.12466,7425000.0
2001-05-29,128.22,128.35001,126.9,127.08,83.45482,9003900.0
2001-05-30,126.59,127.09,125.0,125.3,82.28586,10041800.0
2001-05-31,125.43,126.76,125.26,125.95,82.71274,9874200.0
2001-06-01,126.2,127.1,125.12,126.73,83.22494,8848300.0
2001-06-04,126.8,127.43,126.08,127.34,83.62557,5623500.0
2001-06-05,127.49,129.23,127.27,128.8,84.58435,9115400.0
2001-06-06,128.83,128.83,127.36,127.73,83.88165,12064900.0
2001-06-07,127.05,128.35001,127.0,128.19,84.18373,7355300.0
2001-06-08,127.7,127.87,126.14,127.0,83.40224,8170600.0
2001-06-11,126.71,126.99,125.41,126.1,82.81122,7012200.0
2001-06-12,124.86,126.74,124.04,125.88,82.66676,9364400.0
2001-06-13,126.17,126.58,124.65,124.8,81.95747,7629400.0
2001-06-14,124.18,124.3,121.75,122.0,80.11871,12603000.0
2001-06-15,120.91,122.4,120.4,121.85,80.24778,16821100.0
2001-06-18,121.65,122.44,120.91,121.26,79.85921,11368300.0
2001-06-19,122.38,122.89,120.89,121.79,80.20826,7732300.0
2001-06-20,121.19,122.86,121.1,122.43,80.62978,8787200.0
2001-06-21,122.22,124.31,122.15,123.82,81.54517,12259100.0
2001-06-22,123.49,123.59,122.16,122.85,80.90635,12212000.0
2001-06-25,123.28,123.44,121.5,121.72,80.16216,8406800.0
2001-06-26,120.9,122.39,120.57,121.55,80.0502,8005800.0
2001-06-27,121.6,122.24,120.91,121.48,80.00411,10105100.0
2001-06-28,122.0,123.94,121.93,122.15,80.44534,10269300.0
2001-06-29,122.8,124.01,122.26,122.6,80.74176,9824200.0
2001-07-02,122.8,124.32,122.62,124.13,81.74934,8522200.0
2001-07-03,123.98,124.1,123.05,124.1,81.72961,3303100.0
2001-07-05,123.07,123.65,121.66,121.68,80.13581,5517900.0
2001-07-06,121.31,121.49,119.05,119.05,78.40377,11665900.0
2001-07-09,119.49,120.54,119.2,119.7,78.83186,8339300.0
2001-07-10,120.29,120.64,118.21,118.26,77.88349,8630700.0
2001-07-11,118.1,118.89,117.09,118.38,77.96251,15328600.0
2001-07-12,119.5,121.47,119.31,121.19,79.81315,12002800.0
2001-07-13,120.84,122.32,120.62,122.24,80.5046,10433800.0
2001-07-16,121.77,122.28,120.29,120.71,79.49699,6915300.0
2001-07-17,120.2,121.95,119.83,121.84,80.24119,7469800.0
2001-07-18,120.56,121.64,120.06,121.01,79.69456,7709300.0
2001-07-19,122.18,122.98,120.76,122.07,80.39266,10082900.0
2001-07-20,121.15,121.94,120.92,121.34,79.91191,6705800.0
2001-07-23,121.8,121.88,118.95,118.95,78.33789,8065200.0
2001-07-24,119.0,119.2,116.75,117.8,77.58054,12269000.0
2001-07-25,117.92,119.48,117.46,119.1,78.43671,12088500.0
2001-07-26,119.06,120.85,118.56,120.35,79.2599,12898200.0
2001-07-27,120.83,121.35,119.91,120.81,79.56286,8478800.0
2001-07-30,121.19,121.35,120.3,120.85,79.58919,8547700.0
2001-07-31,121.0,122.68,120.8,121.35,79.91849,11918100.0
2001-08-01,121.97,122.7,121.55,122.11,80.41902,11940800.0
2001-08-02,123.23,123.25,121.89,122.61,80.74831,11070100.0
2001-08-03,122.36,122.36,120.9,121.94,80.30705,10816300.0
2001-08-06,121.35,121.51,120.1,120.3,79.22699,8550100.0
2001-08-07,120.27,121.2,119.91,120.77,79.53651,8865100.0
2001-08-08,120.12,121.16,118.43,118.53,78.06131,15183800.0
2001-08-09,118.7,118.97,117.86,118.88,78.29182,14118500.0
2001-08-10,118.8,119.84,117.34,119.29,78.56181,11173300.0
2001-08-13,119.6,119.85,118.81,119.32,78.58158,7431600.0
2001-08-14,120.14,120.35,118.8,119.27,78.54863,13178100.0
2001-08-15,119.23,119.61,118.08,118.24,77.8703,8520600.0
2001-08-16,117.8,118.75,117.0,118.65,78.14035,10734700.0
2001-08-17,117.65,117.87,116.01,116.75,76.88904,11604600.0
2001-08-20,116.8,117.9,116.55,117.83,77.6003,10417400.0
2001-08-21,117.8,118.54,115.8,115.82,76.27656,14480800.0
2001-08-22,116.75,117.43,115.78,117.02,77.06685,11752300.0
2001-08-23,116.96,117.52,116.49,116.6,76.79025,8744100.0
2001-08-24,117.21,119.13,116.74,119.02,78.38402,11687700.0
2001-08-27,118.97,119.2,118.26,118.31,77.91642,7425100.0
2001-08-28,118.28,118.49,116.58,116.58,76.77708,12046600.0
2001-08-29,117.13,117.18,115.17,115.54,76.09216,16180000.0
2001-08-30,114.85,115.74,112.04,113.32,74.63012,17692600.0
2001-08-31,113.4,114.77,113.13,114.15,75.17672,15985400.0
2001-09-04,113.85,116.17,113.37,113.42,74.69598,24473400.0
2001-09-05,113.7,114.19,111.95,113.7,74.88035,21477100.0
2001-09-06,112.65,113.3,110.77,110.77,72.95073,21653000.0
2001-09-07,110.02,111.25,108.63,108.72,71.60063,33133900.0
2001-09-10,107.7,110.35,107.7,110.05,72.47658,23408700.0
2001-09-17,101.0,106.4,100.0,104.3,68.6897,32388700.0
2001-09-18,104.33,105.3,103.36,104.05,68.5251,22029200.0
2001-09-19,104.1,104.5,98.56,101.95,67.14207,42771800.0
2001-09-20,100.4,101.81,98.56,98.71,65.00829,36210900.0
2001-09-21,94.28,98.99,93.8,97.28,64.3069,49782100.0
2001-09-24,99.72,101.16,99.06,100.7,66.5677,25549600.0
2001-09-25,100.75,102.0,99.9,101.75,67.26179,25466200.0
2001-09-26,102.35,102.4,100.43,101.39,67.02383,18587500.0
2001-09-27,101.25,102.29,100.0,102.27,67.60553,20536800.0
2001-09-28,102.98,109.62,102.5,104.44,69.04002,21687200.0
2001-10-01,103.9,104.32,102.83,104.27,68.92767,20457400.0
2001-10-02,104.0,105.58,103.65,105.58,69.79362,19833100.0
2001-10-03,104.6,107.88,104.35,107.35,70.96367,32045800.0
2001-10-04,108.29,108.97,106.75,107.44,71.0232,32674100.0
2001-10-05,107.25,107.62,105.52,107.23,70.88436,29796100.0
2001-10-08,106.27,107.3,105.87,106.53,70.42163,12970300.0
2001-10-09,106.61,106.75,105.6,105.96,70.04484,15976300.0
2001-10-10,105.8,108.55,105.52,108.32,71.60487,19987400.0
2001-10-11,108.95,110.3,108.95,110.0,72.71545,23006300.0
2001-10-12,109.15,109.89,107.3,109.5,72.38492,31360500.0
2001-10-15,108.63,109.45,108.06,109.3,72.25274,16873000.0
2001-10-16,109.8,110.61,108.95,109.99,72.70885,15877100.0
2001-10-17,111.07,111.15,107.65,107.65,71.162,28542300.0
2001-10-18,107.82,108.16,106.75,107.42,71.00995,16510000.0
2001-10-19,107.0,107.91,106.01,107.35,70.96367,21912500.0
2001-10-22,107.3,109.57,107.21,109.47,72.36509,17540600.0
2001-10-23,109.96,110.28,108.38,108.91,71.99492,22062500.0
2001-10-24,108.98,109.45,108.22,108.62,71.80321,16065200.0
2001-10-25,107.45,110.6,106.74,110.57,73.09225,27467900.0
2001-10-26,109.95,111.79,109.67,110.32,72.92696,18623300.0
2001-10-29,110.16,110.55,107.45,107.45,71.02978,18727500.0
2001-10-30,107.35,107.7,105.56,106.16,70.177,26178600.0
2001-10-31,106.9,107.86,105.8,105.8,69.93905,28124200.0
2001-11-01,106.6,109.01,105.7,108.51,71.73048,29806800.0
2001-11-02,108.44,109.38,107.87,109.25,72.21969,17575900.0
2001-11-05,110.12,111.09,109.95,110.68,73.16499,15929500.0
2001-11-06,110.35,112.48,109.85,112.4,74.30195,23245800.0
2001-11-07,111.77,113.12,111.64,112.25,74.2028,19716000.0
2001-11-08,112.87,114.08,111.9,112.6,74.4342,22563500.0
2001-11-09,112.25,112.96,111.44,112.72,74.51352,15895800.0
2001-11-12,111.0,112.65,110.0,112.03,74.05738,26068800.0
2001-11-13,113.44,114.55,113.18,114.55,75.72321,15296200.0
2001-11-14,115.17,115.4,113.71,114.66,75.79601,17571300.0
2001-11-15,114.37,115.18,113.93,114.87,75.93475,19470200.0
2001-11-16,115.08,115.1,113.4,114.36,75.59763,18134900.0
2001-11-19,114.92,115.85,114.45,115.77,76.52972,13625400.0
2001-11-20,115.37,115.8,114.64,114.8,75.88847,16209700.0
2001-11-21,114.5,114.67,113.51,114.04,75.3861,11470200.0
2001-11-23,114.04,115.75,114.0,115.68,76.47023,6717100.0
2001-11-26,115.75,116.34,115.07,115.93,76.63545,13726000.0
2001-11-27,115.62,116.9,114.09,115.43,76.30497,19261400.0
2001-11-28,114.74,115.17,113.25,113.34,74.92334,20195500.0
2001-11-29,113.66,114.92,113.0,114.87,75.93475,16354700.0
2001-11-30,114.4,114.91,114.02,114.05,75.39274,13680300.0
2001-12-03,113.65,114.08,113.01,113.37,74.94319,15220400.0
2001-12-04,113.92,115.3,113.35,115.29,76.2124,17239900.0
2001-12-05,115.61,118.0,115.56,117.4,77.60724,25204000.0
2001-12-06,117.34,117.94,116.93,117.34,77.56755,17972900.0
2001-12-07,116.9,117.09,115.7,116.56,77.05191,18857800.0
2001-12-10,115.85,116.39,114.35,114.38,75.61086,13862700.0
2001-12-11,114.9,115.72,113.9,114.15,75.45881,20833300.0
2001-12-12,114.55,114.78,113.11,114.28,75.54476,16171500.0
2001-12-13,113.45,113.7,112.04,112.06,74.07724,19026700.0
2001-12-14,112.33,113.49,112.0,113.13,74.78455,16721900.0
2001-12-17,112.99,114.36,112.9,114.3,75.55798,13925900.0
2001-12-18,114.63,115.15,114.34,114.98,76.00747,13663700.0
2001-12-19,114.09,115.92,114.0,115.79,76.54292,20143400.0
2001-12-20,115.5,115.8,114.55,114.65,75.78938,14867900.0
2001-12-21,115.03,115.07,114.2,114.95,76.24902,14037700.0
2001-12-24,114.83,115.04,114.61,114.73,76.1031,5728800.0
2001-12-26,114.65,116.21,114.65,115.36,76.52099,10304800.0
2001-12-27,115.3,116.08,115.25,116.06,76.98533,9407300.0
2001-12-28,116.29,116.75,115.92,116.0,76.9455,10593800.0
2001-12-31,116.15,116.39,114.23,114.3,75.81787,14619500.0
2002-01-02,115.11,115.75,113.81,115.53,76.63373,18651900.0
2002-01-03,115.65,116.95,115.54,116.84,77.50272,15743000.0
2002-01-04,117.17,117.98,116.55,117.62,78.02013,20140700.0
2002-01-07,117.7,117.99,116.56,116.79,77.46954,13106500.0
2002-01-08,116.79,117.06,115.97,116.52,77.29043,12683700.0
2002-01-09,116.68,117.78,115.34,115.57,76.66027,16610300.0
2002-01-10,115.69,116.35,115.3,116.08,76.99857,12823400.0
2002-01-11,116.21,116.28,114.7,114.94,76.24239,13708400.0
2002-01-14,114.65,114.84,113.96,114.22,75.76479,12301100.0
2002-01-15,114.55,115.39,113.9,115.15,76.3817,20219900.0
2002-01-16,114.3,114.4,112.69,112.82,74.83615,17067000.0
2002-01-17,113.76,114.24,113.4,113.67,75.39999,17283400.0
2002-01-18,113.0,113.85,112.67,113.15,75.05505,17028000.0
2002-01-22,113.75,113.93,112.02,112.37,74.53764,11689300.0
2002-01-23,112.63,113.55,112.02,113.23,75.10812,12438900.0
2002-01-24,113.64,114.25,113.32,113.58,75.34029,12142800.0
2002-01-25,113.12,114.18,113.04,113.55,75.32039,12810700.0
2002-01-28,113.9,114.19,112.92,113.86,75.52604,10589200.0
2002-01-29,113.85,114.13,110.05,110.28,73.15131,27720800.0
2002-01-30,110.39,113.39,108.4,111.87,74.206,34711800.0
2002-01-31,112.15,113.3,111.62,113.18,75.07495,19909200.0
2002-02-01,113.09,113.3,112.17,112.65,74.72341,15838500.0
2002-02-04,112.23,112.23,109.44,109.85,72.86607,24243400.0
2002-02-05,109.4,110.49,108.53,109.17,72.41501,33614000.0
2002-02-06,109.65,109.74,108.06,108.7,72.10324,29486000.0
2002-02-07,108.72,109.86,108.0,108.02,71.65218,23445400.0
2002-02-08,108.63,110.75,108.3,110.09,73.02523,19277800.0
2002-02-11,110.05,111.64,109.82,111.44,73.92075,18792400.0
2002-02-12,110.96,111.71,110.03,111.09,73.68864,13942500.0
2002-02-13,111.48,112.54,111.35,112.27,74.4713,16781100.0
2002-02-14,112.51,112.97,111.59,112.06,74.33203,20453800.0
2002-02-15,112.15,112.24,110.71,110.89,73.55593,18366800.0
2002-02-19,110.15,110.29,108.61,108.76,72.14307,15988100.0
2002-02-20,109.05,110.59,107.82,110.59,73.35694,29242800.0
2002-02-21,109.93,110.63,108.26,108.3,71.83793,26288600.0
2002-02-22,108.35,109.94,107.87,109.64,72.72675,26572900.0
2002-02-25,109.74,111.81,109.7,111.45,73.9274,17458700.0
2002-02-26,111.6,112.04,110.57,111.22,73.7748,22346500.0
2002-02-27,111.96,112.86,110.65,111.65,74.06005,28597900.0
2002-02-28,111.83,112.75,111.03,111.15,73.72836,23755400.0
2002-03-01,111.72,113.85,111.51,113.74,75.44639,26273600.0
2002-03-04,113.9,115.99,113.65,115.75,76.77969,27184600.0
2002-03-05,115.33,116.4,114.97,115.38,76.53426,22718900.0
2002-03-06,115.1,117.15,115.07,116.75,77.44301,20143200.0
2002-03-07,117.36,117.5,115.57,116.5,77.27714,19330800.0
2002-03-08,117.38,117.9,116.48,116.99,77.60222,19930100.0
2002-03-11,116.89,117.9,116.43,117.24,77.76806,15621800.0
2002-03-12,116.1,117.25,115.94,117.17,77.72158,17153600.0
2002-03-13,116.63,116.75,115.64,116.04,76.97204,17175300.0
2002-03-14,116.04,116.43,115.63,115.88,76.8659,11168100.0
2002-03-15,115.97,116.95,115.9,116.65,77.59833,21220100.0
2002-03-18,117.1,117.56,116.1,116.67,77.61163,17548900.0
2002-03-19,117.3,117.74,116.82,117.45,78.13052,17912000.0
2002-03-20,116.5,116.58,115.19,115.24,76.66035,17114500.0
2002-03-21,115.3,115.9,114.12,115.29,76.6936,25846800.0
2002-03-22,115.5,115.94,114.7,115.04,76.52731,15235400.0
2002-03-25,115.09,115.36,113.3,113.61,75.57603,17499600.0
2002-03-26,113.52,115.02,113.47,114.27,76.0151,19947600.0
2002-03-27,114.03,115.01,113.76,114.57,76.21464,19020300.0
2002-03-28,114.97,115.77,114.5,114.52,76.1814,17532900.0
2002-04-01,114.23,115.1,113.5,114.57,76.21464,17711000.0
2002-04-02,113.98,114.95,113.77,113.94,75.79556,15669500.0
2002-04-03,114.01,114.21,112.16,113.14,75.2634,25658500.0
2002-04-04,112.6,113.4,112.23,112.67,74.95074,23549000.0
2002-04-05,113.19,113.63,112.18,112.69,74.96402,19404900.0
2002-04-08,111.32,113.03,111.23,112.93,75.12369,16470100.0
2002-04-09,113.18,113.18,111.93,112.14,74.59818,15122700.0
2002-04-10,112.1,113.54,112.09,113.41,75.443,17199300.0
2002-04-11,112.89,113.05,110.5,110.59,73.56709,25453700.0
2002-04-12,111.02,111.65,110.04,111.42,74.11917,14950600.0
2002-04-15,111.62,111.86,110.2,110.57,73.55376,17394900.0
2002-04-16,111.7,113.32,111.67,113.2,75.30329,15040900.0
2002-04-17,113.39,113.67,112.6,112.96,75.14367,12920100.0
2002-04-18,112.9,113.46,111.15,112.47,74.8177,25204800.0
2002-04-19,113.2,113.24,112.56,112.88,75.0904,10499200.0
2002-04-22,112.38,112.43,110.84,111.0,73.83982,13922900.0
2002-04-23,111.09,111.48,110.17,110.52,73.52052,16967000.0
2002-04-24,110.56,111.81,109.4,109.41,72.7821,18902700.0
2002-04-25,109.21,109.74,108.72,109.47,72.82204,25451500.0
2002-04-26,109.79,110.01,107.29,107.39,71.43835,19769800.0
2002-04-29,107.93,108.26,106.63,106.86,71.08577,17724400.0
2002-04-30,107.02,108.64,106.64,107.86,71.75099,19473500.0
2002-05-01,107.97,109.25,106.8,109.18,72.62912,24575600.0
2002-05-02,109.1,109.91,107.78,108.76,72.34972,15666800.0
2002-05-03,108.6,108.76,107.2,107.58,71.56474,18185500.0
2002-05-06,107.64,107.99,105.31,105.47,70.16113,23630400.0
2002-05-07,106.1,106.32,104.9,105.1,69.91499,21910000.0
2002-05-08,107.05,109.36,106.79,109.01,72.51601,27917400.0
2002-05-09,108.65,109.1,107.58,107.75,71.67783,18085600.0
2002-05-10,107.97,108.05,105.6,105.72,70.32744,18958900.0
2002-05-13,106.22,107.95,105.79,107.87,71.75767,14677700.0
2002-05-14,109.62,110.37,109.0,110.22,73.32094,34201200.0
2002-05-15,109.5,110.91,109.29,109.79,73.03487,29535300.0
2002-05-16,109.7,110.48,109.33,110.36,73.41408,28092000.0
2002-05-17,110.66,111.25,110.1,110.9,73.77327,27823700.0
2002-05-20,110.64,110.69,109.49,109.7,72.97501,13833800.0
2002-05-21,110.11,110.48,108.32,108.7,72.30976,16877200.0
2002-05-22,108.22,109.12,108.0,108.94,72.46945,15844200.0
2002-05-23,109.26,110.36,108.48,110.1,73.2411,13879800.0
2002-05-24,109.98,110.2,108.61,108.69,72.30313,11877000.0
2002-05-28,109.05,109.13,107.45,108.1,71.91066,24236900.0
2002-05-29,107.62,108.02,107.13,107.3,71.37847,14773300.0
2002-05-30,106.55,107.51,105.9,107.0,71.17891,18217900.0
2002-05-31,107.4,108.56,106.85,107.22,71.32526,19826300.0
2002-06-03,107.09,107.6,104.13,104.37,69.42937,26056300.0
2002-06-04,104.15,105.2,103.55,104.63,69.60233,25856200.0
2002-06-05,104.95,105.67,104.35,105.61,70.25425,19695900.0
2002-06-06,105.54,105.6,103.15,103.46,68.82403,22998500.0
2002-06-07,101.78,103.92,101.72,103.34,68.74419,24011600.0
2002-06-10,103.24,104.46,103.02,103.74,69.01028,18759900.0
2002-06-11,104.13,104.54,101.73,101.96,67.8262,19990700.0
2002-06-12,101.71,102.81,100.78,102.58,68.23862,31266000.0
2002-06-13,102.13,103.0,101.34,101.55,67.55346,21043900.0
2002-06-14,100.31,101.56,98.5,101.4,67.45366,39267500.0
2002-06-17,101.92,104.34,101.85,104.12,69.26307,17647200.0
2002-06-18,103.74,105.03,103.63,104.97,69.82851,21628500.0
2002-06-19,103.5,104.43,102.24,102.52,68.1987,21540700.0
2002-06-20,102.26,103.05,100.96,101.21,67.32724,25691000.0
2002-06-21,100.47,100.93,98.68,99.28,66.27452,31190700.0
2002-06-24,98.61,100.69,97.25,99.8,66.62165,37169700.0
2002-06-25,100.3,100.89,97.54,97.56,65.12637,33355000.0
2002-06-26,95.2,98.15,95.19,97.72,65.23315,37913600.0
2002-06-27,98.5,99.49,96.57,99.43,66.37469,31616400.0
2002-06-28,99.24,100.5,98.88,98.96,66.06091,28184200.0
2002-07-01,99.18,99.8,96.89,97.03,64.77256,20270200.0
2002-07-02,96.86,97.2,94.77,94.97,63.3974,34213900.0
2002-07-03,94.62,95.84,93.72,95.51,63.75787,30565800.0
2002-07-05,96.78,99.53,96.66,99.31,66.29456,19013500.0
2002-07-08,98.98,99.7,97.56,98.07,65.4668,19118600.0
2002-07-09,97.73,98.34,95.01,95.6,63.81796,28620400.0
2002-07-10,96.0,96.07,92.04,92.12,61.49485,50522500.0
2002-07-11,91.76,93.35,90.32,92.87,61.99551,59476500.0
2002-07-12,93.33,93.89,91.52,91.85,61.31465,39018600.0
2002-07-15,91.64,92.4,87.89,92.34,61.64172,77317200.0
2002-07-16,91.12,92.38,89.87,90.56,60.45349,53282400.0
2002-07-17,92.46,93.3,89.75,90.74,60.57367,48880600.0
2002-07-18,90.7,91.1,87.75,87.8,58.61103,32656700.0
2002-07-19,86.76,87.55,84.3,84.71,56.54834,77572600.0
2002-07-22,84.1,85.91,81.45,82.2,54.87275,78134000.0
2002-07-23,82.55,83.24,79.75,79.95,53.37077,74484100.0
2002-07-24,78.13,85.12,77.68,84.72,56.55497,107022800.0
2002-07-25,84.27,85.85,81.6,84.0,56.07436,87176600.0
2002-07-26,84.65,85.93,83.8,85.6,57.14241,41206800.0
2002-07-29,87.5,90.34,87.3,89.77,59.92614,53492900.0
2002-07-30,89.32,91.4,88.72,90.94,60.70715,47532200.0
2002-07-31,90.49,91.55,89.25,91.16,60.85401,44669900.0
2002-08-01,90.88,91.35,88.33,88.78,59.26526,66571900.0
2002-08-02,88.5,88.91,85.62,86.79,57.93682,51772900.0
2002-08-05,86.49,86.93,83.55,83.77,55.92083,47191300.0
2002-08-06,85.23,87.9,85.11,86.59,57.8033,64730000.0
2002-08-07,87.87,88.5,85.77,88.1,58.81133,43289400.0
2002-08-08,88.42,91.1,87.8,90.95,60.71383,48339800.0
2002-08-09,90.1,91.94,89.35,91.29,60.94083,41879200.0
2002-08-12,89.99,91.27,89.55,90.62,60.49352,25841700.0
2002-08-13,90.15,91.66,88.65,88.97,59.39209,49690500.0
2002-08-14,89.02,92.63,88.02,92.22,61.56165,57423600.0
2002-08-15,92.84,93.99,92.2,93.5,62.41609,45551500.0
2002-08-16,92.82,94.08,92.0,93.22,62.22919,36517300.0
2002-08-19,93.46,95.75,93.1,95.4,63.68444,33669900.0
2002-08-20,94.82,95.4,93.62,94.39,63.01023,30508300.0
2002-08-21,95.06,95.78,93.57,95.75,63.91806,39628900.0
2002-08-22,95.49,97.15,95.07,96.68,64.53893,38399800.0
2002-08-23,96.01,96.15,94.15,94.6,63.15039,33716400.0
2002-08-26,94.91,95.64,93.5,95.26,63.59096,33830100.0
2002-08-27,95.7,96.25,93.5,94.16,62.85669,35335700.0
2002-08-28,93.28,93.49,91.8,92.1,61.48151,38970600.0
2002-08-29,91.27,93.05,90.81,92.14,61.50821,42965700.0
2002-08-30,91.68,93.39,91.4,91.78,61.26791,30366700.0
2002-09-03,90.73,91.0,88.15,88.28,58.93148,76586400.0
2002-09-04,88.61,90.25,88.06,89.54,59.77259,51099500.0
2002-09-05,88.49,89.43,87.5,88.78,59.26526,67250900.0
2002-09-06,89.75,90.57,89.34,90.0,60.07967,38622200.0
2002-09-09,89.1,91.35,88.8,90.66,60.52027,33998400.0
2002-09-10,91.14,91.78,90.56,91.7,61.2145,41416600.0
2002-09-11,92.47,93.33,91.1,91.13,60.83398,27711200.0
2002-09-12,90.75,90.84,88.99,89.45,59.71251,43601700.0
2002-09-13,88.69,89.9,88.25,89.67,59.85936,41131000.0
2002-09-16,89.31,89.89,88.46,89.89,60.00627,28167600.0
2002-09-17,90.89,91.19,87.75,87.83,58.63111,47609700.0
2002-09-18,87.01,88.5,86.28,86.95,58.04362,54719400.0
2002-09-19,85.99,86.8,84.7,84.7,56.5416,48510500.0
2002-09-20,84.92,85.2,84.05,84.35,56.56041,46325600.0
2002-09-23,83.65,84.06,82.69,83.66,56.09774,46893800.0
2002-09-24,82.44,83.65,81.85,82.31,55.19248,69507000.0
2002-09-25,83.37,84.77,82.04,84.35,56.56041,59294400.0
2002-09-26,85.02,85.97,84.45,85.73,57.48579,53638000.0
2002-09-27,85.0,85.63,82.75,82.75,55.48755,64648300.0
2002-09-30,82.0,82.8,80.9,81.79,54.84379,73096400.0
2002-10-01,82.43,85.77,81.47,85.72,57.47906,67198100.0
2002-10-02,84.69,85.53,82.6,83.15,55.75577,56749100.0
2002-10-03,83.14,84.6,81.95,82.31,55.19248,55547000.0
2002-10-04,82.8,82.92,79.58,80.8,54.17999,68483700.0
2002-10-07,80.06,81.2,78.55,79.13,53.06018,53188000.0
2002-10-08,79.81,81.31,78.2,80.37,53.89164,79531000.0
2002-10-09,79.09,79.7,77.78,78.1,52.36953,79956400.0
2002-10-10,77.94,81.07,77.07,80.63,54.06601,76749000.0
2002-10-11,82.1,84.73,81.82,84.16,56.43303,82308300.0
2002-10-14,83.2,84.85,83.04,84.63,56.74817,40631900.0
2002-10-15,86.99,88.72,86.85,88.7,59.47726,82320300.0
2002-10-16,87.41,87.8,85.92,86.55,58.03559,62977800.0
2002-10-17,88.87,89.3,87.85,88.27,59.18896,68534100.0
2002-10-18,87.65,89.11,86.93,88.64,59.43703,47448700.0
2002-10-21,88.12,90.5,87.57,90.17,60.46298,45859100.0
2002-10-22,89.05,90.01,88.52,89.52,60.02711,40966800.0
2002-10-23,88.77,90.27,87.68,90.2,60.48311,54905800.0
2002-10-24,90.75,90.9,88.1,88.36,59.2493,54987400.0
2002-10-25,88.21,90.39,87.94,90.2,60.48311,43672100.0
2002-10-28,91.15,91.29,88.85,89.61,60.0875,39416100.0
2002-10-29,89.08,89.49,87.0,88.57,59.39013,59508200.0
2002-10-30,88.68,89.96,88.23,89.43,59.9668,41688600.0
2002-10-31,89.66,90.3,88.19,88.52,59.35661,41620600.0
2002-11-01,88.35,90.82,88.05,90.27,60.53005,51878900.0
2002-11-04,91.8,92.94,90.9,91.13,61.10671,49080600.0
2002-11-05,90.84,92.07,90.84,91.85,61.5895,37270800.0
2002-11-06,92.48,93.07,90.79,93.04,62.38744,65013100.0
2002-11-07,92.02,92.22,90.22,90.76,60.8586,51572000.0
2002-11-08,90.53,91.57,89.52,89.65,60.1143,37905400.0
2002-11-11,89.51,89.56,87.8,88.26,59.18223,33505100.0
2002-11-12,88.66,89.93,88.37,88.96,59.65162,37724500.0
2002-11-13,88.32,89.74,87.45,89.05,59.71195,63891500.0
2002-11-14,90.07,91.0,89.75,90.73,60.8385,31896800.0
2002-11-15,90.0,91.55,89.95,91.4,61.28772,39152100.0
2002-11-18,92.15,92.15,90.35,90.48,60.67086,28934800.0
2002-11-19,90.02,91.1,89.76,90.36,60.59038,32806600.0
2002-11-20,89.98,92.42,89.95,92.37,61.93819,36688400.0
2002-11-21,92.6,94.19,92.43,94.09,63.09151,55128200.0
2002-11-22,93.48,94.27,93.27,93.42,62.64224,32513800.0
2002-11-25,93.43,94.26,92.77,93.48,62.68249,33846400.0
2002-11-26,93.07,93.45,91.62,91.7,61.48893,42284700.0
2002-11-27,92.52,94.65,92.43,94.28,63.21891,37764000.0
2002-11-29,94.8,94.95,93.77,93.98,63.01778,19385700.0
2002-12-02,95.47,96.05,93.22,94.13,63.11834,49911900.0
2002-12-03,93.25,93.4,92.35,92.87,62.27346,34407700.0
2002-12-04,91.77,93.14,91.43,92.45,61.99182,64040800.0
2002-12-05,92.73,92.8,91.1,91.43,61.30786,36724900.0
2002-12-06,90.12,92.17,89.98,92.03,61.7102,49824100.0
2002-12-09,91.07,91.46,89.48,89.5,60.0137,36789600.0
2002-12-10,90.02,91.1,89.76,90.7,60.81839,33319900.0
2002-12-11,90.42,91.62,90.16,90.78,60.87203,39201000.0
2002-12-12,91.2,91.49,90.2,90.77,60.8653,34465600.0
2002-12-13,89.91,90.48,89.27,89.34,59.90641,36862200.0
2002-12-16,89.82,91.79,89.66,91.65,61.45543,37098400.0
2002-12-17,91.37,91.74,90.74,90.85,60.91895,32353900.0
2002-12-18,90.32,90.4,89.33,89.8,60.21486,35612600.0
2002-12-19,89.35,90.7,88.6,89.16,59.78572,39264200.0
2002-12-20,89.2,90.02,89.1,89.99,60.63881,31176900.0
2002-12-23,89.59,90.47,89.31,90.02,60.65902,22599300.0
2002-12-24,89.59,89.86,89.25,89.35,60.20757,10937000.0
2002-12-26,89.7,90.61,88.84,89.39,60.23452,17485600.0
2002-12-27,88.96,89.29,87.38,87.38,58.88008,22205700.0
2002-12-30,87.79,88.47,87.22,88.11,59.37199,29968000.0
2002-12-31,87.99,88.43,87.11,88.23,59.45286,34036600.0
2003-01-02,88.85,91.3,88.54,91.07,61.36656,44516300.0
2003-01-03,90.91,91.38,90.5,91.35,61.55525,32222600.0
2003-01-06,91.24,93.49,91.17,92.96,62.64011,40984500.0
2003-01-07,92.9,93.37,92.2,92.73,62.4851,38640400.0
2003-01-08,92.2,92.4,91.05,91.39,61.58218,38702200.0
2003-01-09,91.82,93.18,91.41,92.81,62.53905,34804900.0
2003-01-10,91.95,93.64,91.8,93.06,62.70749,37768900.0
2003-01-13,93.54,93.86,92.44,93.03,62.68728,31649900.0
2003-01-14,92.69,93.83,92.41,93.33,62.88943,30733000.0
2003-01-15,93.54,93.57,91.91,92.4,62.26274,33511800.0
2003-01-16,92.5,92.93,91.45,92.02,62.00668,44812100.0
2003-01-17,90.99,92.3,90.15,90.66,61.09027,35618300.0
2003-01-21,90.87,90.92,88.95,89.25,60.14013,36826200.0
2003-01-22,88.77,89.8,88.0,88.17,59.41243,42286500.0
2003-01-23,88.75,89.38,87.95,88.71,59.77631,55919800.0
2003-01-24,88.59,88.68,86.17,86.38,58.20623,68633900.0
2003-01-27,85.73,86.8,84.5,85.2,57.41112,57884400.0
2003-01-28,85.63,86.4,85.13,85.83,57.83565,46929100.0
2003-01-29,85.42,87.18,84.77,86.48,58.27362,53712200.0
2003-01-30,86.79,86.88,84.4,84.43,56.89227,49845900.0
2003-01-31,84.15,86.21,84.15,86.06,57.99063,55317000.0
2003-02-03,86.14,86.81,85.92,86.23,58.10519,39696000.0
2003-02-04,85.31,85.75,84.3,85.38,57.53241,43633400.0
2003-02-05,85.75,86.54,84.48,84.85,57.17526,55270600.0
2003-02-06,84.37,84.89,83.65,84.45,56.90573,53638000.0
2003-02-07,84.91,84.99,82.97,83.42,56.2117,43165000.0
2003-02-10,83.46,84.13,82.65,84.01,56.60927,45455900.0
2003-02-11,84.37,84.88,82.83,83.43,56.21843,46861000.0
2003-02-12,83.16,83.62,82.09,82.1,55.3222,35873600.0
2003-02-13,82.15,82.66,81.0,82.35,55.49067,57934100.0
2003-02-14,82.37,84.2,81.82,84.15,56.70361,59580900.0
2003-02-18,84.53,85.8,84.39,85.63,57.70089,39492700.0
2003-02-19,85.32,85.47,84.28,85.18,57.39765,31432000.0
2003-02-20,85.21,85.42,84.05,84.33,56.82489,29280100.0
2003-02-21,84.38,85.74,83.46,85.18,57.39765,60955800.0
2003-02-24,84.93,85.0,83.59,83.8,56.46775,30628600.0
2003-02-25,82.95,84.49,82.22,84.47,56.91924,56770600.0
2003-02-26,84.02,84.53,83.08,83.24,56.09038,37787200.0
2003-02-27,83.7,84.75,83.16,84.34,56.8316,51126000.0
2003-02-28,84.47,85.23,84.16,84.9,57.209,43666800.0
2003-03-03,85.26,85.78,83.72,84.09,56.66315,42923100.0
2003-03-04,83.95,84.01,82.65,82.75,55.76021,31440500.0
2003-03-05,82.61,83.54,82.36,83.45,56.23188,43974700.0
2003-03-06,82.87,83.52,82.47,82.75,55.76021,41217700.0
2003-03-07,81.61,83.99,81.43,83.32,56.1443,63538000.0
2003-03-10,82.6,82.86,81.1,81.32,54.79663,41014100.0
2003-03-11,81.48,82.0,80.48,80.52,54.25754,48102700.0
2003-03-12,80.38,81.1,79.38,81.06,54.62143,62459800.0
2003-03-13,82.18,83.91,81.53,83.86,56.50819,72117800.0
2003-03-14,84.2,84.77,83.35,84.13,56.6901,63951800.0
2003-03-17,83.46,86.95,83.22,86.78,58.4758,88217500.0
2003-03-18,87.15,87.35,86.28,87.29,58.81944,50792300.0
2003-03-19,87.28,88.16,86.68,87.96,59.27091,49630800.0
2003-03-20,87.33,88.59,86.35,88.15,59.39897,67321600.0
2003-03-21,88.8,89.88,87.93,89.67,60.66684,71165300.0
2003-03-24,88.02,88.14,86.35,86.69,58.6507,65398900.0
2003-03-25,86.74,88.26,86.44,87.52,59.21224,61040100.0
2003-03-26,87.56,87.85,86.8,87.08,58.91454,45740800.0
2003-03-27,86.4,87.66,85.99,87.15,58.96191,53120200.0
2003-03-28,86.47,87.28,86.25,86.71,58.6642,32583000.0
2003-03-31,85.35,86.59,84.4,84.74,57.33139,61119500.0
2003-04-01,85.25,86.39,84.91,86.04,58.21093,53574000.0
2003-04-02,87.54,88.77,87.5,88.12,59.61815,50431200.0
2003-04-03,88.87,88.99,87.65,87.7,59.33397,48755500.0
2003-04-04,88.43,88.59,87.62,88.22,59.68579,36250100.0
2003-04-07,90.34,90.85,87.97,88.05,59.5708,69776200.0
2003-04-08,88.3,88.65,87.71,88.19,59.66552,39712700.0
2003-04-09,88.36,89.1,86.77,87.03,58.8807,55647300.0
2003-04-10,87.09,87.63,85.71,87.51,59.20544,41812400.0
2003-04-11,88.16,88.7,86.86,87.15,58.96191,47730100.0
2003-04-14,87.47,89.0,87.0,88.95,60.17971,36711700.0
2003-04-15,88.84,89.78,88.42,89.78,60.74123,49709800.0
2003-04-16,89.91,90.06,88.03,88.25,59.70611,51788000.0
2003-04-17,88.3,89.72,88.19,89.56,60.59239,37403100.0
2003-04-21,89.86,90.16,89.06,89.65,60.65331,32052700.0
2003-04-22,89.1,91.56,88.89,91.34,61.79667,59763600.0
2003-04-23,91.62,92.35,91.24,92.18,62.36497,44227100.0
2003-04-24,91.53,92.08,90.96,91.36,61.81017,49692400.0
2003-04-25,91.3,91.47,90.02,90.23,61.04568,43917200.0
2003-04-28,90.44,92.19,90.3,91.79,62.10112,46432900.0
2003-04-29,92.14,92.8,91.4,92.11,62.31761,52017100.0
2003-04-30,91.91,92.57,91.41,91.91,62.18229,48709100.0
2003-05-01,91.92,92.73,90.5,91.9,62.17554,50240400.0
2003-05-02,91.56,93.47,91.49,93.21,63.0618,50201500.0
2003-05-05,93.47,93.78,92.5,93.03,62.94006,35437800.0
2003-05-06,93.04,94.38,93.0,93.91,63.53539,44401000.0
2003-05-07,93.42,94.14,92.97,93.39,63.18359,41413100.0
2003-05-08,92.52,93.33,92.28,92.45,62.54764,40570700.0
2003-05-09,92.83,93.8,92.61,93.73,63.41364,33608100.0
2003-05-12,93.5,95.12,93.28,94.88,64.19169,35662300.0
2003-05-13,94.53,95.18,94.26,94.71,64.07668,39253600.0
2003-05-14,95.09,95.24,93.91,94.51,63.94133,32195100.0
2003-05-15,94.89,95.33,94.25,95.11,64.34729,43879200.0
2003-05-16,94.89,95.45,94.26,94.87,64.18489,38905000.0
2003-05-19,94.15,94.42,92.33,92.65,62.68295,41606000.0
2003-05-20,92.82,93.03,91.59,92.46,62.55439,55404600.0
2003-05-21,92.11,92.88,91.91,92.65,62.68295,49333800.0
2003-05-22,92.95,94.05,92.68,93.57,63.30537,38421800.0
2003-05-23,93.53,93.98,93.14,93.76,63.43396,26155900.0
2003-05-27,93.3,95.84,93.07,95.4,64.54347,43719200.0
2003-05-28,95.85,96.47,95.43,95.67,64.72616,37727100.0
2003-05-29,95.88,96.82,95.08,95.42,64.55703,50844200.0
2003-05-30,95.9,97.09,95.56,96.95,65.59212,52529500.0
2003-06-02,97.53,98.45,96.67,97.35,65.86277,50305500.0
2003-06-03,97.15,97.84,96.85,97.75,66.13339,38254500.0
2003-06-04,97.66,99.35,97.57,99.16,67.08732,49360700.0
2003-06-05,98.58,99.65,98.27,99.65,67.41883,46262400.0
2003-06-06,100.4,101.4,99.13,99.26,67.15499,60356800.0
2003-06-09,98.77,99.1,97.77,98.25,66.47166,37808500.0
2003-06-10,98.46,99.26,98.19,99.25,67.14823,29965900.0
2003-06-11,99.16,100.39,98.71,100.3,67.8586,37610200.0
2003-06-12,100.75,100.9,99.62,100.61,68.06831,36442000.0
2003-06-13,100.61,100.75,98.95,99.56,67.35797,48628300.0
2003-06-16,99.96,101.7,99.8,101.66,68.7787,36326300.0
2003-06-17,102.07,102.18,101.23,101.66,68.7787,36801800.0
2003-06-18,101.29,102.14,101.0,101.57,68.71784,35521000.0
2003-06-19,101.64,101.73,99.84,100.02,67.66917,43551700.0
2003-06-20,100.39,100.5,99.42,99.44,67.51978,41545000.0
2003-06-23,99.45,99.66,97.92,98.42,66.8272,34237500.0
2003-06-24,98.22,99.09,98.02,98.52,66.89512,36213600.0
2003-06-25,98.53,99.44,97.53,97.53,66.22291,47743400.0
2003-06-26,97.78,98.98,96.96,98.8,67.08524,33477300.0
2003-06-27,98.75,99.19,97.58,97.66,66.3112,54208800.0
2003-06-30,98.22,98.67,97.47,97.63,66.2908,33349000.0
2003-07-01,97.25,98.85,96.43,98.53,66.90192,51322800.0
2003-07-02,98.77,99.79,98.57,99.77,67.74384,34662100.0
2003-07-03,99.07,99.85,97.9,98.74,67.04453,30792800.0
2003-07-07,99.65,100.9,99.65,100.7,68.37531,31391100.0
2003-07-08,100.5,101.29,100.17,101.15,68.68089,30952500.0
2003-07-09,100.92,101.4,100.03,100.58,68.29384,36528500.0
2003-07-10,99.84,100.04,98.63,99.3,67.42474,49777700.0
2003-07-11,99.39,100.45,99.39,100.24,68.06297,39976300.0
2003-07-14,101.2,101.9,100.45,100.73,68.39571,42114900.0
2003-07-15,101.38,101.46,99.95,100.51,68.24632,42573600.0
2003-07-16,100.81,100.87,99.23,99.92,67.84571,39894200.0
2003-07-17,99.15,99.88,98.16,98.5,66.88153,52253500.0
2003-07-18,99.02,99.8,98.46,99.51,67.56731,35698100.0
2003-07-21,99.45,99.49,97.85,98.28,66.73215,34786000.0
2003-07-22,98.69,99.41,97.92,99.17,67.3365,49968300.0
2003-07-23,99.21,99.45,98.28,99.24,67.384,37275400.0
2003-07-24,99.99,100.34,98.37,98.49,66.87473,40896200.0
2003-07-25,98.66,100.29,98.04,100.23,68.0562,43241100.0
2003-07-28,100.37,100.98,99.67,99.86,67.80495,34382800.0
2003-07-29,100.14,100.26,98.68,99.4,67.49262,53472100.0
2003-07-30,99.6,99.75,98.93,99.16,67.32967,28363300.0
2003-07-31,99.98,100.91,99.17,99.39,67.48584,54937200.0
2003-08-01,99.19,99.53,98.24,98.51,66.88834,49321000.0
2003-08-04,98.31,99.0,97.0,98.51,66.88834,55214100.0
2003-08-05,98.41,98.76,96.34,96.42,65.46918,61415600.0
2003-08-06,96.69,98.06,96.42,96.98,65.84945,50096900.0
2003-08-07,97.17,98.07,96.76,98.0,66.54202,43427400.0
2003-08-08,98.32,98.55,97.76,98.28,66.73215,27357300.0
2003-08-11,98.26,99.04,97.84,98.65,66.98338,34631400.0
2003-08-12,98.71,99.59,98.42,99.55,67.59447,43285600.0
2003-08-13,99.82,99.85,98.53,99.04,67.24815,36152000.0
2003-08-14,99.1,99.75,98.45,99.31,67.43152,35525100.0
2003-08-15,99.36,99.79,99.12,99.62,67.64201,12567000.0
2003-08-18,99.93,100.6,99.74,100.48,68.22595,22873800.0
2003-08-19,100.69,100.94,100.0,100.86,68.48396,37437700.0
2003-08-20,100.29,100.89,100.16,100.45,68.20557,21295300.0
2003-08-21,101.05,101.52,100.4,100.77,68.42284,46494200.0
2003-08-22,101.75,101.82,99.73,99.77,67.74384,52040300.0
2003-08-25,99.71,100.83,99.28,99.93,67.85249,23473000.0
2003-08-26,99.5,100.39,98.83,100.11,67.97473,45065800.0
2003-08-27,100.05,100.36,99.57,100.14,67.99506,18919500.0
2003-08-28,100.4,101.0,99.66,100.76,68.41608,27402400.0
2003-08-29,100.61,101.48,100.48,101.44,68.87778,28706600.0
2003-09-02,101.64,102.88,101.05,102.8,69.80122,49419100.0
2003-09-03,103.03,103.7,102.78,103.36,70.18148,44912400.0
2003-09-04,103.1,103.55,102.76,103.41,70.21538,28381000.0
2003-09-05,102.94,103.55,102.4,102.83,69.82159,31637300.0
2003-09-08,103.04,103.88,102.93,103.68,70.39877,32632800.0
2003-09-09,103.37,103.46,102.68,103.0,69.93704,35053200.0
2003-09-10,102.53,102.8,101.55,101.96,69.23087,45904900.0
2003-09-11,102.1,102.76,101.84,102.26,69.43459,38396300.0
2003-09-12,101.91,102.64,101.35,102.45,69.56362,42524800.0
2003-09-15,102.52,102.63,101.95,102.09,69.31915,21312800.0
2003-09-16,102.23,103.64,102.17,103.58,70.33083,37892600.0
2003-09-17,103.48,103.79,103.05,103.38,70.19506,31885800.0
2003-09-18,103.4,104.7,103.17,104.6,71.02342,30243600.0
2003-09-19,104.27,104.6,103.4,103.67,70.66219,34331600.0
2003-09-22,102.85,102.96,102.03,102.55,69.89878,36677400.0
2003-09-23,102.59,103.29,102.36,102.94,70.1646,32489200.0
2003-09-24,103.12,103.22,101.07,101.11,68.9173,41694700.0
2003-09-25,101.41,101.88,100.2,100.28,68.35153,52673100.0
2003-09-26,100.44,100.66,99.85,99.95,68.12659,42914700.0
2003-09-29,100.3,100.99,99.79,100.93,68.7946,36771600.0
2003-09-30,100.48,100.76,99.25,99.95,68.12659,70764500.0
2003-10-01,100.24,102.18,100.2,102.08,69.57841,65797600.0
2003-10-02,101.93,102.56,101.63,102.45,69.83065,44591500.0
2003-10-03,103.67,104.28,103.08,103.39,70.47133,48806900.0
2003-10-06,103.48,103.99,103.2,103.86,70.79169,20226500.0
2003-10-07,103.26,104.31,102.91,104.26,71.06435,42602900.0
2003-10-08,104.33,104.39,103.41,104.0,70.88711,30920800.0
2003-10-09,104.88,105.22,103.83,104.28,71.07797,40066500.0
2003-10-10,104.27,104.6,103.91,104.57,71.27565,22682800.0
2003-10-13,104.71,105.29,104.51,104.9,71.50055,23825600.0
2003-10-14,104.8,105.43,104.36,105.27,71.75274,38484400.0
2003-10-15,105.86,105.89,104.64,104.99,71.5619,39021700.0
2003-10-16,104.68,105.73,104.65,105.41,71.84821,32772200.0
2003-10-17,105.47,105.63,103.98,104.26,71.06435,32790300.0
2003-10-20,104.45,105.04,103.94,105.04,71.59599,27657000.0
2003-10-21,104.82,105.28,104.32,104.86,71.47328,26729100.0
2003-10-22,104.03,104.19,103.19,103.54,70.57357,33914500.0
2003-10-23,102.89,103.95,102.84,103.35,70.44407,45830500.0
2003-10-24,102.83,103.58,102.18,103.58,70.60081,51723600.0
2003-10-27,103.74,104.18,103.27,103.63,70.63495,32460200.0
2003-10-28,103.98,105.15,103.82,105.04,71.59599,34956200.0
2003-10-29,104.77,105.43,103.87,105.18,71.69142,30955400.0
2003-10-30,105.79,105.97,104.8,105.4,71.84137,39123100.0
2003-10-31,105.4,105.74,105.22,105.3,71.77318,25761600.0
2003-11-03,105.75,106.61,105.71,105.99,72.24352,37589300.0
2003-11-04,105.99,106.27,105.58,105.76,72.08673,31421600.0
2003-11-05,105.49,105.97,104.9,105.84,72.14128,33558800.0
2003-11-06,105.6,106.44,105.1,106.4,72.52295,28392300.0
2003-11-07,106.64,106.72,105.57,105.61,71.98453,31723200.0
2003-11-10,105.74,105.84,105.01,105.18,71.69142,25530800.0
2003-11-11,105.09,105.33,104.8,105.15,71.67097,26558600.0
2003-11-12,105.23,106.47,105.16,106.33,72.47527,28000000.0
2003-11-13,106.01,106.54,105.78,106.36,72.49568,29714800.0
2003-11-14,106.4,106.95,105.29,105.46,71.88224,49158500.0
2003-11-17,104.91,105.14,104.04,104.93,71.52101,44382100.0
2003-11-18,105.24,105.45,103.7,103.84,70.77808,41155000.0
2003-11-19,104.03,105.01,103.92,104.72,71.37788,29827000.0
2003-11-20,104.0,105.24,103.75,103.78,70.73717,53578700.0
2003-11-21,104.24,104.33,103.62,104.21,71.03029,30016000.0
2003-11-24,104.69,105.78,104.68,105.59,71.97086,28906400.0
2003-11-25,105.73,106.42,105.45,105.99,72.24352,37580000.0
2003-11-26,106.42,106.45,105.39,106.37,72.50253,33053600.0
2003-11-28,106.28,106.66,106.2,106.45,72.55705,10507500.0
2003-12-01,106.85,107.68,106.8,107.6,73.34091,38699000.0
2003-12-02,107.38,107.77,107.07,107.33,73.1569,35352000.0
2003-12-03,107.65,108.08,107.07,107.16,73.04098,39078600.0
2003-12-04,107.17,107.72,106.94,107.6,73.34091,36089500.0
2003-12-05,107.12,107.8,106.62,106.85,72.82967,28824400.0
2003-12-08,106.74,107.64,106.68,107.57,73.32046,32482900.0
2003-12-09,107.9,107.93,106.54,106.74,72.75468,43596100.0
2003-12-10,106.77,106.98,105.96,106.73,72.7479,36915400.0
2003-12-11,106.68,108.1,106.67,107.93,73.56583,45304000.0
2003-12-12,107.97,108.2,107.39,108.14,73.70895,34142200.0
2003-12-15,109.17,109.23,107.48,107.6,73.34091,38693400.0
2003-12-16,107.68,108.5,107.52,108.16,73.72259,32894200.0
2003-12-17,108.06,108.5,107.8,108.5,73.95435,23198800.0
2003-12-18,108.55,109.73,108.39,109.72,74.7859,29353100.0
2003-12-19,109.3,109.37,108.58,108.9,74.57774,41465100.0
2003-12-22,108.79,109.66,108.78,109.66,75.09817,27611300.0
2003-12-23,109.48,109.95,109.38,109.73,75.14615,24741200.0
2003-12-24,109.52,109.88,109.43,109.62,75.07081,8055800.0
2003-12-26,109.71,110.08,109.63,109.7,75.12556,8308400.0
2003-12-29,110.1,111.27,109.78,111.16,76.12542,22483700.0
2003-12-30,111.09,111.27,110.85,111.18,76.13913,19559500.0
2003-12-31,111.22,111.52,110.84,111.28,76.20763,31501800.0
2004-01-02,111.74,112.19,110.73,111.23,76.17339,38072300.0
2004-01-05,111.69,112.52,111.59,112.44,77.00201,27959800.0
2004-01-06,112.16,112.73,112.0,112.55,77.07735,20472800.0
2004-01-07,112.39,113.06,111.89,112.93,77.33756,30170400.0
2004-01-08,113.25,113.41,112.77,113.38,77.64574,36438400.0
2004-01-09,112.83,113.5,112.27,112.39,76.9678,54084300.0
2004-01-12,112.55,113.25,112.36,113.22,77.53615,31564100.0
2004-01-13,113.09,113.23,111.76,112.56,77.0842,54239700.0
2004-01-14,112.76,113.66,112.67,113.5,77.72793,30112800.0
2004-01-15,113.57,114.06,112.58,113.78,77.91967,38408700.0
2004-01-16,114.04,114.31,113.63,114.23,78.22783,31922700.0
2004-01-20,114.53,114.65,113.82,114.2,78.20728,29863000.0
2004-01-21,114.13,115.3,113.72,115.1,78.82365,30725000.0
2004-01-22,115.14,115.38,114.58,114.8,78.61819,29888500.0
2004-01-23,115.0,115.37,113.95,114.43,78.3648,44245300.0
2004-01-26,114.39,115.93,114.38,115.87,79.35095,30460600.0
2004-01-27,115.75,116.5,114.65,114.68,78.53602,35322800.0
2004-01-28,114.98,115.28,112.94,113.37,77.63888,52621300.0
2004-01-29,113.56,113.85,112.56,113.48,77.7142,60117100.0
2004-01-30,113.52,113.72,113.09,113.48,77.7142,30984400.0
2004-02-02,113.7,114.68,113.12,113.97,78.0498,38832400.0
2004-02-03,113.74,114.14,113.44,113.78,77.91967,25093500.0
2004-02-04,113.19,113.73,112.79,112.85,77.28277,39332600.0
2004-02-05,113.17,113.54,112.78,113.18,77.50877,37226800.0
2004-02-06,113.42,114.7,113.2,114.45,78.37851,37216000.0
2004-02-09,114.67,114.87,114.29,114.48,78.39907,24851300.0
2004-02-10,114.28,115.14,114.26,114.85,78.65243,27908100.0
2004-02-11,114.85,116.39,114.17,116.07,79.48794,42965700.0
2004-02-12,115.97,116.27,115.58,115.65,79.20031,27814700.0
2004-02-13,115.82,116.2,114.75,115.13,78.84415,44739900.0
2004-02-17,115.85,116.43,115.77,116.17,79.5564,23984300.0
2004-02-18,116.2,116.6,115.35,115.66,79.20716,28618000.0
2004-02-19,116.33,116.39,115.06,115.23,78.91268,51146200.0
2004-02-20,115.48,115.56,114.32,114.88,78.67296,46728800.0
2004-02-23,115.22,115.26,114.17,114.59,78.47441,36357000.0
2004-02-24,114.27,114.99,113.03,114.39,78.33743,43953000.0
2004-02-25,114.46,115.06,114.32,114.87,78.66615,31213600.0
2004-02-26,114.61,115.29,114.34,114.94,78.71409,29683000.0
2004-02-27,115.19,115.74,114.63,115.02,78.76886,39312000.0
2004-03-01,115.43,116.34,115.25,116.16,79.54956,33130800.0
2004-03-02,115.94,116.97,115.23,115.48,79.08387,38556400.0
2004-03-03,115.25,115.87,114.92,115.69,79.22771,31346200.0
2004-03-04,115.72,116.1,115.52,115.99,79.43317,21060000.0
2004-03-05,115.42,116.95,115.28,116.38,79.7002,55905600.0
2004-03-08,116.34,116.62,114.91,114.96,78.72779,39281600.0
2004-03-09,115.1,115.21,114.24,114.5,78.41275,39746100.0
2004-03-10,114.72,114.77,112.56,112.58,77.0979,67671800.0
2004-03-11,112.4,113.27,111.1,111.12,76.09804,89134800.0
2004-03-12,111.73,112.71,111.58,112.58,77.0979,54012200.0
2004-03-15,112.27,112.35,110.9,111.2,76.15282,57677200.0
2004-03-16,111.78,112.06,110.84,111.79,76.55685,59832600.0
2004-03-17,112.18,113.26,112.1,113.04,77.41293,41607300.0
2004-03-18,112.7,113.27,111.93,113.07,77.43346,60014300.0
2004-03-19,112.41,112.57,111.04,111.06,76.32356,48636200.0
2004-03-22,110.54,110.57,109.1,109.65,75.35458,62752100.0
2004-03-23,110.25,110.4,109.36,109.46,75.22397,54080200.0
2004-03-24,109.58,110.14,108.85,109.55,75.2859,51584300.0
2004-03-25,110.08,111.3,109.79,111.0,76.28234,49873600.0
2004-03-26,110.96,111.79,110.8,111.03,76.30293,37409500.0
2004-03-29,111.63,112.74,111.58,112.59,77.37503,44113600.0
2004-03-30,112.3,113.07,112.22,112.97,77.63618,39059900.0
2004-03-31,112.99,113.4,112.38,113.1,77.72551,48517600.0
2004-04-01,113.07,113.87,113.05,113.78,78.19283,45103800.0
2004-04-02,114.81,114.84,113.9,114.64,78.78386,50987700.0
2004-04-05,114.46,115.38,114.44,115.27,79.2168,30251800.0
2004-04-06,114.83,115.18,114.62,114.9,78.96253,28420900.0
2004-04-07,114.95,114.98,114.11,114.63,78.77696,45890500.0
2004-04-08,115.41,115.41,113.74,114.37,78.59833,46929700.0
2004-04-12,114.58,115.08,114.57,114.82,78.90756,23085200.0
2004-04-13,115.26,115.3,113.02,113.21,77.80111,56210300.0
2004-04-14,112.61,113.64,112.55,113.39,77.92482,62322300.0
2004-04-15,113.45,113.78,112.36,112.96,77.62928,61602500.0
2004-04-16,113.38,114.05,112.98,113.83,78.22721,47059200.0
2004-04-19,113.55,113.99,113.27,113.83,78.22721,28277600.0
2004-04-20,114.08,114.32,111.78,111.92,76.91458,53299400.0
2004-04-21,112.2,112.95,111.87,112.67,77.43002,50177300.0
2004-04-22,112.48,114.67,112.44,114.25,78.51583,62071500.0
2004-04-23,114.42,114.57,113.79,114.36,78.59144,29395700.0
2004-04-26,114.5,114.94,113.6,114.2,78.48145,35515200.0
2004-04-27,114.23,115.12,113.96,114.3,78.55016,43485500.0
2004-04-28,113.89,114.01,112.5,112.82,77.5331,50165800.0
2004-04-29,112.72,113.32,111.16,111.83,76.85275,69687600.0
2004-04-30,112.17,112.38,110.9,110.96,76.25488,48681400.0
2004-05-03,111.37,112.29,111.35,112.15,77.07263,33758000.0
2004-05-04,112.25,113.26,111.66,112.06,77.01083,51185100.0
2004-05-05,112.41,112.96,112.16,112.78,77.50559,34405000.0
2004-05-06,112.02,112.59,111.0,111.81,76.83901,54997000.0
2004-05-07,111.22,112.23,109.96,109.96,75.56764,60950000.0
2004-05-10,109.44,109.75,108.36,108.83,74.79108,75279400.0
2004-05-11,109.46,110.05,109.33,109.75,75.42336,48300600.0
2004-05-12,109.57,110.54,108.06,110.45,75.90437,90830500.0
2004-05-13,109.76,110.81,109.63,109.99,75.58825,57393700.0
2004-05-14,109.95,110.74,109.27,110.04,75.62261,54123100.0
2004-05-17,108.89,109.5,108.41,109.1,74.97661,55020400.0
2004-05-18,109.49,109.94,109.33,109.65,75.35458,30193100.0
2004-05-19,110.5,111.18,109.15,109.27,75.09341,54804100.0
2004-05-20,109.45,109.87,109.04,109.62,75.33399,38082900.0
2004-05-21,109.97,110.55,109.47,109.81,75.46457,47480400.0
2004-05-24,110.53,110.76,109.68,110.27,75.78067,40961500.0
2004-05-25,109.9,111.98,109.6,111.85,76.86646,48668000.0
2004-05-26,111.66,112.29,111.51,112.24,77.13452,35977000.0
2004-05-27,112.54,113.03,112.06,112.87,77.56744,45306900.0
2004-05-28,112.73,112.88,112.36,112.86,77.56056,23367200.0
2004-06-01,112.46,112.86,111.87,112.71,77.4575,41044700.0
2004-06-02,113.03,113.48,112.46,113.13,77.74613,39774200.0
2004-06-03,112.81,113.19,112.07,112.09,77.03143,38688300.0
2004-06-04,112.98,113.58,112.71,112.98,77.64304,32739500.0
2004-06-07,113.43,114.81,113.42,114.7,78.8251,31643800.0
2004-06-08,114.37,114.92,114.17,114.86,78.93503,32846500.0
2004-06-09,114.51,114.7,113.72,113.79,78.19972,36737600.0
2004-06-10,114.04,114.35,113.93,114.35,78.58458,21711000.0
2004-06-14,113.82,113.85,112.87,113.22,77.80796,34633000.0
2004-06-15,113.9,114.45,113.51,114.02,78.35775,37445000.0
2004-06-16,114.0,114.2,113.7,114.0,78.34401,26633400.0
2004-06-17,113.85,114.07,113.33,113.83,78.22721,28402400.0
2004-06-18,113.27,114.22,113.18,113.63,78.3748,31799800.0
2004-06-21,113.75,114.14,113.13,113.2,78.07822,25284000.0
2004-06-22,113.13,113.88,112.67,113.77,78.47134,37334000.0
2004-06-23,113.61,114.84,113.42,114.75,79.14732,35580000.0
2004-06-24,114.56,114.93,114.26,114.39,78.89901,35272100.0
2004-06-25,114.41,114.94,113.68,113.84,78.51965,32837900.0
2004-06-28,114.52,114.61,113.41,113.45,78.25066,40824500.0
2004-06-29,113.53,114.17,113.42,113.92,78.5748,28418100.0
2004-06-30,114.07,114.79,113.65,114.53,78.99556,52230600.0
2004-07-01,114.25,114.4,112.58,112.94,77.89887,57734700.0
2004-07-02,113.16,113.29,112.6,112.88,77.85751,34615100.0
2004-07-06,112.37,112.45,111.63,111.89,77.17464,38698200.0
2004-07-07,111.81,112.57,111.75,112.22,77.40228,29839800.0
2004-07-08,111.81,112.32,111.2,111.44,76.86427,45291100.0
2004-07-09,111.72,111.94,111.38,111.73,77.06431,27412900.0
2004-07-12,111.52,112.04,111.0,111.78,77.09878,35691300.0
2004-07-13,111.92,112.02,111.6,111.86,77.15396,26752000.0
2004-07-14,111.26,112.39,111.12,111.52,76.91945,54089400.0
2004-07-15,111.74,111.91,110.7,110.8,76.42284,38403500.0
2004-07-16,111.57,111.67,110.44,110.71,76.36079,40871200.0
2004-07-19,110.75,110.96,109.99,110.24,76.03658,39592800.0
2004-07-20,110.53,111.9,110.25,111.64,77.00224,46679800.0
2004-07-21,111.82,112.06,109.45,109.58,75.58137,56241100.0
2004-07-22,109.36,110.39,108.77,109.88,75.78828,72477100.0
2004-07-23,109.62,109.71,108.69,108.96,75.15375,49610500.0
2004-07-26,109.19,109.43,108.21,108.75,75.0089,49679100.0
2004-07-27,109.05,110.11,108.97,109.77,75.71241,51295100.0
2004-07-28,109.55,110.37,108.59,110.1,75.94002,65862300.0
2004-07-29,110.54,110.87,110.0,110.57,76.26421,52200500.0
2004-07-30,110.32,110.9,110.1,110.84,76.45042,41581700.0
2004-08-02,110.19,111.36,110.05,111.07,76.60905,38263100.0
2004-08-03,110.93,111.06,110.16,110.21,76.01591,40948800.0
2004-08-04,109.89,110.75,109.64,110.2,76.00903,40763200.0
2004-08-05,110.29,110.38,108.27,108.4,74.76749,50772000.0
2004-08-06,107.63,107.96,106.62,106.85,73.69838,74729000.0
2004-08-09,107.02,107.48,106.87,107.0,73.80183,37476300.0
2004-08-10,107.31,108.41,107.26,108.38,74.75366,55870600.0
2004-08-11,107.68,108.33,107.1,108.16,74.60196,52933200.0
2004-08-12,107.68,107.95,106.63,106.98,73.78804,50015900.0
2004-08-13,107.1,107.35,106.59,107.19,73.93291,41634700.0
2004-08-16,107.14,108.64,107.1,108.3,74.69851,45731900.0
2004-08-17,108.75,109.28,108.53,108.91,75.11925,40701600.0
2004-08-18,108.52,110.17,108.49,110.03,75.89175,43165400.0
2004-08-19,109.81,110.02,109.18,109.71,75.67102,39881600.0
2004-08-20,109.61,110.63,109.51,110.48,76.20213,44870900.0
2004-08-23,110.55,110.77,110.05,110.2,76.00903,33745100.0
2004-08-24,110.64,110.73,109.85,110.35,76.11247,30453100.0
2004-08-25,110.33,111.27,109.9,111.1,76.62974,38551400.0
2004-08-26,110.96,111.31,110.85,111.1,76.62974,26629500.0
2004-08-27,111.2,111.63,111.05,111.45,76.87118,24902900.0
2004-08-30,111.22,111.34,110.45,110.53,76.23663,26726500.0
2004-08-31,110.66,111.16,110.1,111.11,76.63667,44125300.0
2004-09-01,110.95,111.64,110.48,111.32,76.78152,52778300.0
2004-09-02,111.24,112.7,111.24,112.58,77.6506,42736600.0
2004-09-03,112.33,112.82,112.01,112.12,77.33333,30480500.0
2004-09-07,112.54,113.13,112.32,112.86,77.84371,37338800.0
2004-09-08,112.62,113.06,112.31,112.58,77.6506,32963100.0
2004-09-09,112.57,112.88,112.03,112.48,77.5816,34314800.0
2004-09-10,112.52,113.27,112.08,113.06,77.98164,27900600.0
2004-09-13,113.31,113.74,113.01,113.43,78.23685,44398100.0
2004-09-14,113.3,113.69,113.19,113.66,78.39552,28048900.0
2004-09-15,113.3,113.36,112.68,112.8,77.80232,38295000.0
2004-09-16,112.85,113.37,112.8,113.14,78.03683,23911700.0
2004-09-17,112.95,113.36,112.69,113.15,78.36857,33683000.0
2004-09-20,112.67,112.99,112.28,112.47,77.89761,37149400.0
2004-09-21,112.75,113.47,112.54,112.96,78.23699,40920800.0
2004-09-22,112.5,112.52,111.47,111.55,77.26041,49042100.0
2004-09-23,111.6,111.7,110.95,110.95,76.84485,44068700.0
2004-09-24,111.17,111.73,111.13,111.46,77.19806,34981100.0
2004-09-27,111.1,111.2,110.58,110.75,76.70633,39355100.0
2004-09-28,110.91,111.51,110.41,111.28,77.07343,41662900.0
2004-09-29,111.21,111.85,111.0,111.84,77.46127,33325700.0
2004-09-30,111.55,111.98,111.26,111.76,77.40587,43536700.0
2004-10-01,112.26,113.65,112.21,113.65,78.7149,62824300.0
2004-10-04,114.1,114.44,113.8,113.84,78.8465,33082400.0
2004-10-05,113.85,114.16,113.54,113.9,78.88801,36910600.0
2004-10-06,113.77,114.68,113.68,114.68,79.42825,42297800.0
2004-10-07,114.38,114.4,113.36,113.45,78.57636,39388800.0
2004-10-08,113.15,113.77,112.35,112.51,77.92534,51872600.0
2004-10-11,112.78,113.02,112.64,112.97,78.24392,20229100.0
2004-10-12,112.2,112.83,111.94,112.53,77.93917,41754700.0
2004-10-13,113.0,113.07,111.32,111.54,77.25349,54212600.0
2004-10-14,111.68,111.93,110.58,110.64,76.63013,64082200.0
2004-10-15,111.02,111.74,110.57,111.26,77.05956,63482200.0
2004-10-18,110.89,111.9,110.7,111.68,77.35046,43535100.0
2004-10-19,112.02,112.23,110.59,110.74,76.69942,55851900.0
2004-10-20,110.38,110.82,109.75,110.52,76.54703,57118500.0
2004-10-21,110.79,111.32,110.21,111.24,77.04572,53218300.0
2004-10-22,111.19,111.25,109.86,109.99,76.17995,48752400.0
2004-10-25,109.75,110.12,109.35,109.86,76.0899,43990900.0
2004-10-26,110.13,111.6,109.88,111.54,77.25349,54337400.0
2004-10-27,111.38,113.1,111.12,112.88,78.18158,73896000.0
2004-10-28,112.78,113.56,112.49,113.22,78.41704,54413300.0
2004-10-29,113.12,113.64,112.9,113.2,78.40324,48820200.0
2004-11-01,113.56,113.84,113.2,113.51,78.61792,36720900.0
2004-11-02,113.67,114.57,113.22,113.55,78.64562,56210000.0
2004-11-03,115.03,115.36,114.24,114.98,79.63605,76960200.0
2004-11-04,114.78,116.67,114.68,116.55,80.72347,55350300.0
2004-11-05,117.05,117.64,116.49,117.28,81.22906,63287200.0
2004-11-08,116.98,117.23,116.72,117.11,81.11134,33863800.0
2004-11-09,117.08,117.5,116.76,116.88,80.95205,44658100.0
2004-11-10,117.06,117.55,116.76,116.97,81.01435,45265400.0
2004-11-11,117.18,118.12,117.1,117.86,81.63078,37863200.0
2004-11-12,117.97,119.0,117.68,118.79,82.27491,55583700.0
2004-11-15,118.5,118.77,118.23,118.73,82.47704,35297900.0
2004-11-16,118.36,118.41,117.73,117.88,81.88656,40028700.0
2004-11-17,118.37,119.14,118.07,118.58,82.37285,54494000.0
2004-11-18,118.53,118.8,118.23,118.74,82.48399,31854300.0
2004-11-19,118.7,118.72,117.14,117.42,81.56704,54276500.0
2004-11-22,117.17,118.12,117.03,117.98,81.95605,37560200.0
2004-11-23,117.93,118.26,117.37,118.16,82.08109,41968800.0
2004-11-24,118.27,118.59,118.05,118.44,82.27558,29724800.0
2004-11-26,118.51,118.98,118.3,118.35,82.21304,15487700.0
2004-11-29,118.79,119.01,117.48,117.81,81.83797,61460800.0
2004-11-30,118.0,118.24,117.64,117.89,81.89354,53685200.0
2004-12-01,118.16,119.5,118.1,119.23,82.82439,49898300.0
2004-12-02,119.1,119.87,119.01,119.33,82.89384,60163500.0
2004-12-03,119.31,120.14,119.09,119.25,82.83825,49067900.0
2004-12-06,119.21,119.64,118.84,119.21,82.81051,33030500.0
2004-12-07,119.49,119.62,118.04,118.1,82.0394,52047200.0
2004-12-08,118.21,118.82,118.01,118.79,82.51873,43895100.0
2004-12-09,118.14,119.46,117.73,119.21,82.81051,60922800.0
2004-12-10,118.92,119.56,118.85,119.33,82.89384,47828600.0
2004-12-13,119.76,120.4,119.35,120.37,83.6163,38541000.0
2004-12-14,120.18,120.96,120.18,120.79,83.90804,41500700.0
2004-12-15,120.7,121.11,120.31,120.88,83.97056,46699200.0
2004-12-16,120.72,121.24,120.04,120.81,83.92192,51641800.0
2004-12-17,119.46,119.97,119.16,119.44,83.36217,70761900.0
2004-12-20,119.75,120.29,119.17,119.47,83.38316,47187400.0
2004-12-21,119.6,120.48,119.46,120.39,84.02525,33094200.0
2004-12-22,120.38,121.08,120.3,120.68,84.22764,31500700.0
2004-12-23,120.87,121.28,120.66,120.77,84.29043,25646100.0
2004-12-27,121.2,121.36,120.39,120.52,84.11598,29944100.0
2004-12-28,120.64,121.33,120.6,121.18,84.57661,23422900.0
2004-12-29,121.08,121.4,120.95,121.36,84.70224,22650600.0
2004-12-30,121.4,121.57,121.04,121.13,84.54173,21076900.0
2004-12-31,121.3,121.66,120.8,120.87,84.36024,28648800.0
2005-01-03,121.56,121.76,119.9,120.3,83.96244,55748000.0
2005-01-04,120.46,120.54,118.44,118.83,82.93645,69167600.0
2005-01-05,118.74,119.25,118.0,118.01,82.36414,65667300.0
2005-01-06,118.44,119.15,118.26,118.61,82.78293,47814700.0
2005-01-07,118.97,119.23,118.13,118.44,82.66424,55847700.0
2005-01-10,118.34,119.46,118.34,119.0,83.05507,56563300.0
2005-01-11,118.64,118.74,117.99,118.18,82.48283,63099700.0
2005-01-12,118.4,118.84,117.52,118.57,82.75499,72720500.0
2005-01-13,118.64,118.73,117.5,117.62,82.09194,55537500.0
2005-01-14,117.97,118.53,117.76,118.24,82.52468,42032500.0
2005-01-18,118.05,119.62,117.95,119.47,83.38316,57391700.0
2005-01-19,119.43,119.52,118.21,118.22,82.5107,54378900.0
2005-01-20,117.89,118.2,117.29,117.5,82.00817,72049300.0
2005-01-21,117.79,118.0,116.65,116.78,81.50566,63160400.0
2005-01-24,117.09,117.34,116.37,116.55,81.34518,58441900.0
2005-01-25,116.91,117.47,116.72,116.88,81.57548,68245000.0
2005-01-26,117.32,117.6,117.04,117.23,81.81974,57195100.0
2005-01-27,117.19,117.75,116.98,117.43,81.95933,55878800.0
2005-01-28,117.49,117.55,116.61,117.43,81.95933,60738900.0
2005-01-31,117.95,118.25,117.71,118.16,82.46884,52532700.0
2005-02-01,118.25,119.08,118.1,118.91,82.9923,49841200.0
2005-02-02,119.06,119.59,118.9,119.27,83.24354,52468900.0
2005-02-03,119.06,119.16,118.57,118.96,83.02717,48837100.0
2005-02-04,119.0,120.43,118.98,120.23,83.91359,50024600.0
2005-02-07,120.25,120.52,119.96,120.07,83.80187,45412000.0
2005-02-08,120.17,120.65,120.07,120.21,83.8996,39263500.0
2005-02-09,120.42,120.49,119.25,119.31,83.27145,55279400.0
2005-02-10,119.66,120.02,119.26,119.74,83.57156,45858600.0
2005-02-11,119.7,121.04,119.46,120.77,84.29043,53133000.0
2005-02-14,120.69,120.86,120.48,120.68,84.22764,32432100.0
2005-02-15,120.8,121.43,120.68,121.13,84.54173,43852700.0
2005-02-16,120.93,121.46,120.67,121.21,84.59753,55523000.0
2005-02-17,121.23,121.33,120.22,120.23,83.91359,58124000.0
2005-02-18,120.24,120.48,119.9,120.39,84.02525,47723300.0
2005-02-22,119.9,120.47,118.58,118.6,82.77593,80697600.0
2005-02-23,118.93,119.57,118.62,119.45,83.36918,68292600.0
2005-02-24,119.24,120.32,118.98,120.24,83.92054,68563600.0
2005-02-25,120.27,121.67,120.18,121.43,84.75108,60899900.0
2005-02-28,121.15,121.3,120.04,120.63,84.1927,69381300.0
2005-03-01,120.82,121.52,120.78,121.23,84.6115,47294400.0
2005-03-02,120.76,121.93,120.65,121.17,84.56964,64226500.0
2005-03-03,121.66,121.9,120.7,121.22,84.6045,61230800.0
2005-03-04,122.05,122.83,121.79,122.73,85.65841,56168500.0
2005-03-07,122.66,123.25,122.4,122.79,85.7003,43442400.0
2005-03-08,122.67,123.0,122.11,122.33,85.37923,44362000.0
2005-03-09,121.97,122.29,120.96,120.97,84.43003,73263600.0
2005-03-10,121.2,121.5,120.4,121.24,84.61851,65149000.0
2005-03-11,121.31,121.72,120.16,120.39,84.02525,57976500.0
2005-03-14,120.61,121.16,120.28,121.14,84.54868,36336400.0
2005-03-15,121.42,121.46,120.08,120.14,83.85073,62438500.0
2005-03-16,119.7,120.16,118.9,119.12,83.13886,74874200.0
2005-03-17,119.31,119.74,118.98,119.36,83.30637,62584200.0
2005-03-18,119.11,119.53,118.15,118.54,83.059,60232000.0
2005-03-21,118.71,118.78,117.76,118.1,82.75069,61244300.0
2005-03-22,118.37,118.93,116.9,116.9,81.9099,92472400.0
2005-03-23,116.95,117.72,116.75,117.0,81.97994,70817300.0
2005-03-24,117.46,117.99,117.06,117.14,82.07806,51932500.0
2005-03-28,117.42,117.94,117.31,117.31,82.19714,46765500.0
2005-03-29,117.14,117.9,116.25,116.53,81.65063,71160300.0
2005-03-30,116.78,118.2,116.77,118.18,82.80676,62002100.0
2005-03-31,118.19,118.46,117.87,117.96,82.65261,64575400.0
2005-04-01,118.63,118.99,116.91,117.43,82.28124,95255300.0
2005-04-04,117.36,117.86,116.74,117.63,82.42139,71581200.0
2005-04-05,117.78,118.38,117.67,118.19,82.81375,46853900.0
2005-04-06,118.45,118.95,118.18,118.6,83.10106,53268200.0
2005-04-07,118.41,119.26,118.32,119.24,83.54947,46734600.0
2005-04-08,119.17,119.21,118.0,118.0,82.68065,63772900.0
2005-04-11,118.29,118.42,117.83,118.09,82.74371,44945000.0
2005-04-12,117.89,119.06,117.07,118.7,83.17114,86144800.0
2005-04-13,118.56,118.8,117.13,117.3,82.19016,65949000.0
2005-04-14,117.4,117.5,115.77,115.77,81.11812,96119800.0
2005-04-15,115.74,116.2,114.1,114.15,79.98303,128677300.0
2005-04-18,114.12,114.96,113.96,114.5,80.22823,100035200.0
2005-04-19,115.1,115.53,114.83,115.41,80.86588,64930100.0
2005-04-20,115.38,115.63,113.55,113.8,79.73776,107735900.0
2005-04-21,114.79,116.21,114.38,116.01,81.28628,86952200.0
2005-04-22,115.74,116.5,114.27,115.57,80.97801,88845800.0
2005-04-25,115.86,116.5,115.72,116.33,81.51049,52284100.0
2005-04-26,115.96,116.77,115.15,115.2,80.71873,72626000.0
2005-04-27,114.86,116.07,114.44,115.65,81.03404,84131900.0
2005-04-28,115.27,115.68,114.2,114.2,80.01801,72481500.0
2005-04-29,115.07,115.87,113.97,115.75,81.10413,103993800.0
2005-05-02,116.07,116.41,115.52,116.4,81.55954,56026400.0
2005-05-03,116.07,116.85,115.69,116.6,81.6997,86000300.0
2005-05-04,116.65,117.75,116.28,117.5,82.33029,81055700.0
2005-05-05,117.67,118.0,116.74,117.46,82.30226,96906700.0
2005-05-06,117.93,117.99,117.06,117.09,82.04304,67415400.0
2005-05-09,117.21,118.08,117.05,117.82,82.55453,43750500.0
2005-05-10,117.36,117.5,116.39,116.6,81.6997,74613500.0
2005-05-11,116.93,117.4,115.85,117.24,82.14811,91647400.0
2005-05-12,117.32,117.59,115.95,115.95,81.24422,95086800.0
2005-05-13,116.3,116.62,114.8,115.72,81.08311,85267000.0
2005-05-16,115.7,116.84,115.66,116.8,81.83982,49207000.0
2005-05-17,116.41,117.7,116.16,117.58,82.38633,61071800.0
2005-05-18,118.09,119.08,118.01,118.79,83.2342,77944900.0
2005-05-19,119.02,119.41,118.7,119.29,83.58451,61768100.0
2005-05-20,119.34,119.39,118.74,119.12,83.46539,46345500.0
2005-05-23,119.21,120.04,119.19,119.78,83.92788,51047900.0
2005-05-24,119.44,119.83,119.2,119.5,83.73168,50654100.0
2005-05-25,119.35,119.87,118.83,119.41,83.66859,47608800.0
2005-05-26,119.79,120.21,119.62,120.05,84.11703,43256200.0
2005-05-27,120.06,120.25,119.8,120.25,84.25716,24596100.0
2005-05-31,120.08,120.17,119.4,119.48,83.71764,43377200.0
2005-06-01,119.52,120.92,119.45,120.5,84.43234,69611000.0
2005-06-02,120.23,120.84,120.1,120.76,84.61454,39704500.0
2005-06-03,120.55,120.89,119.73,120.15,84.18715,60999400.0
2005-06-06,119.95,120.2,119.55,120.04,84.11003,36046400.0
2005-06-07,120.39,121.25,120.01,120.13,84.17309,66501300.0
2005-06-08,120.43,120.59,119.67,119.91,84.01891,46881200.0
2005-06-09,119.74,120.58,119.44,120.48,84.41834,56653300.0
2005-06-10,120.56,120.65,119.6,120.2,84.22215,36465300.0
2005-06-13,119.94,121.08,119.81,120.58,84.48841,49383200.0
2005-06-14,120.45,121.2,120.38,120.86,84.68461,33857100.0
2005-06-15,121.16,121.24,120.23,121.09,84.84573,53195600.0
2005-06-16,121.06,121.64,120.92,121.4,85.06299,46564500.0
2005-06-17,121.54,121.9,121.22,121.36,85.37816,51529400.0
2005-06-20,121.08,121.84,120.94,121.4,85.40629,41019400.0
2005-06-21,121.5,121.65,121.03,121.47,85.45552,39879800.0
2005-06-22,121.68,121.94,121.07,121.57,85.52589,46310100.0
2005-06-23,121.32,121.6,119.83,119.86,84.32289,62185600.0
2005-06-24,119.88,120.01,118.84,118.98,83.70381,58572500.0
2005-06-27,118.97,119.41,118.75,119.15,83.82336,48183800.0
2005-06-28,119.4,120.24,119.37,120.15,84.52689,41174200.0
2005-06-29,120.37,120.4,119.76,119.83,84.30174,42316500.0
2005-06-30,120.22,120.32,118.95,119.18,83.84451,62288800.0
2005-07-01,119.45,119.8,119.21,119.53,84.09071,49737500.0
2005-07-05,119.25,120.65,119.19,120.49,84.76608,51549000.0
2005-07-06,120.39,120.65,119.41,119.48,84.05558,52363600.0
2005-07-07,118.29,119.95,118.26,119.95,84.38619,103268800.0
2005-07-08,119.97,121.32,119.72,121.32,85.35001,64491200.0
2005-07-11,121.33,122.1,121.31,121.94,85.78616,49688300.0
2005-07-12,121.99,122.63,121.64,122.26,86.01131,51871100.0
2005-07-13,122.27,122.52,121.99,122.43,86.13092,41182300.0
2005-07-14,122.98,123.44,122.49,122.91,86.46856,63638800.0
2005-07-15,122.79,123.04,122.36,122.84,86.41935,56075900.0
2005-07-18,122.5,122.63,122.05,122.35,86.07462,56598400.0
2005-07-19,122.71,123.11,122.41,123.02,86.54594,59165700.0
2005-07-20,122.59,123.73,122.3,123.44,86.84145,69477000.0
2005-07-21,123.55,123.61,122.47,122.72,86.33494,101110900.0
2005-07-22,122.88,123.56,122.63,123.54,86.91181,52607100.0
2005-07-25,123.41,123.95,122.85,123.19,86.66555,57301600.0
2005-07-26,123.23,123.53,122.95,123.34,86.77108,42758800.0
2005-07-27,123.5,123.89,123.05,123.79,87.08769,43181600.0
2005-07-28,123.96,124.64,123.64,124.57,87.63641,47880700.0
2005-07-29,124.41,124.63,123.5,123.74,87.05247,62358100.0
2005-08-01,123.83,124.04,123.45,123.65,86.9892,40418200.0
2005-08-02,123.87,124.6,123.74,124.39,87.50979,45147400.0
2005-08-03,124.25,124.74,124.12,124.72,87.74192,36837200.0
2005-08-04,124.23,124.31,123.57,123.72,87.03844,50855600.0
2005-08-05,123.45,123.98,122.67,122.88,86.44746,53595500.0
2005-08-08,123.15,123.41,122.38,122.65,86.28565,47616000.0
2005-08-09,123.06,123.59,122.87,123.39,86.80627,47170000.0
2005-08-10,123.82,124.5,122.82,123.33,86.76407,72863700.0
2005-08-11,123.27,124.03,123.01,123.82,87.10876,58570200.0
2005-08-12,123.57,123.69,122.75,123.06,86.5741,54776900.0
2005-08-15,123.22,123.87,122.83,123.82,87.10876,36208500.0
2005-08-16,123.44,123.52,122.09,122.21,85.97615,71942100.0
2005-08-17,122.19,122.87,122.03,122.2,85.96909,62275100.0
2005-08-18,122.05,122.56,121.84,122.19,85.96206,53388600.0
2005-08-19,122.63,122.82,122.2,122.47,86.15906,39842100.0
2005-08-22,122.58,123.23,121.88,122.47,86.15906,69912000.0
2005-08-23,122.5,122.61,121.15,122.24,85.99722,55168600.0
2005-08-24,121.94,122.73,121.09,121.15,85.23038,79104600.0
2005-08-25,121.35,121.67,121.21,121.59,85.53995,35631100.0
2005-08-26,121.48,121.49,120.68,120.76,84.95602,61956800.0
2005-08-29,120.41,121.78,120.38,121.69,85.61029,56179200.0
2005-08-30,121.25,121.3,120.39,121.05,85.16003,74160200.0
2005-08-31,121.19,122.66,120.74,122.58,86.23642,102945200.0
2005-09-01,122.52,123.15,121.14,122.49,86.17313,74578700.0
2005-09-02,122.85,122.88,122.04,122.27,86.01835,47653400.0
2005-09-06,122.66,123.8,122.65,123.7,87.02434,57251300.0
2005-09-07,123.63,124.13,123.46,123.91,87.1721,41749700.0
2005-09-08,123.66,124.0,123.31,123.5,86.88369,39068700.0
2005-09-09,123.83,124.74,123.8,124.6,87.65753,43093900.0
2005-09-12,124.45,124.67,124.27,124.35,87.48161,33017600.0
2005-09-13,124.13,124.42,123.52,123.66,86.99622,58427500.0
2005-09-14,123.74,123.92,123.02,123.21,86.67963,57694600.0
2005-09-15,123.59,123.65,122.9,123.15,86.63743,73156900.0
2005-09-16,123.3,123.74,122.87,123.5,87.2535,75424100.0
2005-09-19,123.47,123.55,122.64,123.09,86.96385,53355300.0
2005-09-20,123.2,123.61,121.87,122.05,86.22906,84480300.0
2005-09-21,121.79,121.87,120.78,120.91,85.42367,94469100.0
2005-09-22,120.95,121.66,120.44,121.34,85.72746,84597200.0
2005-09-23,121.24,121.89,120.9,121.44,85.79809,59368100.0
2005-09-26,122.02,122.24,121.08,121.58,85.89703,70415400.0
2005-09-27,121.52,121.99,121.02,121.55,85.87579,66150800.0
2005-09-28,121.93,122.12,121.2,121.67,85.96062,58620500.0
2005-09-29,121.55,122.86,121.08,122.66,86.66003,66607700.0
2005-09-30,122.62,123.04,121.74,123.04,86.92848,47824200.0
2005-10-03,122.96,123.34,122.45,122.6,86.61765,50994800.0
2005-10-04,122.79,123.03,121.16,121.22,85.6427,60776300.0
2005-10-05,121.25,121.31,119.57,119.63,84.51934,106052100.0
2005-10-06,119.78,120.26,118.17,119.2,84.21552,140941800.0
2005-10-07,119.7,120.05,119.13,119.61,84.50517,75661400.0
2005-10-10,119.68,119.71,118.3,118.6,83.79163,52677000.0
2005-10-11,118.99,119.39,118.32,118.43,83.67152,75629800.0
2005-10-12,118.39,119.13,117.41,117.5,83.01449,100510400.0
2005-10-13,117.46,118.08,116.88,117.43,82.96501,99052900.0
2005-10-14,118.12,118.81,117.56,118.67,83.84106,88651000.0
2005-10-17,118.8,119.27,118.45,119.11,84.15192,68109300.0
2005-10-18,118.94,118.96,117.8,117.82,83.24055,74996900.0
2005-10-19,117.5,119.8,117.12,119.78,84.62531,116563800.0
2005-10-20,119.49,119.81,117.3,117.67,83.13454,131966700.0
2005-10-21,118.29,118.78,117.51,118.13,83.45957,96579500.0
2005-10-24,118.44,120.09,118.41,119.96,84.75249,71308400.0
2005-10-25,119.72,120.24,118.94,119.72,84.5829,76594500.0
2005-10-26,119.51,120.54,119.19,119.37,84.33561,80855800.0
2005-10-27,119.2,119.37,117.93,118.1,83.43839,66623100.0
2005-10-28,118.43,119.95,118.1,119.8,84.63942,72322000.0
2005-10-31,120.29,121.3,120.13,120.13,84.87258,77698900.0
2005-11-01,120.58,120.9,120.22,120.49,85.12695,66365100.0
2005-11-02,120.17,121.75,120.13,121.75,86.01711,74012300.0
2005-11-03,122.15,122.66,121.75,122.27,86.38448,84897600.0
2005-11-04,122.4,122.46,121.55,122.11,86.27145,59156000.0
2005-11-07,122.37,122.62,121.85,122.23,86.35623,46765400.0
2005-11-08,121.93,122.42,121.79,122.23,86.35623,42152800.0
2005-11-09,122.08,122.95,121.86,122.39,86.46928,57666800.0
2005-11-10,122.34,123.52,121.75,123.34,87.14046,79048100.0
2005-11-11,123.35,123.84,122.43,123.76,87.43717,34867000.0
2005-11-14,123.79,124.02,123.38,123.69,87.38773,45092200.0
2005-11-15,123.55,124.09,122.86,123.24,87.06985,69592500.0
2005-11-16,123.37,123.55,122.98,123.49,87.24641,51133000.0
2005-11-17,123.68,124.65,123.14,124.64,88.05893,55717500.0
2005-11-18,125.06,125.28,124.33,125.13,88.40509,72437200.0
2005-11-21,125.15,125.91,124.98,125.76,88.85016,50021200.0
2005-11-22,125.56,126.52,125.42,126.3,89.23173,66438800.0
2005-11-23,126.25,127.41,126.21,127.03,89.74745,50854700.0
2005-11-25,126.98,127.22,126.81,127.13,89.81811,15270000.0
2005-11-28,127.25,127.27,126.04,126.23,89.18228,54498500.0
2005-11-29,126.65,126.98,126.09,126.09,89.08337,51738900.0
2005-11-30,126.16,126.52,125.29,125.41,88.60293,56007200.0
2005-12-01,126.02,127.03,125.98,126.69,89.50726,65468200.0
2005-12-02,126.77,127.08,126.5,126.85,89.62028,46699400.0
2005-12-05,126.7,126.73,126.18,126.58,89.42953,59273400.0
2005-12-06,127.05,127.74,126.63,126.82,89.59909,57935200.0
2005-12-07,126.77,126.87,125.68,126.08,89.07629,66816500.0
2005-12-08,126.22,126.82,125.48,126.0,89.01978,62608600.0
2005-12-09,126.16,126.78,125.82,126.33,89.2529,50744500.0
2005-12-12,126.71,126.86,125.96,126.45,89.33768,48389900.0
2005-12-13,126.42,127.7,126.29,127.31,89.94525,88630900.0
2005-12-14,127.19,128.09,127.14,127.81,90.29852,64375000.0
2005-12-15,127.84,128.0,127.18,127.44,90.03712,55900300.0
2005-12-16,127.28,127.36,126.36,126.36,89.74736,46238300.0
2005-12-19,126.73,126.87,125.69,125.71,89.28566,48733000.0
2005-12-20,125.86,126.59,125.48,125.83,89.37094,46603200.0
2005-12-21,126.22,126.76,125.8,126.03,89.51295,51806900.0
2005-12-22,126.31,126.69,126.08,126.69,89.98172,32247900.0
2005-12-23,126.78,126.86,126.42,126.76,90.03146,27977300.0
2005-12-27,126.96,127.05,125.38,125.47,89.1152,44499500.0
2005-12-28,125.74,125.99,125.5,125.75,89.31409,30764300.0
2005-12-29,125.72,125.96,125.06,125.19,88.91637,32788900.0
2005-12-30,124.8,125.06,124.36,124.51,88.43335,44645600.0
2006-01-03,125.19,127.0,124.39,126.7,89.98886,73256700.0
2006-01-04,126.86,127.49,126.7,127.3,90.41499,51899600.0
2006-01-05,127.15,127.59,126.88,127.38,90.47179,47307500.0
2006-01-06,128.02,128.58,127.36,128.44,91.22469,62885900.0
2006-01-09,128.42,129.06,128.38,128.77,91.45905,43527400.0
2006-01-10,128.39,128.98,128.25999,128.89999,91.55138,44960800.0
2006-01-11,129.02,129.44,128.73,129.31,91.84259,49598900.0
2006-01-12,129.08,129.28,128.44,128.8,91.48038,40509200.0
2006-01-13,128.57001,128.89999,128.2,128.67999,91.39512,44856700.0
2006-01-17,128.2,128.42,127.81,128.33,91.14655,52066600.0
2006-01-18,127.58,128.89999,127.16,127.82,90.78433,75067600.0
2006-01-19,128.13,128.77,127.81,128.31,91.13234,81530400.0
2006-01-20,128.28,128.31,125.97,125.97,89.47037,114957800.0
2006-01-23,126.21,126.82,126.13,126.42,89.78998,67017400.0
2006-01-24,126.63,127.15,126.42,126.55,89.88231,53008800.0
2006-01-25,127.04,127.18,125.84,126.66,89.96041,87747700.0
2006-01-26,127.25,127.67,126.76,127.36,90.45762,71294000.0
2006-01-27,127.66,128.66,127.45,128.53999,91.29569,65771200.0
2006-01-30,128.44,128.81,128.35001,128.44,91.22469,33709600.0
2006-01-31,128.32001,128.53999,127.49,127.5,90.55702,72937000.0
2006-02-01,127.82,128.42999,127.72,128.39,91.18915,63561000.0
2006-02-02,128.10001,128.14,126.8,126.9,90.13088,83626900.0
2006-02-03,126.58,128.39,126.14,126.27,89.68341,86040400.0
2006-02-06,126.44,126.8,126.17,126.6,89.91783,45511900.0
2006-02-07,126.38,126.66,125.4,125.48,89.12234,71208100.0
2006-02-08,125.85,128.10001,125.6,126.62,89.93202,59422200.0
2006-02-09,126.92,127.6,126.37,126.41,89.78288,62023300.0
2006-02-10,126.43,127.13,125.45,126.64,89.94621,64508700.0
2006-02-13,126.6,126.79,125.95,126.41,89.78288,52308700.0
2006-02-14,126.46,128.03,126.21,127.75,90.73459,90964400.0
2006-02-15,127.68,128.32001,127.24,128.2,91.05418,85471300.0
2006-02-16,128.34,129.21001,128.17999,129.16,91.73606,61017900.0
2006-02-17,129.05,129.16,128.58,128.81,91.48747,40342600.0
2006-02-21,129.11,129.39999,128.28999,128.49001,91.2602,46456300.0
2006-02-22,128.77,129.64999,128.64999,129.27,91.81419,42326700.0
2006-02-23,129.27,129.64,128.28,129.08,91.67923,43423200.0
2006-02-24,129.11,129.48,128.75999,129.41,91.91359,36777400.0
2006-02-27,129.39999,130.03999,129.28,129.46001,91.94912,35858600.0
2006-02-28,129.2,129.91,128.13,128.23,91.07552,74394800.0
2006-03-01,128.60001,129.49001,128.5,129.37,91.8852,48641600.0
2006-03-02,128.89999,129.42,128.61,129.36,91.87809,60642300.0
2006-03-03,128.67,130.07001,128.64999,128.75999,91.45194,73402500.0
2006-03-06,129.14,129.17999,127.85,128.17,91.0329,57478400.0
2006-03-07,127.86,128.06,127.4,127.97,90.89086,61780800.0
2006-03-08,127.7,128.44,127.18,128.24001,91.08264,66692400.0
2006-03-09,128.28,128.67999,127.38,127.38,90.47179,56313600.0
2006-03-10,127.71,128.84,127.44,128.59,91.33119,60490800.0
2006-03-13,128.84,129.16,128.53,128.83,91.50168,45479100.0
2006-03-14,128.71001,130.23,128.61,130.17999,92.46052,69877300.0
2006-03-15,130.14999,130.86,129.85001,130.75999,92.87244,53398900.0
2006-03-16,131.00999,131.47,130.84,131.03,93.06423,65526400.0
2006-03-17,130.67999,130.89999,130.38,130.62,93.14194,47286800.0
2006-03-20,130.64,130.89999,130.21001,130.41,92.9922,45538500.0
2006-03-21,130.37,130.99001,129.45,129.59,92.40748,87102700.0
2006-03-22,129.50999,130.50999,129.45,130.38,92.97083,51605700.0
2006-03-23,130.25999,130.39,129.66,130.11,92.77826,46704200.0
2006-03-24,129.99001,130.57001,129.74001,130.21001,92.84959,43209200.0
2006-03-27,130.03,130.28,129.74001,130.02,92.7141,32523000.0
2006-03-28,129.92999,130.53,129.05,129.22,92.14364,82079900.0
2006-03-29,129.41,130.5,129.28999,130.03,92.72122,61505700.0
2006-03-30,130.11,130.98,129.55,129.8,92.55723,70571700.0
2006-03-31,130.02,130.24001,129.37,129.83,92.57864,62925600.0
2006-04-03,130.07001,130.87,129.49001,129.73,92.50726,61624700.0
2006-04-04,129.73,130.73,129.36,130.56,93.09913,54809300.0
2006-04-05,130.61,131.28,130.38,131.00999,93.42004,50607200.0
2006-04-06,130.85001,131.21001,130.19,130.87,93.32021,57906200.0
2006-04-07,131.06,131.39999,129.35001,129.53999,92.37182,80180900.0
2006-04-10,129.74001,130.08,129.25999,129.74001,92.51448,41496500.0
2006-04-11,129.85001,130.06,128.25,128.64,91.73006,72799400.0
2006-04-12,128.77,129.13,128.61,128.88,91.90117,43033700.0
2006-04-13,128.59,129.25,128.31,128.71001,91.77998,51051800.0
2006-04-17,128.83,129.31,128.02,128.66,91.74432,64167700.0
2006-04-18,128.92999,130.94,128.92999,130.7,93.19903,92531800.0
2006-04-19,130.75,131.07001,130.24001,130.95,93.37727,87269000.0
2006-04-20,131.0,131.86,130.60001,131.13,93.50565,86005500.0
2006-04-21,131.69,131.78999,130.62,131.14999,93.5199,72342600.0
2006-04-24,130.89,131.07001,130.38,130.91,93.34876,52546400.0
2006-04-25,131.03999,131.12,129.92,130.37,92.96368,84359800.0
2006-04-26,130.5,131.14,130.3,130.39999,92.98506,67262400.0
2006-04-27,129.89999,131.63,129.59,131.03,93.43431,124478600.0
2006-04-28,130.78999,131.75,130.71001,131.47,93.74809,55854400.0
2006-05-01,131.47,131.8,130.32001,130.39999,92.98506,64990300.0
2006-05-02,131.00999,131.46001,130.74001,131.38,93.68388,49063500.0
2006-05-03,131.14999,131.32001,130.45,130.89,93.33447,60821300.0
2006-05-04,131.08,131.62,130.97,131.36,93.66963,42921400.0
2006-05-05,132.05,132.8,131.85001,132.52,94.4968,62588200.0
2006-05-08,132.50999,132.77,132.36,132.36,94.38268,30016700.0
2006-05-09,132.42,132.77,132.31,132.62,94.56811,29864000.0
2006-05-10,132.41,132.75,131.89,132.55,94.51819,64378200.0
2006-05-11,132.50999,132.55,130.52,130.95,93.37727,80626900.0
2006-05-12,130.36,130.72,129.19,129.24001,92.15785,91726500.0
2006-05-15,128.78999,129.74001,128.61,129.5,92.34332,84029300.0
2006-05-16,129.75999,130.0,129.00999,129.31,92.20783,62137600.0
2006-05-17,128.67,129.10001,126.77,126.85,90.45365,144789500.0
2006-05-18,127.35,127.75,126.11,126.21,89.99726,87906300.0
2006-05-19,126.87,127.49,125.8,127.1,90.6319,124309400.0
2006-05-22,126.28,127.17,125.5,126.13,89.94025,110852800.0
2006-05-23,127.18,127.63,125.17,125.17,89.25569,92006500.0
2006-05-24,125.68,126.89,124.76,126.17,89.96876,168405000.0
2006-05-25,126.92,127.73,126.43,127.73,91.08119,78977900.0
2006-05-26,128.00999,128.38,127.51,128.38,91.54468,62989700.0
2006-05-30,127.97,128.0,126.05,126.1,89.91885,72419900.0
2006-05-31,126.62,127.51,126.2,127.51,90.92429,86926200.0
2006-06-01,127.38,128.94,127.27,128.73,91.7942,73721700.0
2006-06-02,129.25,129.42999,128.32001,129.0,91.98679,91702600.0
2006-06-05,128.85001,128.86,126.77,127.12,90.64619,86105100.0
2006-06-06,127.21,127.38,125.76,126.81,90.42512,130498600.0
2006-06-07,126.91,127.65,125.79,125.86,89.74773,108599400.0
2006-06-08,125.58,126.5,123.87,125.75,89.66924,204957200.0
2006-06-09,126.36,126.96,125.29,125.35,89.38406,94972200.0
2006-06-12,125.88,125.93,123.82,123.99,88.41427,95815900.0
2006-06-13,123.74,124.84,122.55,122.55,87.38741,185688800.0
2006-06-14,122.84,123.63,122.34,123.5,88.06483,163566400.0
2006-06-15,123.95,126.36,123.86,126.12,89.93308,134057000.0
2006-06-16,125.29,125.56,124.46,124.65,89.27776,94253500.0
2006-06-19,125.4,125.48,123.55,123.67,88.57585,95804400.0
2006-06-20,124.01,124.81,123.72,124.09,88.87665,65494700.0
2006-06-21,124.0,125.7,123.96,125.01,89.53559,75008200.0
2006-06-22,124.95,125.06,124.04,124.46,89.14166,74566100.0
2006-06-23,124.33,125.3,124.03,124.44,89.12734,54107000.0
2006-06-26,124.54,125.06,124.25,124.99,89.52126,37899600.0
2006-06-27,125.01,125.29,123.77,123.91,88.74772,69780200.0
2006-06-28,124.19,124.77,123.65,124.75,89.34936,62368100.0
2006-06-29,125.2,127.35,125.17,127.27,91.1543,110634800.0
2006-06-30,127.54,127.66,126.96,127.28,91.16145,54227800.0
2006-07-03,127.43,128.00999,127.31,127.8,91.53388,23914000.0
2006-07-05,127.29,127.45,126.52,127.07,91.01102,69653400.0
2006-07-06,127.2,127.85,127.08,127.44,91.27602,50100300.0
2006-07-07,127.19,127.56,126.29,126.61,90.68154,81626500.0
2006-07-10,126.94,127.43,126.41,126.85,90.85344,60964100.0
2006-07-11,126.61,127.41,125.94,127.41,91.25454,73640800.0
2006-07-12,127.15,127.4,125.72,126.05,90.28048,82561300.0
2006-07-13,125.45,125.68,124.0,124.0,88.81218,102405700.0
2006-07-14,124.13,124.26,122.83,123.52,88.46844,103242500.0
2006-07-17,123.52,124.1,123.15,123.34,88.33949,81159000.0
2006-07-18,123.71,124.05,122.39,123.97,88.79073,122771000.0
2006-07-19,124.18,126.26,123.72,125.69,90.02264,133565300.0
2006-07-20,126.12,126.3,124.66,124.83,89.4067,112259800.0
2006-07-21,125.15,125.19,123.82,123.95,88.77638,101560000.0
2006-07-24,124.44,126.32,124.44,126.21,90.39507,92884000.0
2006-07-25,125.98,127.3,125.72,126.66,90.71737,95480700.0
2006-07-26,126.59,127.45,126.18,126.83,90.83913,84525800.0
2006-07-27,127.38,127.69,126.2,126.71,90.75318,87257100.0
2006-07-28,127.04,128.14,126.86,127.98,91.66281,82137000.0
2006-07-31,127.66,127.96,127.45,127.85,91.56969,49593100.0
2006-08-01,127.34,127.38,126.6,127.22,91.11846,65225600.0
2006-08-02,127.58,128.46001,127.55,128.08,91.73441,64770900.0
2006-08-03,127.34,128.55,127.15,128.42,91.97791,63693800.0
2006-08-04,129.08,129.42999,127.48,128.2,91.82041,96294200.0
2006-08-07,127.9,128.08,127.4,127.9,91.60549,45377300.0
2006-08-08,128.09,128.46001,126.95,127.41,91.25454,90901300.0
2006-08-09,128.17999,128.60001,126.61,126.98,90.94656,78910600.0
2006-08-10,126.58,127.5,126.28,127.37,91.22591,69322300.0
2006-08-11,127.17,127.2,126.39,127.01,90.96805,47482200.0
2006-08-14,127.63,128.16,126.92,127.11,91.0397,57839000.0
2006-08-15,128.25,128.87,127.9,128.63,92.12834,68143000.0
2006-08-16,129.32001,129.89,129.03999,129.7,92.89471,71737600.0
2006-08-17,129.58,130.37,129.49001,130.03,93.13107,70992800.0
2006-08-18,130.19,130.69,129.59,130.69,93.60375,58288400.0
2006-08-21,130.17999,130.28,129.8,130.13,93.20269,42133600.0
2006-08-22,129.99001,130.52,129.67999,130.12,93.1955,60839900.0
2006-08-23,130.17999,130.44,129.19,129.75999,92.93768,66592100.0
2006-08-24,129.99001,130.10001,129.39999,129.64999,92.85889,57983000.0
2006-08-25,129.64,130.25,129.55,129.81,92.97349,41756000.0
2006-08-28,129.64999,130.82001,129.64,130.42999,93.41753,52681500.0
2006-08-29,130.49001,130.83,129.81,130.58,93.52501,61817800.0
2006-08-30,130.87,131.03999,130.55,130.66,93.5823,50052200.0
2006-08-31,130.85001,130.99001,130.58,130.64,93.56799,37510300.0
2006-09-01,131.14,131.58,130.84,131.42,94.12663,48794500.0
2006-09-05,131.50999,131.85001,131.2,131.67,94.30567,52348300.0
2006-09-06,131.11,131.16,130.33,130.50999,93.47485,53795600.0
2006-09-07,130.06,130.57001,129.35001,129.91,93.04513,86269400.0
2006-09-08,130.08,130.46001,129.83,130.28,93.3101,45096300.0
2006-09-11,129.86,130.69,129.48,130.41,93.40321,68496600.0
2006-09-12,130.56,131.84,130.37,131.69,94.32001,69875600.0
2006-09-13,131.64,132.45,131.52,132.22,94.69958,62898400.0
2006-09-14,131.96001,132.24001,131.75,132.23,94.70672,57805400.0
2006-09-15,132.31,132.39,131.67999,131.96001,94.92905,76703100.0
2006-09-18,131.78999,132.39,131.64999,132.14,95.05852,64154100.0
2006-09-19,132.12,132.13,131.07001,131.81,94.82115,92089100.0
2006-09-20,132.25,132.77,132.06,132.50999,95.32468,75204100.0
2006-09-21,132.61,132.75,131.42,131.87,94.8643,88932500.0
2006-09-22,131.67,131.67999,131.0,131.47,94.57655,65966800.0
2006-09-25,131.73,132.85001,131.05,132.48,95.30313,92299100.0
2006-09-26,132.5,133.60001,132.39999,133.58,96.09444,73962700.0
2006-09-27,133.49001,133.97,133.27,133.74001,96.20953,82432200.0
2006-09-28,133.74001,133.99001,133.28,133.69,96.17357,58597500.0
2006-09-29,133.8,133.94,133.48,133.58,96.09444,47966600.0
2006-10-02,133.53999,133.83,132.95,133.08,95.73477,51687400.0
2006-10-03,132.89,133.87,132.64999,133.36,95.93619,73108100.0
2006-10-04,133.23,135.0,133.08,134.92,97.05843,80890500.0
2006-10-05,134.92,135.41,134.75,135.17999,97.24544,60505900.0
2006-10-06,134.95,135.10001,134.39999,135.00999,97.12317,64983600.0
2006-10-09,134.85001,135.3,134.64,135.09,97.18069,41176800.0
2006-10-10,135.10001,135.45,134.84,135.27,97.31018,56403700.0
2006-10-11,134.84,135.42999,134.3,135.11,97.19511,104071800.0
2006-10-12,135.45,136.39,135.39999,136.28,98.03677,59158600.0
2006-10-13,136.16,136.71001,136.03999,136.63,98.28854,53944000.0
2006-10-16,136.52,137.05,136.42,136.84,98.43964,42273000.0
2006-10-17,136.47,136.7,135.67,136.41,98.13028,90500600.0
2006-10-18,137.03999,137.37,136.10001,136.59,98.25979,86848600.0
2006-10-19,136.39,136.88,136.23,136.81,98.41802,64063200.0
2006-10-20,136.84,136.95,136.33,136.84,98.43964,48094500.0
2006-10-23,136.56,137.8,136.39,137.47,98.89282,66219900.0
2006-10-24,137.28,137.92999,137.22,137.88,99.18775,53234900.0
2006-10-25,137.74001,138.41,137.50999,138.35001,99.52587,78105400.0
2006-10-26,138.66,139.0,137.98,138.78,99.83517,66843700.0
2006-10-27,138.61,138.75,137.63,137.91,99.20936,80238000.0
2006-10-30,137.66,138.2,137.39999,137.81,99.13739,49717800.0
2006-10-31,138.07001,138.25999,137.25,137.78999,99.12302,71274100.0
2006-11-01,138.22,138.31,136.72,136.86,98.45401,83005600.0
2006-11-02,136.50999,137.00999,136.36,136.78,98.39647,60693100.0
2006-11-03,137.27,137.39,135.62,136.53999,98.2238,71346400.0
2006-11-06,136.96001,138.28,136.95,138.08,99.33162,63303300.0
2006-11-07,138.2,138.98,138.0,138.61,99.71287,63318900.0
2006-11-08,138.0,139.05,136.86,138.91,99.92871,87517800.0
2006-11-09,139.00999,139.14,137.89999,138.17999,99.40358,95916300.0
2006-11-10,138.14,138.34,137.72,138.24001,99.44672,48991500.0
2006-11-13,138.17999,139.03999,138.07001,138.58,99.69135,59398200.0
2006-11-14,138.97,139.74001,138.12,139.62,100.43945,96704000.0
2006-11-15,139.57001,140.45,139.53,140.02,100.7272,76509600.0
2006-11-16,140.44,140.67999,139.49001,140.38,100.98619,76728800.0
2006-11-17,139.92999,140.42999,139.73,140.42,101.01498,56353800.0
2006-11-20,140.3,140.74001,139.94,140.5,101.07255,69174200.0
2006-11-21,140.49001,140.67,140.28999,140.64,101.17324,51367900.0
2006-11-22,140.75,141.16,140.5,140.92,101.37468,45505300.0
2006-11-24,140.24001,140.84,140.2,140.35001,100.96468,30998000.0
2006-11-27,140.28,140.35001,138.38,138.42,99.57622,84545100.0
2006-11-28,138.24001,139.16,138.11,139.02,100.00787,106652900.0
2006-11-29,139.47,140.53,139.08,140.47,101.05094,90034900.0
2006-11-30,140.44,141.05,139.75999,140.53,101.09414,83994300.0
2006-12-01,140.53,140.66,138.97,140.22,100.87109,126080000.0
2006-12-04,140.25,141.55,140.23,141.28999,101.64088,87813200.0
2006-12-05,141.56,141.96001,141.25999,141.89999,102.07966,73374400.0
2006-12-06,141.87,142.07001,141.5,141.78,101.99334,53253200.0
2006-12-07,142.03,142.3,141.11,141.16,101.54729,62857400.0
2006-12-08,141.13,141.89999,140.78,141.42,101.73436,79625500.0
2006-12-11,141.42,142.09,141.34,141.83,102.02929,39779400.0
2006-12-12,141.69,141.87,140.89,141.72,101.95015,77451600.0
2006-12-13,142.23,142.34,141.56,141.87,102.05807,55520200.0
2006-12-14,141.86,143.24001,141.84,143.12,102.9573,64755200.0
2006-12-15,142.64,142.89,142.24001,142.34,102.96669,70857400.0
2006-12-18,142.53999,142.88,141.75,141.95,102.68456,48954600.0
2006-12-19,141.55,142.56,141.19,142.22,102.87987,65023600.0
2006-12-20,142.28,142.66,142.00999,142.14,102.82204,41469600.0
2006-12-21,142.27,142.42999,141.32001,141.62,102.44588,48698400.0
2006-12-22,141.64,141.64999,140.67,140.75,101.81652,62069100.0
2006-12-26,140.81,141.61,140.78,141.58,102.41693,32696900.0
2006-12-27,141.87,142.60001,141.83,142.50999,103.0897,39727100.0
2006-12-28,142.41,142.7,141.99001,142.21001,102.87267,37288800.0
2006-12-29,142.06,142.53999,141.42999,141.62,102.44588,45461200.0
2007-01-03,142.25,142.86,140.57001,141.37,102.265,94807600.0
2007-01-04,141.23,142.05,140.61,141.67,102.48202,69620600.0
2007-01-05,141.33,141.39999,140.38,140.53999,101.66458,76645300.0
2007-01-08,140.82001,141.41,140.25,141.19,102.13483,71655000.0
2007-01-09,141.31,141.60001,140.39999,141.07001,102.04802,75680100.0
2007-01-10,140.58,141.57001,140.3,141.53999,102.38799,72428000.0
2007-01-11,141.58,142.62,141.5,142.16,102.83646,54476800.0
2007-01-12,142.14999,143.24001,142.11,143.24001,103.61774,55370600.0
2007-01-16,143.07001,143.44,142.73,142.96001,103.41521,44871300.0
2007-01-17,142.85001,143.46001,142.73,143.02,103.45861,50241400.0
2007-01-18,143.17,143.25999,142.31,142.53999,103.11137,68177300.0
2007-01-19,142.53999,143.10001,142.46001,142.82001,103.31395,56973000.0
2007-01-22,143.07001,143.10001,141.92999,142.38,102.99567,60253600.0
2007-01-23,142.25999,143.08,142.06,142.8,103.29946,54064400.0
2007-01-24,142.97,143.98,142.91,143.95,104.13139,55834700.0
2007-01-25,143.86,143.92,142.00999,142.25999,102.90883,73583800.0
2007-01-26,142.57001,142.64999,141.58,142.13,102.81481,67255600.0
2007-01-29,142.19,142.8,141.74001,142.05,102.75694,66114600.0
2007-01-30,142.35001,142.86,142.06,142.78999,103.29218,70407600.0
2007-01-31,142.63,144.13,142.39999,143.75,103.98667,91868600.0
2007-02-01,144.14999,144.66,143.91,144.61,104.60878,69312400.0
2007-02-02,144.73,144.95,144.38,144.81,104.75347,49607000.0
2007-02-05,144.7,144.94,144.34,144.85001,104.78239,45705300.0
2007-02-06,144.97,145.03,144.33,144.89,104.81135,57081300.0
2007-02-07,145.12,145.36,144.57001,145.21001,105.04281,55669700.0
2007-02-08,144.78,145.12,144.27,145.02,104.90537,70641000.0
2007-02-09,145.06,145.33,143.39,143.94,104.12415,79084400.0
2007-02-12,143.94,144.03999,143.19,143.45,103.76968,65657000.0
2007-02-13,143.77,144.89999,143.75999,144.66,104.64495,64081800.0
2007-02-14,144.8,145.89999,144.78,145.61,105.33215,66039400.0
2007-02-15,145.67,145.95,145.42999,145.8,105.46964,38715200.0
2007-02-16,145.44,145.75999,145.23,145.73,105.41898,39841800.0
2007-02-20,145.56,146.2,145.0,146.03999,105.64323,56911800.0
2007-02-21,145.61,146.07001,145.35001,145.98,105.59985,63971600.0
2007-02-22,146.05,146.42,145.17,145.87,105.52023,79067400.0
2007-02-23,145.74001,145.78999,145.03,145.3,105.10793,71966200.0
2007-02-26,145.83,145.95,144.75,145.17,105.01389,69192800.0
2007-02-27,143.88,144.2,139.0,139.5,100.91226,274466500.0
2007-02-28,140.39,141.98,139.8,140.92999,101.9467,177536300.0
2007-03-01,139.34,141.25,138.05,140.50999,101.64291,212828600.0
2007-03-02,140.05,140.66,138.66,138.67,100.31187,162574000.0
2007-03-05,137.92999,139.58,137.33,137.35001,99.35705,143750400.0
2007-03-06,138.78,140.12,137.72,139.7,101.05695,143333300.0
2007-03-07,139.59,140.46001,139.39999,139.56,100.9557,115144900.0
2007-03-08,140.53999,141.16,140.07001,140.74001,101.80929,117891600.0
2007-03-09,141.31,141.42,140.08,140.78,101.83823,107765100.0
2007-03-12,140.42,141.34,140.16,140.99001,101.99013,80366900.0
2007-03-13,140.17999,140.77,138.03999,138.25,100.00806,190605200.0
2007-03-14,138.42999,139.36,136.75,139.28,100.75315,231853800.0
2007-03-15,138.97,139.99001,138.8,139.47,100.89059,132435900.0
2007-03-16,139.31,139.63,138.12,138.53,100.60807,121531600.0
2007-03-19,139.25999,140.33,139.14999,140.2,101.82093,96161200.0
2007-03-20,140.08,141.05,139.96001,140.97,102.38012,82147400.0
2007-03-21,141.10001,143.64999,140.82001,143.28999,104.06504,152368700.0
2007-03-22,143.48,143.67999,142.78999,143.17999,103.98511,118942200.0
2007-03-23,143.28,143.81,143.14999,143.39,104.1377,74416800.0
2007-03-26,143.5,143.64999,142.09,143.2,103.99965,113787500.0
2007-03-27,143.12,143.16,142.39,142.86,103.75278,99864600.0
2007-03-28,142.14,142.47,141.25999,141.82001,102.99744,152907900.0
2007-03-29,142.53999,142.61,141.19,141.97,103.1064,139432700.0
2007-03-30,142.24001,142.84,140.56,142.0,103.12815,128194100.0
2007-04-02,142.16,142.46001,141.48,142.16,103.24434,79416400.0
2007-04-03,142.97,143.98,142.91,143.69,104.35555,82417800.0
2007-04-04,143.69,143.95,143.16,143.85001,104.47175,63995200.0
2007-04-05,143.67,144.44,143.61,144.24001,104.75498,46822800.0
2007-04-09,144.64999,144.8,144.14999,144.44,104.90021,50967400.0
2007-04-10,144.33,144.85001,144.27,144.61,105.0237,56620000.0
2007-04-11,144.82001,144.86,143.53999,144.02,104.59524,106365700.0
2007-04-12,143.74001,144.92,143.34,144.66,105.06001,115534400.0
2007-04-13,144.89999,145.32001,144.36,145.32001,105.53934,84287000.0
2007-04-16,145.83,146.86,145.82001,146.7,106.54155,83064600.0
2007-04-17,146.97,147.39999,146.64999,147.09,106.82478,108424100.0
2007-04-18,146.60001,147.7,146.57001,147.27,106.95556,88345300.0
2007-04-19,146.55,147.39999,146.36,147.23,106.92651,102947700.0
2007-04-20,148.22,148.62,147.03999,148.62,107.93597,124114100.0
2007-04-23,148.37,148.73,147.97,148.06,107.52924,77270800.0
2007-04-24,148.23,148.39999,147.32001,148.12,107.57288,114471000.0
2007-04-25,148.73,149.66,148.02,149.48,108.56055,108418800.0
2007-04-26,149.49001,149.8,149.10001,149.64999,108.68401,88741600.0
2007-04-27,149.09,149.74001,148.84,149.53,108.59686,108191100.0
2007-04-30,149.64,149.74001,148.21001,148.28999,107.69633,100874100.0
2007-05-01,148.42,149.47,147.67,148.67,107.97226,134342700.0
2007-05-02,148.89999,149.95,148.75,149.53999,108.60409,87129800.0
2007-05-03,149.97,150.39999,149.73,150.35001,109.19238,86569700.0
2007-05-04,150.75,151.12,150.22,150.92,109.6064,96409000.0
2007-05-07,150.88,151.2,150.81,150.95,109.62814,63461400.0
2007-05-08,150.58,150.92,150.13,150.75,109.48289,80584000.0
2007-05-09,150.64,152.82001,150.37,151.16,109.78065,102070100.0
2007-05-10,150.73,151.02,149.27,149.58,108.63324,153617800.0
2007-05-11,149.75,150.92999,149.72,150.86,109.56283,113408900.0
2007-05-14,150.86,151.3,149.78999,150.53,109.32312,108027500.0
2007-05-15,150.7,151.66,150.19,150.57001,109.35215,180673300.0
2007-05-16,150.8,151.63,150.38,151.60001,110.10021,114166500.0
2007-05-17,151.38,151.96001,151.11,151.3,109.88232,101132800.0
2007-05-18,152.00999,152.62,151.81,152.62,110.84101,99182000.0
2007-05-21,152.58,153.23,152.5,152.53999,110.78288,174664600.0
2007-05-22,152.7,153.16,152.38,152.42,110.69573,82148800.0
2007-05-23,152.95,153.5,152.36,152.44,110.71028,133786600.0
2007-05-24,152.53,153.21001,150.74001,151.06,109.70806,187593000.0
2007-05-25,151.5,152.02,151.17999,151.69,110.16559,83309200.0
2007-05-29,151.94,152.5,151.45,152.24001,110.56502,82020000.0
2007-05-30,151.46001,153.53999,151.34,153.48,111.46561,129013600.0
2007-05-31,153.67,153.89,153.12,153.32001,111.34938,114866700.0
2007-06-01,153.88,154.39999,153.50999,154.08,111.90132,107771700.0
2007-06-04,153.53999,154.39,153.48,154.10001,111.91585,78008800.0
2007-06-05,153.74001,153.89999,152.86,153.49001,111.47287,126917900.0
2007-06-06,152.86,152.95,151.75,151.84,110.27454,164096800.0
2007-06-07,151.56,152.5,149.06,149.10001,108.28456,232414600.0
2007-06-08,149.58,151.19,149.09,151.03999,109.69353,175886000.0
2007-06-11,150.92999,151.95,150.7,151.3,109.88232,102015600.0
2007-06-12,150.67,151.53999,149.55,149.64999,108.68401,233898000.0
2007-06-13,150.5,152.07001,149.72,151.89,110.31082,193208200.0
2007-06-14,152.06,153.12,152.03,152.86,111.0153,146396500.0
2007-06-15,153.14,153.66,152.92999,153.07001,111.64697,154030800.0
2007-06-18,153.38,153.39,152.66,152.89,111.51568,88537500.0
2007-06-19,152.55,153.38,152.36,153.27,111.79282,110851700.0
2007-06-20,153.58,153.58,150.96001,151.14,110.23923,177119700.0
2007-06-21,151.08,152.11,150.25,151.98,110.85195,205262000.0
2007-06-22,151.52,151.77,149.85001,150.55,109.80892,204964700.0
2007-06-25,150.24001,151.25,149.02,149.83,109.28376,232014400.0
2007-06-26,150.21001,150.46001,148.28,148.28999,108.16048,198445700.0
2007-06-27,148.13,150.57001,148.06,150.39999,109.69952,213638000.0
2007-06-28,150.38,151.41,149.67,150.38,109.68494,157705000.0
2007-06-29,150.89999,151.64999,149.14999,150.42999,109.72137,199701800.0
2007-07-02,150.87,151.92,150.77,151.78999,110.71332,103357000.0
2007-07-03,152.17999,152.5,151.99001,152.34,111.11451,54048400.0
2007-07-05,152.39999,152.56,151.63,152.17999,110.99782,89279000.0
2007-07-06,152.38,153.17,151.92999,152.98,111.58131,81109000.0
2007-07-09,153.16,153.36,152.62,153.10001,111.66882,72348100.0
2007-07-10,152.28999,152.61,150.77,150.92,110.07874,180362600.0
2007-07-11,150.75,152.05,150.52,151.99001,110.85921,175607600.0
2007-07-12,152.37,154.75,152.34,154.39,112.60976,133882500.0
2007-07-13,154.57001,155.46001,154.39,154.85001,112.94525,111794300.0
2007-07-16,154.99001,155.53,154.58,154.83,112.93066,98378700.0
2007-07-17,154.92999,155.48,154.67999,154.75,112.87231,126201300.0
2007-07-18,154.23,154.8,153.3,154.47,112.66808,237887400.0
2007-07-19,155.2,155.53,154.75,155.07001,113.10571,145212700.0
2007-07-20,154.89,154.99001,152.83,153.5,111.96058,245502500.0
2007-07-23,154.17999,154.72,153.3,153.97,112.30339,121183900.0
2007-07-24,153.12,154.28,150.75999,151.3,110.35595,256732400.0
2007-07-25,152.02,152.39,150.25,151.61,110.58209,265214500.0
2007-07-26,150.19,150.8,146.39,148.02,107.96355,467592500.0
2007-07-27,148.21001,148.87,145.05,145.11,105.84103,422987600.0
2007-07-30,145.92999,147.81,145.28999,147.38,107.49673,283017500.0
2007-07-31,148.33,149.46001,145.03999,145.72,106.28597,316976700.0
2007-08-01,145.17999,147.00999,143.95,146.42999,106.8038,467670000.0
2007-08-02,146.75999,147.75999,145.25999,147.60001,107.65721,294758400.0
2007-08-03,147.28,147.58,143.2,143.8,104.88557,359398200.0
2007-08-06,144.21001,146.83,142.53,146.21001,106.64334,324980000.0
2007-08-07,145.94,149.0,145.23,147.77,107.78122,232568700.0
2007-08-08,148.41,150.59,147.34,149.83,109.28376,274930600.0
2007-08-09,147.42999,148.95,145.28999,145.39,106.04524,357622100.0
2007-08-10,144.39,146.5,143.12,144.71001,105.54929,411018400.0
2007-08-13,146.5,146.89,145.02,145.23,105.9286,181917200.0
2007-08-14,145.7,146.06,142.72,143.00999,104.30934,264134500.0
2007-08-15,142.72,144.46001,140.62,141.03999,102.87243,323834000.0
2007-08-16,139.78999,142.94,137.0,142.10001,103.64556,546743700.0
2007-08-17,145.5,145.81,141.39,144.71001,105.54929,388218100.0
2007-08-20,145.17,145.47,143.28999,144.64,105.49825,187320400.0
2007-08-21,144.60001,145.97,144.14,144.92999,105.70976,157066400.0
2007-08-22,146.00999,146.8,145.33,146.64999,106.96429,173156700.0
2007-08-23,147.34,147.64999,145.61,146.52,106.86949,203915300.0
2007-08-24,146.48,148.33,146.28,148.33,108.18969,128901900.0
2007-08-27,147.85001,148.33,146.73,146.95,107.18313,113024300.0
2007-08-28,146.16,146.25,143.46001,143.72,104.82717,219790700.0
2007-08-29,144.37,146.74001,143.96001,146.53999,106.88406,207654200.0
2007-08-30,145.45,147.19,145.31,146.14999,106.5996,191817300.0
2007-08-31,147.64999,148.5,146.83,147.59,107.64991,185477500.0
2007-09-04,147.45,149.98,147.39999,149.08,108.73672,120062000.0
2007-09-05,148.2,148.36,147.0,147.78999,107.79584,166261800.0
2007-09-06,147.95,148.61,147.12,148.13,108.04379,127878400.0
2007-09-07,146.48,146.89,145.25999,146.07001,106.54128,235447600.0
2007-09-10,146.52,146.72,144.33,145.78999,106.33705,192305900.0
2007-09-11,146.24001,147.7,146.13,147.49001,107.57701,162081900.0
2007-09-12,147.28999,148.44,146.98,147.87,107.85416,149554600.0
2007-09-13,148.55,149.45,148.2,148.91,108.61272,154079000.0
2007-09-14,147.96001,149.09,147.74001,148.89999,108.60539,121911000.0
2007-09-17,148.31,148.64999,147.63,148.10001,108.02191,109870800.0
2007-09-18,148.83,152.5,148.13,152.46001,111.20201,263759500.0
2007-09-19,153.41,154.39,152.71001,153.36,111.85844,193779900.0
2007-09-20,153.34,153.42999,152.11,152.28,111.07073,175186800.0
2007-09-21,152.71001,153.12,151.74001,151.97,111.37048,141457500.0
2007-09-24,152.42,152.82001,151.36,151.69,111.16528,139450200.0
2007-09-25,150.81,151.66,150.47,151.39,110.94537,142289900.0
2007-09-26,152.25,152.77,151.39,152.19,111.53172,135547000.0
2007-09-27,152.91,153.10001,152.19,153.09,112.19127,102713300.0
2007-09-28,152.85001,153.19,151.98,152.58,111.81748,133372100.0
2007-10-01,152.60001,154.75,152.5,154.3,113.07802,148162300.0
2007-10-02,154.61,154.64999,153.81,154.09,112.92408,112978800.0
2007-10-03,153.81,154.41,153.00999,153.78,112.6969,119055900.0
2007-10-04,154.11,154.25999,153.59,154.02,112.87284,76864400.0
2007-10-05,155.03,156.10001,154.63,155.85001,114.21393,134579700.0
2007-10-08,155.39,155.49001,154.77,155.02,113.60564,71280400.0
2007-10-09,155.60001,156.5,155.03,156.48,114.67558,94054300.0
2007-10-10,156.03999,156.44,155.41,156.22,114.48504,101711100.0
2007-10-11,156.92999,157.52,154.53999,155.47,113.93548,233529100.0
2007-10-12,155.46001,156.35001,155.27,156.33,114.56566,124546700.0
2007-10-15,156.27,156.36,153.94,155.00999,113.59837,161151900.0
2007-10-16,154.41,154.52,153.47,153.78,112.6969,166525700.0
2007-10-17,154.98,155.09,152.47,154.25,113.04137,216687300.0
2007-10-18,153.45,154.19,153.08,153.69,112.631,148367500.0
2007-10-19,153.09,156.48,149.66,149.67,109.68496,297169900.0
2007-10-22,148.86,150.75999,148.66,150.53999,110.32252,261989800.0
2007-10-23,151.46001,151.95,150.25,151.75999,111.21657,180085100.0
2007-10-24,151.21001,151.74001,148.84,151.48,111.01138,326694200.0
2007-10-25,151.64999,152.28999,149.88,151.84,111.27522,237374500.0
2007-10-26,153.06,153.62,151.89999,153.62,112.57967,176484000.0
2007-10-29,153.92999,154.44,153.55,154.13,112.95341,106841000.0
2007-10-30,153.45,153.75,152.87,153.06,112.16925,132981600.0
2007-10-31,153.98,155.27,152.84,154.64999,113.33453,220954400.0
2007-11-01,153.28999,153.41,150.59,151.03,110.68157,333040800.0
2007-11-02,151.53,152.0,149.21001,151.2,110.80618,331228200.0
2007-11-05,149.64,151.16,148.97,150.05,109.96342,226841000.0
2007-11-06,150.86,152.11,149.89999,152.07001,111.44378,177800500.0
2007-11-07,150.44,151.13,147.55,147.91,108.39511,306639700.0
2007-11-08,147.99001,148.39999,145.07001,147.16,107.84552,374509900.0
2007-11-09,145.69,147.53999,144.89,145.14,106.36509,277745100.0
2007-11-12,145.21001,146.61,143.7,143.7,105.3098,243087800.0
2007-11-13,145.37,148.31,145.22,148.08,108.51969,191117400.0
2007-11-14,149.22,149.39999,146.78,147.67,108.21922,230558800.0
2007-11-15,146.57001,147.49001,144.52,145.53999,106.65827,263111100.0
2007-11-16,146.31,146.47,144.57001,145.78999,106.84148,308770600.0
2007-11-19,145.28,145.36,143.19,143.75999,105.35379,267746000.0
2007-11-20,144.02,145.53,142.11,144.64,105.99873,414767500.0
2007-11-21,143.08,143.91,141.67,141.67999,103.82951,259012400.0
2007-11-23,143.07001,144.34,142.7,144.13,105.62492,77688400.0
2007-11-26,144.42999,144.88,140.66,140.95,103.29454,214232000.0
2007-11-27,141.74001,143.23,140.95,142.57001,104.48172,293897900.0
2007-11-28,144.19,147.47,144.14,147.13,107.82346,258596900.0
2007-11-29,146.62,147.72,146.10001,147.17999,107.86013,199409900.0
2007-11-30,149.03999,149.87,147.33,148.66,108.94477,222908000.0
2007-12-03,148.19,148.45,147.28999,147.67999,108.2266,146430400.0
2007-12-04,146.66,147.53999,146.31,146.36,107.25921,136533900.0
2007-12-05,147.92999,149.2,147.83,148.81,109.05467,171130000.0
2007-12-06,148.63,151.21001,148.57001,150.94,110.61563,154457400.0
2007-12-07,151.42,151.5,150.55,150.91,110.59367,148980100.0
2007-12-10,151.28,152.25,150.86,152.08,111.45113,123914300.0
2007-12-11,152.14,152.89,147.83,147.91,108.39511,250346400.0
2007-12-12,151.06,151.77,147.2,149.37,109.46507,322435600.0
2007-12-13,148.32001,149.39,147.3,149.06,109.23788,237551300.0
2007-12-14,147.92999,149.10001,147.10001,147.17,107.85283,159152900.0
2007-12-17,146.61,146.87,144.86,145.07001,106.31386,177269400.0
2007-12-18,146.10001,146.48,143.96001,145.88,106.90745,245569300.0
2007-12-19,145.94,146.89,144.94,145.88,106.90745,198917200.0
2007-12-20,146.84,146.86,145.17999,146.8,107.58164,214813800.0
2007-12-21,147.37,148.42,147.09,148.13,109.13253,146084400.0
2007-12-24,148.82001,149.48,148.48,149.23,109.94291,45601400.0
2007-12-26,148.64999,149.67999,148.5,149.55,110.17864,67093100.0
2007-12-27,149.02,149.03,147.32001,147.67,108.79357,122981700.0
2007-12-28,148.53999,148.61,146.89999,147.3,108.521,116398100.0
2007-12-31,147.10001,147.61,146.06,146.21001,107.71796,108126800.0
2008-01-02,146.53,146.99001,143.88,144.92999,106.77495,204935600.0
2008-01-03,144.91,145.49001,144.07001,144.86,106.72338,125133300.0
2008-01-04,143.34,143.44,140.91,141.31,104.10799,232330900.0
2008-01-07,141.81,142.23,140.10001,141.19,104.01959,234991000.0
2008-01-08,142.08,142.89999,138.44,138.91,102.33978,326365700.0
2008-01-09,139.09,140.78999,137.7,140.37,103.41542,301824900.0
2008-01-10,139.67999,142.8,139.37,141.28999,104.09323,335701200.0
2008-01-11,140.78,141.89999,139.0,140.14999,103.25333,267076600.0
2008-01-14,141.16,141.86,140.39999,141.28,104.08587,170365500.0
2008-01-15,139.78999,141.49001,137.89999,138.17,101.79461,239940100.0
2008-01-16,137.36,139.12,136.28,136.98,100.91789,378802600.0
2008-01-17,137.81,137.88,132.92999,133.42999,98.30247,397892600.0
2008-01-18,134.74001,135.02,131.10001,132.06,97.29315,348561500.0
2008-01-22,127.21,132.42999,126.0,130.72,96.30595,435923700.0
2008-01-23,127.09,134.19,126.84,133.86,98.61932,511913000.0
2008-01-24,134.48,135.46001,133.31,134.99001,99.4518,259949300.0
2008-01-25,136.50999,136.75999,132.60001,133.03999,98.01515,269603900.0
2008-01-28,133.25999,135.52,132.06,135.24001,99.63599,217934600.0
2008-01-29,136.10001,136.45,134.88,135.91,100.1296,168968300.0
2008-01-30,135.58,138.53999,134.60001,134.91,99.39286,334939200.0
2008-01-31,133.39999,138.53999,133.2,137.37,101.20523,343680800.0
2008-02-01,137.94,139.61,137.52,139.58,102.83343,206843600.0
2008-02-04,139.21001,139.3,137.64,137.82001,101.53674,124694300.0
2008-02-05,135.94,136.25,133.67,134.13,98.8182,286882500.0
2008-02-06,134.58,135.25,132.41,133.05,98.02255,250792900.0
2008-02-07,131.8,134.78999,131.73,133.92999,98.67085,297368100.0
2008-02-08,133.09,134.22,132.10001,133.07001,98.03727,221643500.0
2008-02-11,133.10001,134.23,132.03999,133.75,98.53826,188576300.0
2008-02-12,134.91,136.31,133.98,134.99001,99.4518,256654400.0
2008-02-13,136.00999,137.06,135.14,136.37,100.46849,181967800.0
2008-02-14,136.95,137.0,134.78999,135.17,99.58443,215207200.0
2008-02-15,134.5,135.22,133.91,135.14,99.56232,154110300.0
2008-02-19,136.72,136.89,134.61,135.52,99.84228,145190000.0
2008-02-20,133.99001,136.55,133.75999,135.92,100.13697,220085700.0
2008-02-21,136.66,137.00999,134.07001,134.78999,99.30444,201051200.0
2008-02-22,134.97,135.85001,132.86,135.62,99.91594,205491000.0
2008-02-25,135.53999,137.64999,134.78,137.33,101.17574,190107000.0
2008-02-26,136.75,138.95,136.5,138.36,101.93461,212420700.0
2008-02-27,137.56,139.14,137.41,138.22,101.83148,168395800.0
2008-02-28,137.24001,137.96001,136.55,136.87,100.83687,170831100.0
2008-02-29,135.60001,135.67999,132.78,133.82001,98.5898,252715200.0
2008-03-03,133.14,133.81,132.24001,133.5,98.35409,189483500.0
2008-03-04,132.23,133.39999,130.99001,132.99001,97.97832,282513100.0
2008-03-05,133.42,134.77,132.34,133.83,98.59721,270681400.0
2008-03-06,132.98,133.22,130.55,131.06,96.55643,247911700.0
2008-03-07,129.77,131.74001,128.58,129.71001,95.56187,326434600.0
2008-03-10,129.84,129.92999,127.59,128.0,94.30202,235683600.0
2008-03-11,130.72,132.72,128.95,132.60001,97.69099,341440600.0
2008-03-12,132.74001,133.77,131.16,131.36,96.77746,229161100.0
2008-03-13,129.61,132.64,128.60001,131.64999,96.99113,351504200.0
2008-03-14,132.77,132.81,127.78,129.61,95.48816,484687800.0
2008-03-17,126.57,129.25999,126.07,128.3,94.52306,405311100.0
2008-03-18,130.62,133.69,129.98,133.63,98.44984,334416600.0
2008-03-19,134.14,134.64999,130.03999,130.32001,96.01128,345971600.0
2008-03-20,130.05,132.91,129.25999,132.08,97.78963,245320700.0
2008-03-24,133.31,135.81,133.24001,134.72,99.74425,208977300.0
2008-03-25,134.86,135.55,133.77,134.85001,99.84049,192947200.0
2008-03-26,134.46001,135.09,133.11,133.2,98.61889,196934300.0
2008-03-27,134.2,134.44,132.36,132.78,98.30791,225153200.0
2008-03-28,132.99001,133.36,131.06,131.50999,97.36765,180896100.0
2008-03-31,131.28999,132.73,131.09,131.97,97.7082,166692100.0
2008-04-01,133.61,136.84,133.50999,136.61,101.1436,254547300.0
2008-04-02,137.05,137.67,135.98,136.7,101.21022,210910800.0
2008-04-03,135.96001,137.44,135.71001,137.03999,101.46191,175884800.0
2008-04-04,137.12,137.96001,136.12,136.89,101.3509,204446800.0
2008-04-07,137.87,138.57001,136.74001,136.96001,101.4027,154245500.0
2008-04-08,136.19,136.92,135.95,136.82001,101.29907,148937300.0
2008-04-09,136.61,136.8,134.89,135.83,100.56612,195610600.0
2008-04-10,135.42,136.67,134.89999,136.02,100.70676,192967800.0
2008-04-11,134.49001,135.12,133.00999,133.38,98.75214,222973300.0
2008-04-14,133.19,133.53999,132.55,132.92999,98.41894,160522000.0
2008-04-15,133.58,133.69,132.33,133.24001,98.64851,172389200.0
2008-04-16,134.53999,136.91,134.52,136.85001,101.32129,189268900.0
2008-04-17,136.02,137.25,135.66,137.05,101.46933,179665700.0
2008-04-18,138.94,139.56,138.25999,138.48,102.52811,218530600.0
2008-04-21,138.23,138.98,137.85001,138.55,102.57991,118587400.0
2008-04-22,138.19,138.31,136.89999,137.94,102.12828,162166000.0
2008-04-23,138.09,138.78,137.12,137.72,101.9654,193309000.0
2008-04-24,138.08,139.74001,137.03999,138.32001,102.40965,229381300.0
2008-04-25,139.39999,139.89,137.91,139.60001,103.35731,190788100.0
2008-04-28,139.88,140.25,139.38,139.63,103.37955,105610200.0
2008-04-29,139.39,139.73,138.61,139.08,102.97231,125514100.0
2008-04-30,139.28999,140.59,138.25999,138.25999,102.36522,208395900.0
2008-05-01,138.38,141.12,138.27,141.12,104.4827,187279500.0
2008-05-02,142.34,142.37,140.56,141.50999,104.77147,181585500.0
2008-05-05,141.05,141.61,140.41,140.83,104.26798,118504500.0
2008-05-06,140.02,142.2,139.69,142.05,105.17123,179339800.0
2008-05-07,141.89,142.03999,139.13,139.52,103.2981,199267300.0
2008-05-08,139.74001,140.32001,138.98,139.16,103.03156,178321200.0
2008-05-09,138.60001,139.39,138.45,138.89999,102.83902,152588200.0
2008-05-12,139.25,140.56,138.73,140.46001,103.99403,147865900.0
2008-05-13,140.8,140.89,139.73,140.48,104.00887,159132200.0
2008-05-14,141.07001,142.2,140.46001,140.77,104.22355,181910800.0
2008-05-15,141.03999,142.63,140.83,142.53,105.52664,166927000.0
2008-05-16,142.86,142.87,141.61,142.66,105.62286,204236800.0
2008-05-19,142.81,144.3,142.3,143.05,105.91162,165664400.0
2008-05-20,142.27,142.34,141.0,141.89,105.05282,178552100.0
2008-05-21,141.81,142.12,139.0,139.49001,103.27589,252724800.0
2008-05-22,139.42999,140.17,139.0,139.50999,103.29069,170820400.0
2008-05-23,139.05,139.66,137.52,137.64,101.90615,181376400.0
2008-05-27,137.8,139.0,137.53,138.66,102.66137,168322900.0
2008-05-28,139.17,140.0,138.0,139.3,103.13519,181288100.0
2008-05-29,139.13,140.92999,139.08,140.0,103.65348,173927200.0
2008-05-30,140.47,140.74001,139.94,140.35001,103.91261,117362000.0
2008-06-02,139.83,139.86,138.0,138.89999,102.83902,181069900.0
2008-06-03,139.3,139.62,137.23,138.09,102.23936,271965700.0
2008-06-04,137.7,139.16,137.46001,138.02,102.18752,246637700.0
2008-06-05,138.58,140.89,138.32001,140.78,104.23097,237867100.0
2008-06-06,139.55,139.8,136.22,136.28999,100.90662,384276300.0
2008-06-09,136.86,137.5,135.41,136.62,101.15092,228263900.0
2008-06-10,135.67,137.10001,135.35001,135.94,100.64751,260234900.0
2008-06-11,135.97,136.25999,133.92999,133.94,99.16677,283890100.0
2008-06-12,134.60001,135.87,133.52,134.45,99.54436,252791800.0
2008-06-13,135.17,136.52,134.42,136.14999,100.80301,244726900.0
2008-06-16,135.55,136.92999,135.46001,136.23,100.86223,185832500.0
2008-06-17,137.07001,137.12,135.37,135.57001,100.3736,191707700.0
2008-06-18,134.69,135.52,133.71001,134.25,99.39625,265893000.0
2008-06-19,134.14999,135.24001,133.5,134.42,99.52213,304204900.0
2008-06-20,132.84,133.09,131.22,131.58,97.90673,289275700.0
2008-06-23,132.09,132.23,131.32001,131.45,97.80997,165096400.0
2008-06-24,131.05,132.44,130.19,131.19,97.61655,267300600.0
2008-06-25,131.72,133.39999,131.24001,131.81,98.07786,287853900.0
2008-06-26,130.57001,131.42,128.08,128.23,95.41403,297775000.0
2008-06-27,128.28,128.86,127.04,127.53,94.89319,303423400.0
2008-06-30,127.89,128.91,127.3,127.98,95.228,258842600.0
2008-07-01,126.52,128.47,125.93,128.38,95.5257,388622000.0
2008-07-02,128.78999,129.16,125.95,126.18,93.88864,288064600.0
2008-07-03,127.11,127.11,124.99,126.31,93.98539,239352500.0
2008-07-07,126.79,127.34,123.92,125.02,93.02554,372427300.0
2008-07-08,124.99,127.39,124.2,127.24,94.67741,375973700.0
2008-07-09,127.5,127.74,124.39,124.79,92.85438,336729400.0
2008-07-10,124.43,125.79,123.58,125.3,93.23388,436475700.0
2008-07-11,123.97,125.9,122.49,123.84,92.14751,481124600.0
2008-07-14,125.26,125.5,122.4,122.72,91.31414,322720800.0
2008-07-15,121.8,123.49,120.02,120.99,90.02685,502502500.0
2008-07-16,121.45,124.57,121.1,123.96,92.2368,371642900.0
2008-07-17,125.14,126.26,124.09,125.2,93.15949,375490600.0
2008-07-18,126.17,126.42,125.15,125.98,93.73986,267030100.0
2008-07-21,126.51,126.8,125.19,126.05,93.79192,222863000.0
2008-07-22,125.15,127.8,124.85,127.48,94.85598,296904200.0
2008-07-23,127.89,129.14999,127.55,128.17,95.36939,311698400.0
2008-07-24,128.34,128.41,125.16,125.51,93.39012,248634500.0
2008-07-25,125.89,126.49,125.17,125.48,93.36782,219131000.0
2008-07-28,125.51,126.06,123.42,123.64,91.99873,205201300.0
2008-07-29,123.98,126.38,123.64,126.28,93.96307,261505600.0
2008-07-30,127.11,128.60001,126.28,128.53,95.63727,354710000.0
2008-07-31,127.4,128.57001,126.63,126.83,94.37233,277402100.0
2008-08-01,127.12,127.28,125.46,126.16,93.87379,248690900.0
2008-08-04,126.04,126.14,124.76,124.99,93.0032,188239600.0
2008-08-05,126.02,128.56,124.97,128.36,95.51075,251577600.0
2008-08-06,128.02,129.3,127.48,128.92999,95.93493,209555400.0
2008-08-07,127.96,128.44,126.54,127.01,94.50628,246312500.0
2008-08-08,126.58,129.92999,126.38,129.37,96.26228,260811700.0
2008-08-11,129.47,131.50999,129.23,130.71001,97.25936,249425800.0
2008-08-12,130.28,130.7,128.73,129.35001,96.24742,213200800.0
2008-08-13,128.78999,129.64999,127.67,128.57001,95.66702,256393200.0
2008-08-14,127.84,130.28,127.75,129.53999,96.38878,239555300.0
2008-08-15,129.92999,130.5,129.3,130.17,96.8576,181000800.0
2008-08-18,130.42999,130.48,127.66,128.39,95.53308,172275100.0
2008-08-19,127.42,127.69,126.53,126.99,94.49139,194673700.0
2008-08-20,127.39,127.95,126.34,127.58,94.93042,225498200.0
2008-08-21,126.75,128.44,126.6,127.8,95.09411,180609800.0
2008-08-22,128.67,129.64999,127.8,129.64999,96.47068,167715300.0
2008-08-25,128.8,129.64999,126.75,127.02,94.51369,171936900.0
2008-08-26,127.02,127.87,126.58,127.39,94.78901,159117200.0
2008-08-27,127.55,128.83,127.3,128.63,95.71165,171032800.0
2008-08-28,129.28,130.34,129.11,130.19,96.87245,167537100.0
2008-08-29,129.73,130.14,128.50999,128.78999,95.83075,189195800.0
2008-09-02,130.03,130.71001,127.52,127.99,95.23547,252364900.0
2008-09-03,127.88,128.5,126.93,127.88,95.15359,251947000.0
2008-09-04,126.97,127.23,123.96,124.03,92.28889,340042500.0
2008-09-05,123.29,124.95,122.0,124.42,92.57908,289503400.0
2008-09-08,128.03999,128.24001,124.42,126.99,94.49139,364075300.0
2008-09-09,127.1,127.36,122.8,123.22,91.68618,377326800.0
2008-09-10,123.89,124.9,122.55,123.72,92.05823,298916600.0
2008-09-11,122.12,125.74,121.6,125.51,93.39012,375369400.0
2008-09-12,124.29,126.21,123.83,126.09,93.82171,297851200.0
2008-09-15,121.63,125.65,119.89,120.09,89.35721,483607000.0
2008-09-16,117.2,122.32,117.0,122.1,90.85281,581744300.0
2008-09-17,119.64,121.85,116.0,116.61,86.76776,624095600.0
2008-09-18,118.05,121.79,113.8,120.07,89.3423,776114700.0
2008-09-19,126.7,128.0,123.33,124.12,92.89043,501087800.0
2008-09-22,124.45,124.75,120.36,121.31,90.78745,249966500.0
2008-09-23,120.85,122.02,118.28,118.55,88.72191,327470400.0
2008-09-24,119.35,120.0,117.79,118.93,89.00629,311818400.0
2008-09-25,119.4,121.91,118.44,120.79,90.39829,328253000.0
2008-09-26,118.83,121.5,118.51,120.85,90.44318,285917400.0
2008-09-29,119.14,119.34,110.97,111.38,83.3559,459562300.0
2008-09-30,113.51,116.8,110.53,115.99,86.80602,328154400.0
2008-10-01,115.27,116.69,113.95,116.06,86.85837,332783000.0
2008-10-02,114.95,115.11,111.06,111.85,83.70767,365337800.0
2008-10-03,112.86,115.45,109.68,110.34,82.57759,461798000.0
2008-10-06,107.15,107.62,100.64,104.72,78.37165,610637500.0
2008-10-07,106.84,107.33,99.65,100.03,74.86166,540012100.0
2008-10-08,97.52,102.18,96.81,97.51,72.97573,725414800.0
2008-10-09,99.66,100.62,90.25,90.7,67.8792,534485200.0
2008-10-10,86.76,93.94,83.58,88.5,66.2327,871026300.0
2008-10-13,93.87,101.35,89.95,101.35,75.84956,455584000.0
2008-10-14,104.7,105.53,97.11,99.85,74.72696,546268300.0
2008-10-15,97.46,97.8,89.71,90.02,67.37025,484627500.0
2008-10-16,91.29,94.77,86.54,93.77,70.17673,708811200.0
2008-10-17,91.99,98.59,91.65,93.21,69.75763,476649000.0
2008-10-20,95.35,99.1,94.09,98.81,73.94859,321294200.0
2008-10-21,96.97,98.64,95.22,95.86,71.74087,356502000.0
2008-10-22,93.2,95.86,87.53,90.64,67.83427,516168000.0
2008-10-23,90.29,92.45,85.81,91.69,68.62009,634666400.0
2008-10-24,84.06,89.92,84.0,87.04,65.14007,545812600.0
2008-10-27,85.97,89.51,83.7,83.95,62.8275,397288600.0
2008-10-28,87.34,94.24,84.53,93.76,70.16924,639939500.0
2008-10-29,93.77,97.17,92.1,93.08,69.66032,531270100.0
2008-10-30,95.78,96.54,92.9,96.3,72.07014,414582100.0
2008-10-31,95.08,98.57,94.48,96.83,72.46681,411394000.0
2008-11-03,96.78,97.69,95.95,97.11,72.67637,205419400.0
2008-11-04,99.06,100.86,96.71,100.41,75.14608,346793400.0
2008-11-05,99.2,100.71,95.0,96.19,71.98784,387844100.0
2008-11-06,94.46,95.44,90.06,90.86,67.9989,477721900.0
2008-11-07,91.65,94.0,90.5,93.86,70.2441,380391000.0
2008-11-10,95.21,95.53,90.92,92.63,69.32355,301773000.0
2008-11-11,90.76,92.14,88.65,89.77,67.18319,418498200.0
2008-11-12,88.23,88.95,85.12,85.82,64.22697,454330600.0
2008-11-13,86.13,91.73,82.09,91.17,68.23088,753141900.0
2008-11-14,89.41,92.06,86.52,86.62,64.82571,540352300.0
2008-11-17,86.38,88.56,85.16,85.47,63.96507,415254900.0
2008-11-18,85.15,87.22,82.91,87.08,65.17003,523811800.0
2008-11-19,85.91,86.87,80.92,81.5,60.99395,558327600.0
2008-11-20,80.13,82.51,75.05,75.45,56.46617,814180400.0
2008-11-21,77.46,80.9,74.34,79.52,59.51215,718536500.0
2008-11-24,81.92,86.99,80.36,85.03,63.6358,523305300.0
2008-11-25,87.3,87.51,83.82,85.66,64.10728,454112400.0
2008-11-26,84.3,89.19,84.24,88.97,66.58446,370134200.0
2008-11-28,88.63,90.13,88.48,90.09,67.42265,118308100.0
2008-12-01,87.51,87.55,81.86,82.11,61.45049,369927100.0
2008-12-02,83.47,85.49,82.04,85.27,63.81538,469508400.0
2008-12-03,83.4,87.83,83.14,87.32,65.34961,519863500.0
2008-12-04,86.06,88.05,83.74,85.3,63.83786,444173800.0
2008-12-05,83.65,88.42,82.24,87.93,65.80614,471905300.0
2008-12-08,90.34,92.38,88.08,91.0,68.10368,412859300.0
2008-12-09,90.37,92.13,88.98,89.5,66.98109,370790000.0
2008-12-10,90.32,91.36,89.0,90.11,67.43761,396187400.0
2008-12-11,89.54,91.0,87.37,87.94,65.81361,365061000.0
2008-12-12,85.55,89.07,85.2,88.99,66.5994,415060400.0
2008-12-15,89.02,89.15,86.29,87.75,65.67142,256694200.0
2008-12-16,91.88,92.02,88.18,91.88,68.76228,377699500.0
2008-12-17,90.84,92.43,90.06,90.99,68.09621,281819800.0
2008-12-18,91.4,91.67,88.21,89.29,66.82394,374673300.0
2008-12-19,89.1,90.62,88.09,88.19,66.53649,301451300.0
2008-12-22,88.58,88.67,85.49,87.06,65.68395,243759500.0
2008-12-23,87.53,87.93,85.8,86.16,65.00493,221625200.0
2008-12-24,86.45,86.87,86.0,86.66,65.38216,62061600.0
2008-12-26,87.24,87.3,86.5,87.16,65.75941,74767700.0
2008-12-29,87.24,87.33,85.6,86.91,65.57078,127795900.0
2008-12-30,87.51,89.05,86.88,88.97,67.12496,168256300.0
2008-12-31,89.08,90.97,88.87,90.24,68.08314,193987200.0
2009-01-02,90.44,93.44,89.85,92.96,70.13527,227566300.0
2009-01-05,92.63,93.66,91.89,92.85,70.05229,240349700.0
2009-01-06,93.64,94.45,92.68,93.47,70.52007,328260900.0
2009-01-07,92.0,92.26,90.2,90.67,68.40756,280899200.0
2009-01-08,90.16,91.09,89.67,91.04,68.68671,263834400.0
2009-01-09,91.16,91.32,85.36,89.09,67.2155,330953600.0
2009-01-12,88.84,88.91,86.41,86.95,65.60094,277858500.0
2009-01-13,86.73,87.88,86.2,87.11,65.72163,356432300.0
2009-01-14,85.54,85.75,83.16,84.37,63.65444,435491600.0
2009-01-15,84.12,85.25,81.72,84.4,63.67706,532647300.0
2009-01-16,85.86,85.99,83.05,85.06,64.175,399237200.0
2009-01-20,84.23,85.06,80.05,80.57,60.78744,419855200.0
2009-01-21,81.94,84.24,80.47,84.05,63.41299,364360700.0
2009-01-22,82.42,84.04,81.17,82.75,62.43216,427940300.0
2009-01-23,80.9,83.99,80.57,83.11,62.7038,386800600.0
2009-01-26,83.59,85.36,82.81,83.68,63.13382,317978800.0
2009-01-27,84.13,85.15,83.3,84.53,63.77513,273789700.0
2009-01-28,86.4,87.95,86.07,87.39,65.93288,330007000.0
2009-01-29,86.11,87.49,84.47,84.55,63.79021,294392500.0
2009-01-30,84.98,85.4,82.21,82.83,62.49252,383383600.0
2009-02-02,81.57,83.18,81.31,82.58,62.30392,288233300.0
2009-02-03,83.1,84.36,82.22,83.74,63.1791,278385800.0
2009-02-04,84.3,85.37,83.04,83.33,62.86976,322989300.0
2009-02-05,82.7,85.29,77.73,84.57,63.80531,417679400.0
2009-02-06,84.86,87.34,84.68,86.98,65.6236,366101700.0
2009-02-09,86.96,87.74,86.32,87.1,65.71413,240075200.0
2009-02-10,86.27,87.03,82.45,83.11,62.7038,536212800.0
2009-02-11,83.45,84.05,82.4,83.6,63.07346,324442500.0
2009-02-12,82.17,83.82,81.05,83.66,63.11872,469302200.0
2009-02-13,83.55,84.24,82.74,82.76,62.43976,293998400.0
2009-02-17,80.16,82.96,79.17,79.22,59.76894,478910100.0
2009-02-18,79.79,79.94,78.28,79.03,59.62553,362964800.0
2009-02-19,79.84,80.15,78.02,78.18,58.98426,316867500.0
2009-02-20,76.73,78.34,75.77,77.42,58.41085,477176600.0
2009-02-23,78.27,78.27,74.59,74.65,56.32099,379641400.0
2009-02-24,75.29,77.95,74.7,77.48,58.45613,426260900.0
2009-02-25,77.14,78.42,75.63,76.87,57.9959,461985800.0
2009-02-26,77.82,79.67,75.53,75.62,57.05283,363353900.0
2009-02-27,74.01,75.69,73.81,73.93,55.77776,470510900.0
2009-03-02,72.52,73.92,70.37,70.6,53.2654,426452600.0
2009-03-03,71.61,71.7,69.64,70.07,52.86554,443761000.0
2009-03-04,71.23,72.87,70.07,71.73,54.11794,462753100.0
2009-03-05,70.1,71.73,68.17,68.8,51.90737,485549400.0
2009-03-06,69.4,70.45,67.1,68.92,51.9979,490470000.0
2009-03-09,67.95,70.0,67.73,68.11,51.38678,379905300.0
2009-03-10,69.51,72.37,69.37,72.17,54.44992,406227900.0
2009-03-11,73.0,73.75,71.83,72.64,54.80452,356648300.0
2009-03-12,72.62,75.75,71.97,75.5,56.96229,409702700.0
2009-03-13,76.01,76.98,74.73,76.09,57.40744,337474700.0
2009-03-16,76.96,77.97,75.81,75.86,57.23389,360644900.0
2009-03-17,76.07,78.36,75.45,78.18,58.98426,356814300.0
2009-03-18,77.81,80.9,77.07,79.93,60.30458,473273200.0
2009-03-19,80.93,81.0,78.69,78.94,59.55764,428520400.0
2009-03-20,78.76,78.91,76.53,76.71,58.28944,371078200.0
2009-03-23,78.74,82.29,78.31,82.22,62.47631,419933300.0
2009-03-24,81.24,82.36,80.51,80.6,61.24532,330271000.0
2009-03-25,81.23,82.7,79.06,81.45,61.89121,441775100.0
2009-03-26,82.25,83.3,81.32,83.11,63.15261,422025200.0
2009-03-27,82.05,82.53,81.31,81.61,62.01281,322332300.0
2009-03-30,79.8,79.87,77.96,78.79,59.86996,324108500.0
2009-03-31,79.56,81.08,79.05,79.52,60.42466,364238300.0
2009-04-01,78.53,81.42,78.33,81.06,61.59484,377018300.0
2009-04-02,83.08,84.61,81.13,83.43,63.39572,476230700.0
2009-04-03,83.49,84.28,82.67,84.26,64.02645,284646300.0
2009-04-06,83.34,84.28,82.29,83.6,63.52493,264866600.0
2009-04-07,82.25,82.65,81.51,81.65,62.04319,258947800.0
2009-04-08,82.06,82.94,81.54,82.53,62.71184,230402800.0
2009-04-09,84.67,85.82,84.33,85.81,65.20423,269653500.0
2009-04-13,84.92,86.54,84.58,85.83,65.21944,224847500.0
2009-04-14,85.03,85.76,84.08,84.35,64.09483,276598800.0
2009-04-15,83.84,85.42,83.61,85.25,64.7787,250726100.0
2009-04-16,85.93,87.15,84.77,86.5,65.72852,335202900.0
2009-04-17,86.83,87.65,86.14,87.08,66.16925,262649000.0
2009-04-20,85.54,87.05,83.34,83.43,63.39572,293690100.0
2009-04-21,82.82,85.13,82.75,85.06,64.63433,114090900.0
2009-04-22,84.29,86.34,84.07,84.54,64.23923,340395200.0
2009-04-23,84.71,85.42,83.63,85.37,64.86988,324903700.0
2009-04-24,86.03,87.31,85.69,86.66,65.85012,287703000.0
2009-04-27,85.68,87.01,85.54,85.84,65.22704,289581600.0
2009-04-28,84.97,86.59,84.76,85.57,65.02187,247926300.0
2009-04-29,86.52,88.36,86.3,87.39,66.40482,311505700.0
2009-04-30,88.55,89.02,86.92,87.42,66.42761,301419800.0
2009-05-01,87.44,88.21,86.72,87.89,66.78474,236110300.0
2009-05-04,88.55,90.94,88.38,90.88,69.05676,287120000.0
2009-05-05,90.57,90.93,89.84,90.57,68.82119,243036300.0
2009-05-06,91.68,92.2,90.61,92.14,70.01418,291941000.0
2009-05-07,93.01,93.15,90.28,90.86,69.04158,317728000.0
2009-05-08,92.03,93.22,91.44,92.98,70.6525,299081700.0
2009-05-11,91.7,92.11,91.04,91.24,69.33034,247923600.0
2009-05-12,91.63,91.83,89.85,90.97,69.12514,282431300.0
2009-05-13,89.74,90.01,88.5,88.68,67.38507,269619100.0
2009-05-14,88.72,90.12,88.5,89.44,67.96256,260098700.0
2009-05-15,89.37,90.0,88.15,88.71,67.40786,271502700.0
2009-05-18,89.55,91.34,88.57,91.23,69.32275,241447400.0
2009-05-19,91.18,91.97,90.81,91.12,69.23913,206102200.0
2009-05-20,91.95,92.8,90.41,90.51,68.77558,285722200.0
2009-05-21,89.46,89.8,88.26,89.21,67.7878,258988400.0
2009-05-22,89.46,90.0,88.68,89.02,67.64342,166811900.0
2009-05-26,88.36,91.56,88.32,91.3,69.37591,236318500.0
2009-05-27,91.44,91.75,89.53,89.67,68.13731,246015800.0
2009-05-28,90.46,91.34,89.1,90.92,69.08716,289095000.0
2009-05-29,91.42,93.7,90.68,92.53,70.31054,258641500.0
2009-06-01,93.67,95.17,93.43,94.77,72.01265,276246800.0
2009-06-02,94.4,95.37,94.23,94.85,72.07345,230874500.0
2009-06-03,94.04,94.13,92.76,93.65,71.16161,235310500.0
2009-06-04,94.0,94.67,93.3,94.53,71.83028,210102300.0
2009-06-05,95.49,95.67,93.8,94.55,71.84547,284257900.0
2009-06-08,93.84,95.1,93.04,94.16,71.54913,238565100.0
2009-06-09,94.69,95.14,94.02,94.64,71.91386,225125500.0
2009-06-10,95.48,95.49,93.19,94.4,71.73148,296100400.0
2009-06-11,94.58,96.11,94.56,94.82,72.05064,275414200.0
2009-06-12,94.4,95.14,94.0,95.08,72.24822,184361800.0
2009-06-15,93.96,94.02,92.4,92.9,70.59171,224190500.0
2009-06-16,93.23,93.29,91.58,91.64,69.63426,227319000.0
2009-06-17,91.6,92.33,90.83,91.55,69.56589,223445200.0
2009-06-18,91.69,92.67,91.25,92.22,70.075,211725100.0
2009-06-19,92.58,92.7,91.52,92.04,70.33326,215655600.0
2009-06-22,91.14,91.19,89.25,89.28,68.22418,251913600.0
2009-06-23,89.47,89.88,88.85,89.35,68.2777,188309800.0
2009-06-24,90.16,91.08,89.6,90.12,68.86608,211577700.0
2009-06-25,89.67,92.17,89.57,92.08,70.36384,279411000.0
2009-06-26,91.77,92.24,91.27,91.84,70.18044,167579000.0
2009-06-29,92.11,92.82,91.6,92.7,70.83762,168481300.0
2009-06-30,92.72,93.06,91.27,91.95,70.26449,228888200.0
2009-07-01,92.34,93.23,92.21,92.33,70.55489,173041100.0
2009-07-02,91.13,92.36,89.76,89.81,68.6292,212309900.0
2009-07-06,88.94,89.93,88.66,89.8,68.62157,174499600.0
2009-07-07,89.71,89.82,88.0,88.06,67.2919,197088900.0
2009-07-08,88.59,88.8,87.0,88.0,67.24606,248050500.0
2009-07-09,88.61,88.9,87.91,88.17,67.37598,163777600.0
2009-07-10,87.7,88.49,87.35,87.96,67.21551,173520300.0
2009-07-13,88.31,90.17,87.59,90.1,68.85078,217413500.0
2009-07-14,90.38,90.69,89.73,90.61,69.24052,181487400.0
2009-07-15,91.81,93.51,90.68,93.26,71.26554,220877900.0
2009-07-16,93.0,94.51,92.82,93.11,71.15092,231174500.0
2009-07-17,94.06,94.32,93.54,94.13,71.93038,138561700.0
2009-07-20,94.68,95.29,94.19,95.13,72.69453,164179400.0
2009-07-21,95.87,95.9,94.42,95.57,73.03078,217718300.0
2009-07-22,94.96,96.13,94.89,95.55,73.01547,196068100.0
2009-07-23,95.61,98.08,95.53,97.66,74.62786,258795500.0
2009-07-24,97.2,98.14,96.69,98.06,74.93352,154003100.0
2009-07-27,97.88,98.4,97.34,98.35,75.15511,159259400.0
2009-07-28,97.66,98.37,97.06,97.89,74.80363,186685200.0
2009-07-29,97.44,98.09,96.98,97.65,74.62021,194399300.0
2009-07-30,98.83,99.83,98.6,98.67,75.39964,225575400.0
2009-07-31,98.65,99.47,98.38,98.81,75.50665,207358000.0
2009-08-03,99.85,100.53,99.31,100.44,76.75222,175776900.0
2009-08-04,99.99,100.84,99.78,100.7,76.9509,176714600.0
2009-08-05,100.77,100.86,99.58,100.41,76.72931,184726400.0
2009-08-06,100.87,101.02,99.42,99.89,76.33192,193203800.0
2009-08-07,100.94,102.03,100.39,101.2,77.33295,220640900.0
2009-08-10,100.74,101.22,100.27,100.99,77.17249,130898700.0
2009-08-11,100.54,100.61,99.46,99.73,76.20966,157301000.0
2009-08-12,99.56,101.56,99.51,100.8,77.02733,219052400.0
2009-08-13,101.26,101.61,100.26,101.57,77.61571,176449500.0
2009-08-14,101.52,101.6,99.7,100.79,77.01968,199616100.0
2009-08-17,98.85,98.95,98.11,98.31,75.12454,237667500.0
2009-08-18,98.53,99.44,98.35,99.09,75.72057,173461500.0
2009-08-19,98.31,100.3,98.21,99.96,76.38541,192812800.0
2009-08-20,100.09,101.22,99.87,100.99,77.17249,174131300.0
2009-08-21,101.82,103.13,101.62,102.97,78.68553,224605000.0
2009-08-24,103.39,103.95,102.59,102.96,78.67791,191279000.0
2009-08-25,103.37,104.26,102.94,103.16,78.83073,215310600.0
2009-08-26,102.84,103.64,102.49,103.17,78.83836,194620700.0
2009-08-27,103.11,103.72,101.94,103.4,79.01411,196230100.0
2009-08-28,104.23,104.35,102.67,103.38,78.99883,147024400.0
2009-08-31,102.37,102.58,101.79,102.46,78.29581,176051600.0
2009-09-01,101.95,103.24,99.99,100.2,76.5688,321276800.0
2009-09-02,99.78,100.44,99.57,99.82,76.27843,171805000.0
2009-09-03,100.4,100.77,99.59,100.65,76.91267,143572300.0
2009-09-04,100.85,102.09,100.55,102.06,77.99014,142687900.0
2009-09-08,103.0,103.05,102.39,102.94,78.66262,132909100.0
2009-09-09,103.12,104.08,102.8,103.73,79.26633,154612500.0
2009-09-10,103.8,104.86,103.22,104.79,80.07631,162902400.0
2009-09-11,104.99,105.3,104.28,104.77,80.06103,152360100.0
2009-09-14,103.88,105.46,103.15,105.28,80.45076,149593800.0
2009-09-15,105.45,106.11,104.76,105.72,80.78698,196795900.0
2009-09-16,106.1,107.34,105.73,107.32,82.0096,206406300.0
2009-09-17,107.17,108.06,106.57,107.16,81.88739,229170900.0
2009-09-18,107.15,107.16,106.36,106.72,81.93959,153799100.0
2009-09-21,105.89,107.0,105.66,106.45,81.7323,151892000.0
2009-09-22,107.08,107.37,106.6,107.07,82.20833,143126700.0
2009-09-23,107.32,108.03,105.99,106.18,81.52499,225947400.0
2009-09-24,106.41,106.64,104.55,105.01,80.62664,228636800.0
2009-09-25,104.78,105.36,104.09,104.45,80.19666,204059000.0
2009-09-28,104.85,106.55,104.83,106.32,81.63245,118285800.0
2009-09-29,106.51,107.02,105.78,106.0,81.38676,133733900.0
2009-09-30,106.36,106.46,104.62,105.59,81.07198,254383000.0
2009-10-01,103.0,105.73,102.95,102.97,79.06033,281840600.0
2009-10-02,102.02,103.1,101.99,102.49,78.69176,224748800.0
2009-10-05,102.9,104.32,102.6,104.02,79.86652,149875000.0
2009-10-06,104.77,106.11,104.71,105.51,81.01057,202491100.0
2009-10-07,105.27,105.91,105.07,105.8,81.23321,159200300.0
2009-10-08,106.55,107.17,105.85,106.61,81.8551,183305800.0
2009-10-09,106.64,107.26,106.36,107.26,82.3542,135008300.0
2009-10-12,107.76,108.09,107.28,107.68,82.67667,118031000.0
2009-10-13,107.39,107.71,106.76,107.46,82.50776,157692700.0
2009-10-14,108.72,109.42,107.42,109.31,83.92816,191421600.0
2009-10-15,108.78,109.71,108.73,109.71,84.23531,173873600.0
2009-10-16,108.8,109.27,108.23,108.89,83.60569,192069400.0
2009-10-19,109.07,110.13,108.73,109.79,84.29673,159530400.0
2009-10-20,109.95,109.99,108.68,109.21,83.85138,180921100.0
2009-10-21,109.04,110.31,108.15,108.23,83.09893,225379300.0
2009-10-22,108.19,109.68,107.5,109.33,83.94354,238444000.0
2009-10-23,109.69,109.76,107.63,108.08,82.9838,240033200.0
2009-10-26,108.2,109.31,106.61,106.91,82.08547,242028200.0
2009-10-27,107.03,107.39,106.16,106.42,81.70923,253266300.0
2009-10-28,106.15,106.48,104.35,104.41,80.16596,248821400.0
2009-10-29,105.19,106.86,104.94,106.65,81.88583,198110600.0
2009-10-30,106.3,106.62,103.44,103.56,79.51334,325608100.0
2009-11-02,104.13,105.41,103.08,104.32,80.09686,254222900.0
2009-11-03,103.74,104.8,103.54,104.65,80.35023,228362600.0
2009-11-04,105.51,106.33,104.65,104.92,80.55755,247996700.0
2009-11-05,105.66,106.88,105.44,106.85,82.03939,180015300.0
2009-11-06,106.26,107.4,106.05,107.13,82.25438,170954100.0
2009-11-09,107.95,109.63,107.87,109.57,84.12782,159495700.0
2009-11-10,109.31,109.93,108.97,109.59,84.1432,171899800.0
2009-11-11,110.31,110.82,109.62,110.15,84.57313,169466200.0
2009-11-12,110.0,110.57,108.75,109.03,83.7132,157144500.0
2009-11-13,109.31,110.09,108.75,109.62,84.16619,150963000.0
2009-11-16,110.38,111.69,110.32,111.21,85.38701,210922200.0
2009-11-17,110.92,111.39,110.5,111.34,85.48682,147134100.0
2009-11-18,111.26,111.43,110.57,111.27,85.43308,156486800.0
2009-11-19,110.51,111.31,109.13,109.82,84.31976,208734600.0
2009-11-20,109.25,109.76,109.01,109.43,84.0203,134196000.0
2009-11-23,110.72,111.74,110.6,110.82,85.08755,148010200.0
2009-11-24,111.0,111.2,110.01,110.99,85.21809,138420100.0
2009-11-25,111.17,111.5,110.82,111.38,85.51753,109564800.0
2009-11-27,108.4,110.32,108.29,109.57,84.12782,126001800.0
2009-11-30,109.48,110.2,108.12,109.94,84.41188,160874800.0
2009-12-01,110.92,111.66,110.73,111.3,85.45609,159613700.0
2009-12-02,111.28,112.01,110.92,111.25,85.41772,132315100.0
2009-12-03,111.55,112.18,110.29,110.38,84.7497,167324900.0
2009-12-04,111.84,112.38,110.04,111.01,85.23345,274907800.0
2009-12-07,110.91,111.53,110.49,110.84,85.10292,127973800.0
2009-12-08,110.04,110.77,109.27,109.61,84.15852,169863700.0
2009-12-09,109.58,110.18,109.02,110.02,84.4733,155063400.0
2009-12-10,110.7,111.12,110.45,110.64,84.94937,138014600.0
2009-12-11,111.11,111.36,110.61,111.11,85.31023,124854000.0
2009-12-14,111.87,112.0,111.13,111.87,85.89377,107141500.0
2009-12-15,111.46,111.92,111.0,111.35,85.49448,120408800.0
2009-12-16,111.8,112.13,111.27,111.52,85.62502,155358200.0
2009-12-17,110.72,110.93,110.08,110.18,84.59618,183390100.0
2009-12-18,110.2,110.3,109.28,110.21,85.07474,174591200.0
2009-12-21,110.76,111.7,110.76,111.33,85.93931,118039600.0
2009-12-22,111.57,111.97,111.43,111.73,86.24812,91707500.0
2009-12-23,112.0,112.11,111.5,111.95,86.41793,111783100.0
2009-12-24,112.19,112.6,112.0,112.48,86.82704,39677500.0
2009-12-28,112.9,112.99,112.32,112.72,87.01234,87508500.0
2009-12-29,113.01,113.03,112.55,112.56,86.88881,80572500.0
2009-12-30,112.23,112.65,112.17,112.52,86.85793,73138400.0
2009-12-31,112.77,112.8,111.39,111.44,86.02425,90637900.0
2010-01-04,112.37,113.39,111.51,113.33,87.48321,118944600.0
2010-01-05,113.26,113.68,112.85,113.63,87.71479,111579900.0
2010-01-06,113.52,113.99,113.43,113.71,87.77655,116074400.0
2010-01-07,113.5,114.33,113.18,114.19,88.14706,131091100.0
2010-01-08,113.89,114.62,113.66,114.57,88.44038,126402800.0
2010-01-11,115.08,115.13,114.24,114.73,88.56393,106375700.0
2010-01-12,113.97,114.21,113.22,113.66,87.73794,163333500.0
2010-01-13,113.95,114.94,113.37,114.62,88.479,161822000.0
2010-01-14,114.49,115.14,114.42,114.93,88.7183,115718800.0
2010-01-15,114.73,114.84,113.2,113.64,87.72251,212283100.0
2010-01-19,113.62,115.13,113.59,115.06,88.81865,139172700.0
2010-01-20,114.28,114.45,112.98,113.89,87.91549,216490200.0
2010-01-21,113.92,114.27,111.56,111.7,86.22494,344859600.0
2010-01-22,111.2,111.74,109.09,109.21,84.30284,345942400.0
2010-01-25,110.21,110.41,109.41,109.77,84.73512,186937500.0
2010-01-26,109.34,110.47,109.04,109.31,84.38001,211168800.0
2010-01-27,109.17,110.08,108.33,109.83,84.78143,271863600.0
2010-01-28,110.19,110.25,107.91,108.57,83.80877,316104000.0
2010-01-29,109.04,109.8,107.22,107.39,82.89792,310677600.0
2010-02-01,108.15,109.07,107.5,109.06,84.18705,187865000.0
2010-02-02,109.26,110.59,108.88,110.38,85.206,216327900.0
2010-02-03,109.88,110.48,109.51,109.83,84.78143,172730700.0
2010-02-04,108.98,109.03,106.42,106.44,82.16457,356715700.0
2010-02-05,106.56,106.88,104.58,106.66,82.33441,493585800.0
2010-02-08,106.74,107.33,105.81,105.89,81.74003,224166900.0
2010-02-09,107.13,108.15,106.27,107.22,82.76671,337820500.0
2010-02-10,107.05,107.6,106.11,107.01,82.60458,240511500.0
2010-02-11,106.87,108.25,106.25,108.13,83.46915,223591600.0
2010-02-12,106.99,108.1,106.51,108.04,83.39967,304622100.0
2010-02-16,108.86,109.85,107.82,109.74,84.71194,159317500.0
2010-02-17,110.27,110.41,109.74,110.26,85.11339,168845100.0
2010-02-18,110.08,111.14,110.04,110.91,85.61514,193708600.0
2010-02-19,110.62,111.57,110.36,111.14,85.79266,222684900.0
2010-02-22,111.55,111.58,110.83,111.16,85.80811,132346900.0
2010-02-23,110.86,111.2,109.52,109.81,84.76599,207497000.0
2010-02-24,110.14,111.0,109.86,110.82,85.54561,176350700.0
2010-02-25,109.24,110.75,108.94,110.67,85.42989,259634700.0
2010-02-26,110.77,111.12,110.11,110.74,85.48389,173589300.0
2010-03-01,111.2,112.0,111.17,111.89,86.3716,147709700.0
2010-03-02,112.37,112.74,112.0,112.2,86.61092,160992400.0
2010-03-03,112.49,112.97,112.02,112.3,86.68813,150785000.0
2010-03-04,112.45,112.8,112.03,112.64,86.95055,135770400.0
2010-03-05,113.37,114.34,113.1,114.25,88.19341,176118800.0
2010-03-08,114.26,114.52,114.07,114.27,88.20881,114631200.0
2010-03-09,113.93,114.99,113.87,114.46,88.35548,154556700.0
2010-03-10,114.51,115.28,114.41,114.97,88.74916,186088800.0
2010-03-11,114.7,115.48,114.35,115.45,89.11969,160791100.0
2010-03-12,115.95,115.97,115.14,115.46,89.12742,162074800.0
2010-03-15,115.26,115.57,114.6,115.49,89.15057,146816800.0
2010-03-16,115.81,116.52,115.49,116.41,89.86077,168673000.0
2010-03-17,116.76,117.48,116.42,117.1,90.39342,177468100.0
2010-03-18,117.11,117.27,116.57,117.04,90.34707,196509100.0
2010-03-19,115.97,117.29,115.52,115.97,89.88976,226641100.0
2010-03-22,115.31,116.8,115.24,116.59,90.37032,184477800.0
2010-03-23,116.76,117.51,116.38,117.41,91.00591,182941600.0
2010-03-24,116.97,117.43,115.58,116.84,90.56413,196072600.0
2010-03-25,117.63,118.17,116.51,116.65,90.41683,223396300.0
2010-03-26,116.87,117.42,116.12,116.58,90.36255,205808500.0
2010-03-29,117.17,117.53,116.69,117.32,90.93615,134513500.0
2010-03-30,117.46,117.83,116.91,117.4,90.99816,145772500.0
2010-03-31,116.95,117.52,116.61,117.0,90.68812,161078700.0
2010-04-01,117.8,118.25,117.1,117.8,91.30822,161215200.0
2010-04-05,118.25,118.84,117.92,118.76,92.05232,105847600.0
2010-04-06,118.42,119.25,118.29,119.04,92.26934,110384200.0
2010-04-07,118.8,119.36,117.81,118.36,91.74229,184576300.0
2010-04-08,117.95,118.97,117.6,118.77,92.06006,158704000.0
2010-04-09,119.02,119.6,118.8,119.55,92.66465,133006500.0
2010-04-12,119.7,120.05,119.56,119.74,92.81191,110279000.0
2010-04-13,119.62,120.04,119.0,119.83,92.88168,125043600.0
2010-04-14,120.27,121.19,120.08,121.19,93.93585,161609000.0
2010-04-15,120.99,121.57,120.95,121.29,94.01335,144615300.0
2010-04-16,120.86,121.29,118.75,119.36,92.51739,366786700.0
2010-04-19,119.01,119.93,118.47,119.81,92.86617,217947800.0
2010-04-20,120.56,120.98,119.87,120.88,93.69553,157708000.0
2010-04-21,120.95,121.23,119.99,120.66,93.52505,192910100.0
2010-04-22,119.81,121.17,119.12,121.02,93.80408,115360300.0
2010-04-23,120.94,121.86,120.63,121.81,94.4164,177335500.0
2010-04-26,121.85,122.12,121.23,121.35,94.05984,143457300.0
2010-04-27,120.65,121.34,118.25,118.48,91.83531,355853300.0
2010-04-28,119.05,119.68,118.27,119.38,92.53289,300674100.0
2010-04-29,120.1,121.11,120.07,120.86,93.68005,193775000.0
2010-04-30,120.88,121.01,118.78,118.81,92.09108,270000900.0
2010-05-03,119.38,120.68,119.2,120.35,93.28478,182747900.0
2010-05-04,119.01,119.03,116.92,117.52,91.09116,360353400.0
2010-05-05,116.56,117.8,115.97,116.82,90.54861,328973200.0
2010-05-06,116.26,117.0,105.0,112.94,87.54118,647356600.0
2010-05-07,112.64,113.77,109.41,111.26,86.23897,637558800.0
2010-05-10,115.81,116.65,114.91,116.16,90.03703,396159600.0
2010-05-11,115.07,117.36,114.91,115.83,89.78123,317849800.0
2010-05-12,116.29,117.62,116.09,117.45,91.03692,235607100.0
2010-05-13,117.13,117.68,115.89,115.99,89.90526,234452500.0
2010-05-14,115.12,115.33,112.87,113.89,88.27753,345601400.0
2010-05-17,114.2,114.52,111.77,113.95,88.32401,325739800.0
2010-05-18,114.88,115.22,112.03,112.4,87.12262,360556800.0
2010-05-19,111.77,112.77,110.36,111.76,86.62655,394742700.0
2010-05-20,109.38,109.89,107.47,107.54,83.35554,530418300.0
2010-05-21,105.91,109.38,105.36,109.11,84.57249,500909400.0
2010-05-24,108.52,109.39,107.61,107.71,83.48734,269823000.0
2010-05-25,105.11,107.87,104.38,107.82,83.57257,396505200.0
2010-05-26,108.48,109.47,106.85,107.17,83.06875,349719300.0
2010-05-27,109.19,110.8,108.78,110.76,85.85143,300870500.0
2010-05-28,110.64,110.72,108.85,109.37,84.77404,297933500.0
2010-06-01,108.35,109.95,107.37,107.53,83.34779,277909400.0
2010-06-02,108.08,110.34,107.51,110.33,85.51812,240243700.0
2010-06-03,110.65,111.06,109.58,110.71,85.81267,226618300.0
2010-06-04,108.61,109.33,106.46,106.82,82.79747,398475600.0
2010-06-07,107.2,107.61,105.41,105.49,81.76658,264609100.0
2010-06-08,105.57,106.83,104.65,106.62,82.64245,357774300.0
2010-06-09,107.24,108.28,105.6,106.05,82.20064,268023300.0
2010-06-10,107.86,109.28,106.04,109.15,84.60351,317890600.0
2010-06-11,108.19,109.75,108.12,109.68,85.01427,214128200.0
2010-06-14,110.52,111.12,109.4,109.51,84.88254,207196100.0
2010-06-15,110.28,112.1,110.09,112.0,86.81255,238268700.0
2010-06-16,111.42,112.42,111.2,111.96,86.78155,216374000.0
2010-06-17,112.28,112.33,111.05,112.14,86.92108,263185800.0
2010-06-18,111.83,112.13,111.37,111.73,87.01532,174006600.0
2010-06-21,113.12,113.2,110.79,111.41,86.7661,213140700.0
2010-06-22,111.41,111.9,109.41,109.57,85.3331,239355400.0
2010-06-23,109.64,110.03,108.48,109.23,85.06836,254639900.0
2010-06-24,108.69,108.83,107.14,107.42,83.65869,268523600.0
2010-06-25,107.74,108.42,106.77,107.87,84.00913,238726500.0
2010-06-28,108.03,108.32,107.14,107.53,83.74434,169218600.0
2010-06-29,106.02,107.51,103.55,104.21,81.15873,373649500.0
2010-06-30,103.92,104.88,102.88,103.22,80.38772,284101700.0
2010-07-01,103.15,103.49,101.13,102.76,80.02946,382924800.0
2010-07-02,103.11,103.42,101.62,102.2,79.59335,233385200.0
2010-07-06,103.64,104.37,101.88,102.87,80.11514,256935300.0
2010-07-07,103.13,106.24,103.02,106.11,82.63845,253769400.0
2010-07-08,107.0,107.28,105.91,107.16,83.45623,210842100.0
2010-07-09,107.13,107.97,106.93,107.96,84.07925,144999900.0
2010-07-12,107.6,108.24,107.15,108.03,84.13374,131283600.0
2010-07-13,109.15,110.09,108.93,109.66,85.40318,213025900.0
2010-07-14,109.31,110.08,108.86,109.65,85.39541,184426800.0
2010-07-15,109.61,110.06,108.17,109.68,85.41873,232337900.0
2010-07-16,109.09,109.21,106.45,106.66,83.06679,282693400.0
2010-07-19,107.05,107.63,106.22,107.29,83.55742,186709000.0
2010-07-20,105.87,108.56,105.82,108.48,84.48421,258162400.0
2010-07-21,109.04,109.07,106.63,107.07,83.38609,264527000.0
2010-07-22,108.34,109.94,108.33,109.46,85.24744,274781300.0
2010-07-23,109.24,110.57,108.93,110.41,85.98729,222020800.0
2010-07-26,110.6,111.67,110.29,111.56,86.88288,184445700.0
2010-07-27,112.17,112.29,111.11,111.55,86.87514,204855600.0
2010-07-28,111.32,111.66,110.46,110.83,86.31437,163056200.0
2010-07-29,111.52,111.82,109.41,110.29,85.89387,220149100.0
2010-07-30,109.17,110.86,108.98,110.27,85.87823,220070600.0
2010-08-02,111.99,112.94,111.54,112.76,87.81748,188263200.0
2010-08-03,112.48,112.77,111.85,112.22,87.39693,146657300.0
2010-08-04,112.53,113.11,112.16,112.97,87.98103,158171700.0
2010-08-05,112.25,112.91,112.08,112.85,87.88757,140473800.0
2010-08-06,111.74,112.57,110.92,112.39,87.52932,239728300.0
2010-08-09,112.92,113.18,112.32,112.99,87.9966,120800400.0
2010-08-10,112.03,112.98,111.37,112.38,87.52154,242916300.0
2010-08-11,110.65,110.69,109.12,109.3,85.12283,273406900.0
2010-08-12,107.65,109.02,107.6,108.63,84.60103,239542600.0
2010-08-13,108.29,108.96,108.18,108.31,84.3518,158698500.0
2010-08-16,107.57,108.61,107.18,108.26,84.31288,147895300.0
2010-08-17,109.19,110.39,108.88,109.59,85.3487,172270300.0
2010-08-18,109.54,110.38,108.91,109.79,85.50442,182922100.0
2010-08-19,109.22,109.49,107.43,107.88,84.01695,265847600.0
2010-08-20,107.56,107.94,106.75,107.53,83.74434,209714200.0
2010-08-23,108.04,108.57,107.07,107.12,83.42507,163490300.0
2010-08-24,105.95,106.39,104.97,105.53,82.18677,280677800.0
2010-08-25,104.95,106.34,104.29,105.94,82.5061,272234800.0
2010-08-26,106.44,106.58,104.88,105.23,81.95311,224439500.0
2010-08-27,105.89,106.97,104.31,106.86,83.22254,272649000.0
2010-08-30,106.58,106.91,105.3,105.31,82.01539,167238600.0
2010-08-31,104.92,105.98,104.49,105.31,82.01539,273933100.0
2010-09-01,106.73,108.61,106.66,108.46,84.46866,256828100.0
2010-09-02,108.72,109.49,108.49,109.47,85.25523,156112200.0
2010-09-03,110.54,110.99,109.95,110.89,86.36113,212197300.0
2010-09-07,110.37,110.51,109.55,109.64,85.38765,141973700.0
2010-09-08,109.86,110.85,109.81,110.41,85.98729,149924400.0
2010-09-09,111.65,111.68,110.62,110.92,86.38448,147017900.0
2010-09-10,111.12,111.61,110.87,111.48,86.8206,127819000.0
2010-09-13,112.58,112.95,112.13,112.72,87.78634,178503500.0
2010-09-14,112.5,113.29,112.08,112.65,87.73182,209823600.0
2010-09-15,112.32,113.21,111.98,113.08,88.0667,168608400.0
2010-09-16,112.73,113.12,112.35,113.05,88.04333,199962900.0
2010-09-17,113.04,113.15,112.18,112.49,88.0762,195836900.0
2010-09-20,112.88,114.46,112.52,114.21,89.42292,214555200.0
2010-09-21,114.3,114.84,113.51,113.98,89.24284,268389100.0
2010-09-22,113.8,114.44,113.1,113.42,88.8044,191322400.0
2010-09-23,112.49,113.67,112.18,112.5,88.08404,202354300.0
2010-09-24,113.75,114.9,113.65,114.82,89.90054,209671800.0
2010-09-27,114.86,114.99,114.16,114.27,89.46987,128761800.0
2010-09-28,114.42,115.04,113.18,114.67,89.78308,209207500.0
2010-09-29,114.38,114.91,114.02,114.47,89.62648,179665800.0
2010-09-30,115.05,115.79,113.59,114.13,89.36031,287106700.0
2010-10-01,114.99,115.12,113.93,114.61,89.73611,174638700.0
2010-10-04,114.37,114.85,113.18,113.75,89.06274,166153200.0
2010-10-05,114.8,116.32,114.67,116.04,90.85576,229634100.0
2010-10-06,116.02,116.33,115.56,116.03,90.84791,148626600.0
2010-10-07,116.5,116.53,115.19,115.89,90.73829,164860000.0
2010-10-08,116.05,116.86,115.61,116.54,91.24725,177760100.0
2010-10-11,116.72,116.97,116.25,116.65,91.33337,103098300.0
2010-10-12,116.27,117.35,115.65,117.01,91.61527,182210000.0
2010-10-13,117.66,118.55,117.38,117.92,92.32774,194347200.0
2010-10-14,117.81,118.01,116.72,117.46,91.96758,217764300.0
2010-10-15,118.28,118.35,116.76,117.7,92.15547,243705000.0
2010-10-18,117.74,118.67,117.31,118.28,92.60959,141204800.0
2010-10-19,117.19,117.85,116.02,116.73,91.396,280604700.0
2010-10-20,116.94,118.44,116.87,117.87,92.28861,200051800.0
2010-10-21,118.4,119.09,117.21,118.13,92.49217,221585500.0
2010-10-22,118.31,118.53,118.0,118.35,92.66441,108212400.0
2010-10-25,119.14,119.76,118.61,118.7,92.93846,151145700.0
2010-10-26,118.1,118.84,117.87,118.72,92.9541,158982900.0
2010-10-27,117.89,118.51,117.26,118.38,92.6879,190024000.0
2010-10-28,119.06,119.11,117.83,118.4,92.70358,168576000.0
2010-10-29,118.28,118.72,118.07,118.49,92.774,144305500.0
2010-11-01,119.07,119.75,117.85,118.53,92.80535,174074800.0
2010-11-02,119.42,119.75,119.1,119.47,93.54137,158345900.0
2010-11-03,119.68,120.02,118.45,119.95,93.91716,226702800.0
2010-11-04,121.28,122.32,119.97,122.26,95.72583,215039400.0
2010-11-05,122.34,122.92,122.18,122.72,96.08598,180654100.0
2010-11-08,122.34,122.69,121.94,122.49,95.90588,156107100.0
2010-11-09,122.82,122.95,121.12,121.61,95.21689,186621600.0
2010-11-10,121.58,122.16,120.66,122.1,95.60055,221387400.0
2010-11-11,121.05,121.82,120.68,121.64,95.24036,158017600.0
2010-11-12,120.82,121.35,119.65,120.2,94.1129,239068800.0
2010-11-15,120.58,121.05,119.98,120.03,93.9798,163940800.0
2010-11-16,119.29,119.49,117.59,118.16,92.51566,299566200.0
2010-11-17,118.21,118.71,117.86,118.22,92.56261,172308900.0
2010-11-18,119.36,120.39,119.35,119.96,93.92496,197723700.0
2010-11-19,119.9,120.34,119.25,120.29,94.18338,156852900.0
2010-11-22,119.69,120.24,118.77,120.19,94.10507,181361000.0
2010-11-23,118.77,119.02,117.99,118.45,92.74271,222309000.0
2010-11-24,119.2,120.23,119.18,120.2,94.1129,140046100.0
2010-11-26,119.16,119.81,118.8,118.8,93.01675,76007800.0
2010-11-29,118.5,119.48,117.74,119.16,93.29863,223642300.0
2010-11-30,117.98,119.17,117.81,118.49,92.774,233930700.0
2010-12-01,120.2,121.24,120.19,121.01,94.74712,221037200.0
2010-12-02,121.2,122.65,121.13,122.56,95.96072,191213600.0
2010-12-03,122.14,123.03,122.11,122.89,96.21911,151288900.0
2010-12-06,122.63,123.04,122.5,122.76,96.11731,103050500.0
2010-12-07,123.94,124.01,122.76,122.83,96.1721,206581000.0
2010-12-08,122.98,123.38,122.41,123.28,96.52444,138019200.0
2010-12-09,123.97,124.02,123.15,123.76,96.90029,123705100.0
2010-12-10,124.14,124.6,123.73,124.48,97.46405,117571700.0
2010-12-13,125.05,125.2,124.52,124.56,97.52662,133812700.0
2010-12-14,124.75,125.23,124.29,124.67,97.61278,147249600.0
2010-12-15,124.44,124.93,123.89,124.1,97.16647,160823100.0
2010-12-16,124.18,124.91,123.75,124.82,97.73022,185035200.0
2010-12-17,124.08,124.46,123.82,124.3,97.8349,141075300.0
2010-12-20,124.64,124.9,123.98,124.6,98.07105,119085500.0
2010-12-21,124.99,125.47,124.87,125.39,98.69279,94965500.0
2010-12-22,125.48,125.82,125.41,125.78,98.99979,78878100.0
2010-12-23,125.64,125.78,125.29,125.6,98.85812,70053700.0
2010-12-27,125.13,125.77,125.04,125.65,98.89748,58126000.0
2010-12-28,125.9,125.95,125.5,125.83,99.03912,55309100.0
2010-12-29,125.98,126.2,125.9,125.92,99.11002,58033100.0
2010-12-30,125.8,126.13,125.53,125.72,98.95258,76616900.0
2010-12-31,125.53,125.87,125.33,125.75,98.9762,91218900.0
2011-01-03,126.71,127.6,125.7,127.05,99.99942,138725200.0
2011-01-04,127.33,127.37,126.19,126.98,99.9443,137409700.0
2011-01-05,126.58,127.72,126.46,127.64,100.46376,133975300.0
2011-01-06,127.69,127.83,127.01,127.39,100.267,122519000.0
2011-01-07,127.56,127.77,126.15,127.14,100.07024,156034600.0
2011-01-10,126.58,127.16,126.2,126.98,99.9443,122401700.0
2011-01-11,127.44,127.74,126.95,127.43,100.2985,110287000.0
2011-01-12,128.21001,128.72,127.46,128.58,101.20365,107929200.0
2011-01-13,128.63,128.69,128.05,128.37,101.03836,129048400.0
2011-01-14,128.19,129.33,128.10001,129.3,101.77036,117677900.0
2011-01-18,129.17999,129.64,129.03,129.52,101.9435,114401300.0
2011-01-19,129.41,129.53999,127.91,128.25,100.94389,151958400.0
2011-01-20,127.96,128.39999,127.13,128.08,100.8101,175745700.0
2011-01-21,128.88,129.17,128.23,128.37,101.03836,151462900.0
2011-01-24,128.28999,129.25,128.25999,129.10001,101.61295,113715500.0
2011-01-25,128.75999,129.28,128.11,129.17,101.66805,167552200.0
2011-01-26,129.49001,130.05,129.23,129.67,102.06156,141281500.0
2011-01-27,129.7,130.21001,129.47,129.99001,102.31342,123302700.0
2011-01-28,130.14,130.35001,127.51,127.72,100.52676,295637300.0
2011-01-31,128.07001,128.78,127.75,128.67999,101.28234,149249200.0
2011-02-01,129.46001,130.97,129.38,130.74001,102.90374,167194300.0
2011-02-02,130.39999,130.84,130.33,130.49001,102.70698,118323600.0
2011-02-03,130.25999,130.98,129.57001,130.78,102.93523,145886700.0
2011-02-04,130.83,131.2,130.23,131.14999,103.22646,134634800.0
2011-02-07,131.44,132.39999,131.42999,131.97,103.87186,112439100.0
2011-02-08,132.09,132.64,131.73,132.57001,104.34414,99072800.0
2011-02-09,132.21001,132.63,131.61,132.27,104.10797,146436700.0
2011-02-10,131.60001,132.47,131.3,132.32001,104.14735,162708500.0
2011-02-11,131.8,133.28,131.77,133.11,104.76917,137710300.0
2011-02-14,133.03,133.53999,132.88,133.42999,105.02099,101690700.0
2011-02-15,133.02,133.22,132.32001,133.00999,104.69044,119575400.0
2011-02-16,133.46001,134.00999,133.19,133.85001,105.35159,130183500.0
2011-02-17,133.46001,134.42999,133.34,134.25,105.66643,109810500.0
2011-02-18,134.37,134.69,134.06,134.53,105.88679,130002400.0
2011-02-22,133.12,134.56,131.47,131.83,103.76165,233116400.0
2011-02-23,131.75,132.07001,130.21001,131.02,103.12416,227584000.0
2011-02-24,130.88,131.44,129.7,130.92999,103.05328,260431400.0
2011-02-25,131.48,132.41,131.39999,132.33,104.15521,141686900.0
2011-02-28,132.82001,133.32001,132.38,133.14999,104.80064,141585500.0
2011-03-01,133.57001,133.69,130.89,130.92999,103.05328,258565500.0
2011-03-02,130.75,131.82001,130.35001,131.21001,103.2737,200277400.0
2011-03-03,132.39999,133.62,132.39,133.47,105.05252,176480100.0
2011-03-04,133.37,133.63,131.60001,132.47,104.26539,277202300.0
2011-03-07,132.86,133.16,130.74001,131.42999,103.44683,216790400.0
2011-03-08,131.64,133.0,131.07001,132.58,104.35201,174615000.0
2011-03-09,132.32001,132.8,131.60001,132.39,104.20242,153806000.0
2011-03-10,131.0,131.17999,129.81,129.94,102.27407,301291800.0
2011-03-11,129.52,131.31,129.49001,130.84,102.98246,225621800.0
2011-03-14,129.99001,130.48,129.06,130.05,102.36066,234974100.0
2011-03-15,126.59,129.33,126.5,128.56,101.18791,359585400.0
2011-03-16,128.14999,128.57001,125.28,126.18,99.31464,468670300.0
2011-03-17,128.0,128.39,127.1,127.85,100.62907,254303700.0
2011-03-18,128.84,128.88,127.51,127.76,100.99506,230435400.0
2011-03-21,129.35001,130.00999,129.2,129.74001,102.56029,153992600.0
2011-03-22,129.72,129.89,129.17,129.28999,102.20455,129538600.0
2011-03-23,128.92999,130.0,128.32001,129.66,102.49704,148603100.0
2011-03-24,130.39999,131.09,129.67,130.89999,103.47726,159129800.0
2011-03-25,131.24001,131.87,130.89,131.3,103.79346,155642800.0
2011-03-28,131.58,131.92,130.94,130.98,103.54048,109762400.0
2011-03-29,130.87,131.89999,130.44,131.86,104.23615,129798800.0
2011-03-30,132.55,133.16,132.36,132.77,104.95553,135835000.0
2011-03-31,132.60001,132.96001,132.45,132.59,104.81322,132537100.0
2011-04-01,133.41,133.77,132.83,133.14999,105.2559,153850100.0
2011-04-04,133.42999,133.67,132.88,133.25999,105.34286,100768900.0
2011-04-05,133.0,133.83,132.94,133.24001,105.32703,120791500.0
2011-04-06,133.88,134.0,133.12,133.66,105.65903,120411600.0
2011-04-07,133.42,133.98,132.66,133.32001,105.39027,170731500.0
2011-04-08,133.91,133.99001,132.31,132.86,105.02666,147945400.0
2011-04-11,133.0,133.45,132.14,132.46001,104.71043,121385400.0
2011-04-12,131.72,131.98,130.99001,131.47,103.92785,161187400.0
2011-04-13,132.08,132.17999,130.96001,131.46001,103.91995,162059000.0
2011-04-14,130.7,131.75999,130.27,131.56,103.99897,161220400.0
2011-04-15,131.8,132.37,131.41,132.03999,104.37841,170006700.0
2011-04-18,130.59,132.03,129.50999,130.56,103.2085,210759300.0
2011-04-19,130.75999,131.35001,130.44,131.31,103.80139,124258800.0
2011-04-20,132.88,133.39,132.78999,133.10001,105.21639,156133800.0
2011-04-21,133.78999,133.84,133.10001,133.78,105.75391,135935400.0
2011-04-25,133.67999,133.86,133.2,133.64,105.64323,65757100.0
2011-04-26,134.05,135.06,133.91,134.78999,106.55233,146600000.0
2011-04-27,135.05,135.87,134.5,135.67,107.248,143031000.0
2011-04-28,135.42999,136.28999,135.41,136.11,107.59577,124791100.0
2011-04-29,136.16,136.57001,135.98,136.42999,107.84875,115094100.0
2011-05-02,137.07001,137.17999,135.95,136.22,107.6828,126278700.0
2011-05-03,135.96001,136.19,135.03999,135.73,107.29543,138375000.0
2011-05-04,135.67,135.73,134.23,134.83,106.58396,182678500.0
2011-05-05,134.08,134.95,133.02,133.61,105.61952,226900000.0
2011-05-06,134.94,135.63,133.67999,134.2,106.08595,222787200.0
2011-05-09,134.19,135.11,133.98,134.72,106.49701,114104500.0
2011-05-10,135.17,136.11,135.0,135.87,107.40606,114806900.0
2011-05-11,135.67,135.69,133.82001,134.44,106.27565,193564200.0
2011-05-12,134.08,135.36,133.39,135.08,106.78156,171550700.0
2011-05-13,135.14999,135.34,133.56,134.03999,105.95946,157444900.0
2011-05-16,133.56,134.61,132.97,133.19,105.28754,141675400.0
2011-05-17,132.69,133.35001,132.12,133.17,105.27171,192686200.0
2011-05-18,133.24001,134.5,132.95,134.36,106.21243,135217900.0
2011-05-19,134.8,135.03,133.94,134.67999,106.46539,119489500.0
2011-05-20,134.33,134.67999,133.36,133.61,105.61952,182594900.0
2011-05-23,131.98,132.72,131.59,132.06,104.39427,168700000.0
2011-05-24,132.44,132.73,131.7,131.95,104.3073,147199600.0
2011-05-25,131.42,132.94,131.38,132.39,104.65513,151050100.0
2011-05-26,132.03,133.24001,131.78,133.0,105.13733,164850000.0
2011-05-27,133.37,133.87,132.96001,133.50999,105.54048,120921900.0
2011-05-31,134.77,134.92,133.84,134.89999,106.63926,164731200.0
2011-06-01,134.50999,134.92,131.75999,131.87,104.24405,233094300.0
2011-06-02,131.96001,132.24001,130.96001,131.73,104.13337,200466800.0
2011-06-03,130.14999,131.42,130.08,130.42,103.09781,234690200.0
2011-06-06,130.09,130.36,128.87,129.03999,102.00694,179951200.0
2011-06-07,129.7,130.07001,128.85001,128.96001,101.94368,161660500.0
2011-06-08,128.75999,129.19,128.17999,128.42,101.51679,198696400.0
2011-06-09,128.77,129.92999,128.46001,129.39999,102.2915,160964400.0
2011-06-10,128.85001,128.92999,127.26,127.6,100.86861,238629400.0
2011-06-13,127.89,128.24001,127.05,127.7,100.94766,207599800.0
2011-06-14,128.87,129.77,128.82001,129.32001,102.22826,160570400.0
2011-06-15,128.24001,129.3,126.68,127.02,100.41009,300958000.0
2011-06-16,127.06,127.97,126.32,127.3,100.63144,308032800.0
2011-06-17,127.93,127.94,126.62,127.05,100.93175,233284900.0
2011-06-20,126.62,127.97,126.58,127.7,101.44809,159479000.0
2011-06-21,128.36,129.7,127.75,129.45,102.83833,193157300.0
2011-06-22,129.05,129.81,128.59,128.67,102.21871,176703000.0
2011-06-23,127.16,128.64,126.19,128.3,101.92477,334286500.0
2011-06-24,128.27,128.37,126.62,126.81,100.74105,226129300.0
2011-06-27,126.89,128.42999,126.64,127.94,101.63878,168904700.0
2011-06-28,128.45,129.63,128.27,129.61,102.96547,165556300.0
2011-06-29,130.2,130.92999,129.63,130.72,103.84729,244295500.0
2011-06-30,131.14,132.17999,130.71001,131.97,104.84028,223322700.0
2011-07-01,132.09,134.10001,131.78,133.92,106.38944,202385700.0
2011-07-05,133.78,134.08,133.39,133.81,106.30202,165936000.0
2011-07-06,133.49001,134.14,133.11,133.97,106.42917,143331600.0
2011-07-07,135.16,135.7,134.88,135.36,107.53344,170464200.0
2011-07-08,133.83,135.36,133.39,134.39999,106.77079,194100500.0
2011-07-11,132.75,133.17999,131.66,131.97,104.84028,195918600.0
2011-07-12,131.69,132.78,131.36,131.39999,104.38747,214675700.0
2011-07-13,132.09,133.22,131.52,131.84,104.73702,204062600.0
2011-07-14,132.17,132.78,130.67999,130.92999,104.01411,226111800.0
2011-07-15,131.66,131.87,130.77,131.69,104.61787,220012800.0
2011-07-18,131.08,131.28,129.63,130.61,103.75988,196872100.0
2011-07-19,131.34,132.89,131.31,132.73,105.44405,166554900.0
2011-07-20,133.07001,133.14999,132.42,132.64999,105.3805,137145400.0
2011-07-21,133.39999,134.82001,132.67,134.49001,106.84223,245246300.0
2011-07-22,134.52,134.72,133.75999,134.58,106.91374,126019400.0
2011-07-25,133.3,134.49001,133.16,133.83,106.31792,136653800.0
2011-07-26,133.74001,133.96001,133.03,133.33,105.92074,131278200.0
2011-07-27,132.59,132.63,130.42999,130.60001,103.75194,249020100.0
2011-07-28,130.60001,131.77,130.00999,130.22,103.45007,207939900.0
2011-07-29,128.91,130.55,127.97,129.33,102.74301,307038400.0
2011-08-01,130.84,130.96001,127.53,128.78,102.30609,325790900.0
2011-08-02,127.81,128.5,125.49,125.49,99.69243,346653800.0
2011-08-03,125.66,126.31,123.53,126.17,100.23265,370830800.0
2011-08-04,124.42,124.62,120.06,120.26,95.53761,520721800.0
2011-08-05,121.76,122.07,116.86,120.08,95.39458,655619200.0
2011-08-08,116.91,120.12,112.02,112.26,89.18217,702263900.0
2011-08-09,114.07,117.64,110.27,117.48,93.32909,717828700.0
2011-08-10,115.26,116.28,111.95,112.29,89.20603,662607400.0
2011-08-11,113.26,118.92,112.32,117.33,93.20994,487979700.0
2011-08-12,118.4,119.21,117.28,118.12,93.83751,313731600.0
2011-08-15,119.19,120.74,119.0,120.62,95.82359,258810600.0
2011-08-16,119.47,120.69,118.31,119.59,95.00531,294095200.0
2011-08-17,120.25,121.2,118.72,119.67,95.06888,238201100.0
2011-08-18,116.5,119.71,113.39,114.51,90.96963,512956300.0
2011-08-19,112.96,115.88,112.5,112.64,89.48408,428281300.0
2011-08-22,115.17,115.23,112.41,112.73,89.55556,275090600.0
2011-08-23,113.15,116.57,112.58,116.44,92.50289,331136600.0
2011-08-24,116.19,118.24,115.92,118.08,93.80576,246869700.0
2011-08-25,118.73,119.4,115.87,116.28,92.37576,312365400.0
2011-08-26,115.69,118.51,113.85,117.97,93.71832,314495900.0
2011-08-29,119.56,121.43,118.06,121.36,96.41145,190977200.0
2011-08-30,120.83,122.43,119.26,121.68,96.66565,241315700.0
2011-08-31,122.46,123.51,121.3,122.22,97.09465,301828400.0
2011-09-01,122.29,123.4,120.78,120.94,96.0778,254585900.0
2011-09-02,118.42,120.87,117.43,117.85,93.62302,255517200.0
2011-09-06,114.39,117.16,114.38,116.99,92.93983,285130500.0
2011-09-07,118.76,120.34,118.36,120.29,95.56142,209803200.0
2011-09-08,119.57,120.94,118.77,119.04,94.5684,250568200.0
2011-09-09,117.68,119.06,115.28,115.92,92.08977,380195100.0
2011-09-12,114.47,116.76,114.05,116.67,92.68562,305793500.0
2011-09-13,117.05,118.18,116.22,117.74,93.53564,272514700.0
2011-09-14,118.34,120.8,116.72,119.37,94.83056,319389500.0
2011-09-15,120.65,121.47,119.4,121.43,96.46706,326777200.0
2011-09-16,121.29,121.97,120.32,121.52,97.03802,284528300.0
2011-09-19,119.53,120.93,118.72,120.31,96.0718,241517000.0
2011-09-20,120.82,121.99,120.01,120.17,95.95999,218932200.0
2011-09-21,120.23,120.6,116.44,116.63,93.13318,316251300.0
2011-09-22,113.25,114.21,111.3,112.86,90.12271,513911300.0
2011-09-23,112.11,114.16,112.02,113.54,90.66567,307242500.0
2011-09-26,114.61,116.4,112.98,116.24,92.82175,260673700.0
2011-09-27,118.53,119.56,116.84,117.54,93.85985,311753900.0
2011-09-28,117.78,118.49,114.97,115.14,91.94337,286696800.0
2011-09-29,117.05,117.63,113.93,116.05,92.67002,298108900.0
2011-09-30,114.45,115.45,113.07,113.15,90.3543,288392300.0
2011-10-03,112.49,113.95,109.81,109.93,87.78301,365136800.0
2011-10-04,108.35,112.58,107.43,112.34,89.70744,459177500.0
2011-10-05,112.62,114.72,111.58,114.42,91.3684,284108000.0
2011-10-06,114.36,116.66,113.51,116.49,93.02141,257800800.0
2011-10-07,117.17,117.25,115.06,115.71,92.39854,312657900.0
2011-10-10,117.68,119.63,117.67,119.58,95.48885,230666300.0
2011-10-11,118.87,120.04,118.75,119.7,95.58467,209088000.0
2011-10-12,120.6,122.14,120.33,120.75,96.42311,281544900.0
2011-10-13,120.04,120.87,119.12,120.51,96.23148,212538800.0
2011-10-14,121.91,122.6,121.23,122.57,97.87646,211397600.0
2011-10-17,121.99,122.55,119.93,120.23,96.00792,202311600.0
2011-10-18,120.14,123.5,119.2,122.58,97.88447,318857900.0
2011-10-19,122.38,123.08,120.71,121.13,96.72657,226601300.0
2011-10-20,121.43,122.1,119.82,121.66,97.14981,262075600.0
2011-10-21,123.09,124.12,122.72,123.97,98.99442,278999400.0
2011-10-24,124.17,125.8,124.06,125.49,100.2082,203215600.0
2011-10-25,124.89,124.95,122.78,123.05,98.25978,268596800.0
2011-10-26,124.35,124.77,122.21,124.3,99.25793,289053800.0
2011-10-27,127.63,129.42,126.61,128.63,102.71558,393220200.0
2011-10-28,128.0,128.85001,127.8,128.60001,102.69164,225906500.0
2011-10-31,127.16,128.62,125.32,125.5,100.21618,228146700.0
2011-11-01,122.03,123.51,121.52,122.0,97.42131,416565800.0
2011-11-02,123.83,124.4,122.79,123.99,99.01038,244717600.0
2011-11-03,125.27,126.5,123.6,126.25,100.81507,291174800.0
2011-11-04,125.23,125.7,124.01,125.48,100.20023,249401600.0
2011-11-07,125.39,126.39,124.2,126.26,100.82309,196617200.0
2011-11-08,126.92,128.02,125.71,127.88,102.1167,224426300.0
2011-11-09,124.89,125.8,122.86,123.16,98.34763,337982000.0
2011-11-10,124.79,124.94,123.02,124.32,99.27393,231866500.0
2011-11-11,125.83,126.99,125.79,126.66,101.14249,189924400.0
2011-11-14,126.19,127.45,124.92,125.46,100.18423,159258300.0
2011-11-15,125.17,126.75,124.72,126.08,100.67934,184709400.0
2011-11-16,124.81,126.34,123.9,124.08,99.08227,235782500.0
2011-11-17,123.85,124.16,121.23,122.11,97.50913,331219600.0
2011-11-18,122.5,122.75,121.47,121.98,97.40533,215580400.0
2011-11-21,120.2,120.35,118.65,119.66,95.55273,229611600.0
2011-11-22,119.4,120.1,118.52,119.19,95.17743,216494900.0
2011-11-23,118.07,119.19,116.56,116.56,93.07728,224329100.0
2011-11-25,116.38,117.7,116.2,116.34,92.9016,99557000.0
2011-11-28,119.54,120.18,118.82,119.71,95.59267,210686000.0
2011-11-29,120.05,121.0,119.61,120.05,95.86418,199241500.0
2011-11-30,123.49,125.22,120.0,124.99,99.80892,324439500.0
2011-12-01,124.85,125.64,124.43,124.97,99.79295,176954800.0
2011-12-02,126.12,126.5,124.78,124.86,99.70511,221109700.0
2011-12-05,126.84,127.18,125.44,126.22,100.79115,225263900.0
2011-12-06,126.21,127.11,125.76,126.26,100.82309,178842100.0
2011-12-07,125.84,127.26,124.97,126.73,101.19839,237802500.0
2011-12-08,125.9,126.18,123.65,123.95,98.97846,240862800.0
2011-12-09,124.51,126.37,124.4,126.05,100.65539,209111400.0
2011-12-12,124.95,124.97,123.16,124.21,99.18607,215826100.0
2011-12-13,124.86,125.57,122.45,123.05,98.25978,245159800.0
2011-12-14,122.56,123.03,121.47,121.74,97.21368,238618800.0
2011-12-15,123.03,123.2,121.99,122.18,97.56506,199109200.0
2011-12-16,122.23,122.95,121.3,121.59,97.70971,220481400.0
2011-12-19,122.06,122.32,120.03,120.29,96.66504,183903000.0
2011-12-20,122.18,124.14,120.37,123.93,99.59014,225418100.0
2011-12-21,123.93,124.36,122.75,124.17,99.78298,194230900.0
2011-12-22,124.63,125.4,124.23,125.27,100.66693,119465400.0
2011-12-23,125.67,126.43,125.41,126.39,101.56699,92187200.0
2011-12-27,126.17,126.82,126.06,126.49,101.64735,86075700.0
2011-12-28,126.51,126.53,124.73,124.83,100.31335,119107100.0
2011-12-29,125.24,126.25,124.86,126.12,101.34998,123507200.0
2011-12-30,126.02,126.33,125.5,125.5,100.85178,95599000.0
2012-01-03,127.76,128.38,127.43,127.5,102.45899,193697900.0
2012-01-04,127.2,127.81,126.71,127.7,102.6197,127186500.0
2012-01-05,127.01,128.23,126.43,128.03999,102.89291,173895000.0
2012-01-06,128.2,128.22,127.29,127.71,102.62773,148050000.0
2012-01-09,128.0,128.17999,127.41,128.02,102.87683,99530200.0
2012-01-10,129.39,129.64999,128.95,129.13,103.76885,115282000.0
2012-01-11,128.73,129.37,128.52,129.2,103.82511,111540700.0
2012-01-12,129.57001,129.7,128.53999,129.50999,104.0742,118983700.0
2012-01-13,128.64,129.05,127.72,128.84,103.53581,179836200.0
2012-01-17,130.08,130.32001,128.89999,129.34,103.93758,132209200.0
2012-01-18,129.31,130.84,129.08,130.77,105.08679,163395200.0
2012-01-19,131.22,131.57001,130.8,131.46001,105.64123,126328900.0
2012-01-20,131.24001,131.95,130.92,131.95,106.03497,138230200.0
2012-01-23,131.50999,132.25,130.98,131.61,105.76176,129295800.0
2012-01-24,130.8,131.5,130.60001,131.46001,105.64123,103083300.0
2012-01-25,131.25999,132.87,130.75,132.56,106.52518,198613200.0
2012-01-26,133.14999,133.39999,131.36,131.88,105.97872,184880500.0
2012-01-27,131.24001,132.05,131.14999,131.82001,105.93051,135259100.0
2012-01-30,130.50999,131.44,130.06,131.37,105.56887,147311800.0
2012-01-31,132.02,132.17999,130.67999,131.32001,105.5287,157212000.0
2012-02-01,132.28999,133.14,132.13,132.47,106.45285,166234500.0
2012-02-02,132.73,133.02,132.21001,132.67999,106.62161,113090400.0
2012-02-03,134.0,134.62,133.77,134.53999,108.11629,160598500.0
2012-02-06,133.98,134.50999,133.83,134.45,108.04402,107694500.0
2012-02-07,134.17,135.02,133.64,134.78999,108.31718,135528100.0
2012-02-08,134.86,135.22,134.31,135.19,108.63866,139361400.0
2012-02-09,135.41,135.59,134.56,135.36,108.77526,148602900.0
2012-02-10,134.16,134.47,133.84,134.36,107.97167,167907500.0
2012-02-13,135.32001,135.52,134.74001,135.36,108.77526,115841900.0
2012-02-14,135.0,135.27,134.25,135.19,108.63866,165329500.0
2012-02-15,135.63,135.83,134.28999,134.56,108.13239,195195100.0
2012-02-16,134.57001,136.17,134.33,136.05,109.32973,186567800.0
2012-02-17,136.52,136.63,135.96001,136.41,109.61905,129869400.0
2012-02-21,136.73,137.05,136.05,136.47,109.66724,134042300.0
2012-02-22,136.25999,136.55,135.78999,136.03,109.31367,124455300.0
2012-02-23,135.96001,136.73,135.5,136.63,109.79585,137704300.0
2012-02-24,136.92999,137.2,136.63,136.92999,110.03693,105539100.0
2012-02-27,136.02,137.53,135.8,137.16,110.22175,145728900.0
2012-02-28,137.2,137.72,136.92999,137.56,110.54321,129355900.0
2012-02-29,137.75999,138.19,136.53999,137.02,110.10924,185934700.0
2012-03-01,137.31,137.99001,136.92999,137.73,110.67978,145023500.0
2012-03-02,137.64,137.82001,137.0,137.31,110.34231,120638300.0
2012-03-05,137.10001,137.2,136.28,136.75,109.8923,140765000.0
2012-03-06,135.35001,135.42999,134.36,134.75,108.28509,202129900.0
2012-03-07,135.06,135.91,134.92999,135.69,109.04047,143692200.0
2012-03-08,136.52,137.32001,136.24001,137.03999,110.12531,116968900.0
2012-03-09,137.3,137.92999,137.13,137.57001,110.55125,122836800.0
2012-03-12,137.55,137.75999,137.09,137.58,110.55924,104003500.0
2012-03-13,138.32001,140.13,138.09,140.06,112.55219,184090500.0
2012-03-14,140.10001,140.45,139.48,139.91,112.43161,145163600.0
2012-03-15,140.12,140.78,139.75999,140.72,113.08254,165118500.0
2012-03-16,140.36,140.48,140.0,140.3,113.23917,152893500.0
2012-03-19,140.21001,141.28,140.11,140.85001,113.68309,125291100.0
2012-03-20,140.05,140.61,139.64,140.44,113.35217,121729700.0
2012-03-21,140.52,140.64999,139.92,140.21001,113.16651,122388400.0
2012-03-22,139.17999,139.55,138.74001,139.2,112.3513,135216700.0
2012-03-23,139.32001,139.81,138.55,139.64999,112.71451,120521000.0
2012-03-26,140.64999,141.61,140.60001,141.61,114.2965,120164000.0
2012-03-27,141.74001,141.83,141.08,141.17,113.94133,119868500.0
2012-03-28,141.10001,141.32001,139.64,140.47,113.37634,148562100.0
2012-03-29,139.64,140.49001,139.09,140.23,113.18264,164963700.0
2012-03-30,140.92,141.05,140.05,140.81,113.65081,135486800.0
2012-04-02,140.64,142.21001,140.36,141.84,114.4821,151741100.0
2012-04-03,141.64,141.88,140.42999,141.25999,114.01398,155806700.0
2012-04-04,140.22,140.34,139.34,139.86,112.88402,146896000.0
2012-04-05,139.38,140.2,139.25999,139.78999,112.82751,137439400.0
2012-04-09,138.03,139.84,137.84,138.22,111.56033,127555900.0
2012-04-10,137.95,138.34,135.75999,135.89999,109.68782,235360300.0
2012-04-11,137.28999,137.53999,136.75,137.0,110.57562,154133000.0
2012-04-12,137.13,138.89999,137.03,138.78999,112.02042,154321500.0
2012-04-13,138.47,138.82001,137.00999,137.14,110.68863,169246700.0
2012-04-16,137.84,138.03999,136.58,137.05,110.61599,147825300.0
2012-04-17,137.84,139.36,137.7,139.08,112.25445,147877600.0
2012-04-18,138.46001,139.08,138.38,138.61,111.87513,123884200.0
2012-04-19,138.63,139.14999,137.07001,137.72,111.15676,198666700.0
2012-04-20,138.33,138.83,137.87,137.95,111.34242,143199600.0
2012-04-23,136.53999,136.91,135.94,136.78999,110.40616,171844900.0
2012-04-24,136.91,137.66,136.8,137.31,110.82586,137484200.0
2012-04-25,138.64999,139.25,138.53,139.19,112.34325,150252200.0
2012-04-26,138.89,140.32001,138.81,140.16,113.12617,136291600.0
2012-04-27,140.58,140.78999,139.8,140.39,113.31179,130725000.0
2012-04-30,140.11,140.21001,139.49001,139.87,112.89208,115092200.0
2012-05-01,139.78999,141.66,139.63,140.74001,113.5943,138832200.0
2012-05-02,139.92,140.46001,139.46001,140.32001,113.25528,121081000.0
2012-05-03,140.34,140.45,138.99001,139.25,112.39164,143759700.0
2012-05-04,138.52,139.3,136.92,137.0,110.57562,193927300.0
2012-05-07,136.50999,137.56,136.46001,137.10001,110.65637,127765900.0
2012-05-08,136.28,136.77,134.92,136.55,110.21244,213377700.0
2012-05-09,135.10001,136.61,134.49001,135.74001,109.55869,220752500.0
2012-05-10,136.67999,136.85001,135.71001,136.02,109.78463,150600000.0
2012-05-11,135.17,136.87,135.11,135.61,109.45376,153032400.0
2012-05-14,134.31,135.61,133.91,134.11,108.24308,163910000.0
2012-05-15,134.02,134.81,133.13,133.34,107.6216,207629300.0
2012-05-16,133.94,134.55,132.8,132.83,107.20993,207265500.0
2012-05-17,132.86,133.02,130.78999,130.86,105.61991,247992900.0
2012-05-18,131.37,131.60001,129.55,129.74001,104.71597,319615900.0
2012-05-21,130.16,132.02,129.95,131.97,106.51581,177861100.0
2012-05-22,132.31,133.23,131.34,132.2,106.70145,197531200.0
2012-05-23,131.25,132.46001,129.99001,132.27,106.75797,204958400.0
2012-05-24,132.63,132.84,131.42,132.53,106.96784,167357600.0
2012-05-25,132.48,132.85001,131.78,132.10001,106.62074,135465600.0
2012-05-29,133.16,133.92999,131.17,133.7,107.91216,152883500.0
2012-05-30,132.56,133.69,131.49001,131.75999,106.34633,162370400.0
2012-05-31,131.71001,132.45,130.34,131.47,106.11226,196186000.0
2012-06-01,129.41,131.5,128.16,128.16,103.4407,253240900.0
2012-06-04,128.39,128.74001,127.14,128.10001,103.39224,202545800.0
2012-06-05,127.85,129.25999,127.78,129.07001,104.17519,164149400.0
2012-06-06,129.97,132.03,129.92999,131.97,106.51581,184202800.0
2012-06-07,133.47,133.53,131.78,132.05,106.58038,184772700.0
2012-06-08,131.71001,133.13,131.28999,133.10001,107.42789,143915400.0
2012-06-11,134.17,134.25,131.28,131.41,106.06382,169756100.0
2012-06-12,131.78999,133.00999,131.16,132.92,107.28258,181931800.0
2012-06-13,132.53,133.36,131.62,132.07001,106.59657,172223900.0
2012-06-14,132.34,134.0,131.98,133.47,107.72652,230615500.0
2012-06-15,133.38,134.25999,133.10001,134.14,108.82825,169444500.0
2012-06-18,133.58,134.73,133.28,134.39999,109.03917,131360900.0
2012-06-19,135.08,136.25,134.37,135.7,110.09387,137382600.0
2012-06-20,135.71001,136.10001,134.27,135.48,109.91539,206451800.0
2012-06-21,135.64,135.78,132.33,132.44,107.44904,205272200.0
2012-06-22,133.13,133.71001,132.62,133.46001,108.27662,130029200.0
2012-06-25,132.05,132.10001,130.85001,131.32001,106.54037,146375700.0
2012-06-26,131.7,132.38,130.92999,131.98,107.07584,141634000.0
2012-06-27,132.42,133.42999,131.97,133.17,108.0413,108088000.0
2012-06-28,132.28999,132.99001,131.28,132.78999,107.733,169242100.0
2012-06-29,135.2,136.27,134.85001,136.10001,110.41841,212250900.0
2012-07-02,136.48,136.64999,135.52,136.50999,110.75105,129524500.0
2012-07-03,136.48,137.50999,136.34,137.41,111.48119,80450000.0
2012-07-05,136.89999,137.8,136.28999,136.78999,110.97819,126177500.0
2012-07-06,135.47,135.77,134.85001,135.49001,109.92355,151192100.0
2012-07-09,135.38,135.57001,134.7,135.32001,109.78563,103780500.0
2012-07-10,136.00999,136.23,133.67999,134.14,108.82825,167884800.0
2012-07-11,134.21001,134.60001,133.38,134.16,108.84448,141733400.0
2012-07-12,133.38,134.23,132.60001,133.50999,108.31713,143583200.0
2012-07-13,133.86,135.89,133.84,135.75,110.13442,129642600.0
2012-07-16,135.44,135.83,134.89999,135.42999,109.87484,97525200.0
2012-07-17,135.97,136.64,134.55,136.36,110.62935,138860300.0
2012-07-18,136.03999,137.64,135.96001,137.37,111.44875,113349700.0
2012-07-19,137.64999,138.17999,137.21001,137.73,111.74082,129847300.0
2012-07-20,136.95,137.16,136.32001,136.47,110.71857,142904500.0
2012-07-23,134.47,136.38,133.84,135.09,109.599,145210900.0
2012-07-24,135.19,135.25,133.03,133.92999,108.65787,173301200.0
2012-07-25,134.21001,134.56,133.25,133.96001,108.68221,129122300.0
2012-07-26,135.89,136.46001,135.25999,136.17,110.47521,156526500.0
2012-07-27,136.89,139.07001,136.14,138.67999,112.51156,236768900.0
2012-07-30,138.52,139.34,138.27,138.67999,112.51156,106782000.0
2012-07-31,138.49001,138.87,137.71001,137.71001,111.72458,120575900.0
2012-08-01,138.7,138.73,137.39999,137.59,111.62727,138293800.0
2012-08-02,136.55,137.57001,135.58,136.64,110.8565,199556600.0
2012-08-03,138.56,139.64,136.67999,139.35001,113.05515,157825000.0
2012-08-06,139.72,140.17,139.56,139.62,113.27418,86326200.0
2012-08-07,140.17999,140.92,140.03,140.32001,113.84211,109545100.0
2012-08-08,139.85001,140.64999,139.81,140.49001,113.98003,89754700.0
2012-08-09,140.28999,140.89,140.14999,140.61,114.07738,90291700.0
2012-08-10,140.03999,140.89,139.81,140.84,114.26395,99792700.0
2012-08-13,140.60001,140.84,140.03999,140.77,114.20718,79426900.0
2012-08-14,141.28999,141.38,140.37,140.78999,114.22339,102379400.0
2012-08-15,140.64,141.19,140.55,140.95,114.35322,71085900.0
2012-08-16,141.14999,142.16,140.8,141.99001,115.19701,112014200.0
2012-08-17,142.23,142.3,141.86,142.17999,115.35115,90813700.0
2012-08-20,141.98,142.22,141.59,142.19,115.35922,78255700.0
2012-08-21,142.53999,143.09,141.45,141.75999,115.01041,105581100.0
2012-08-22,141.39999,142.05,141.07001,141.82001,115.05909,133243500.0
2012-08-23,141.47,141.48,140.44,140.66,114.11792,111466400.0
2012-08-24,140.31,141.83,140.22,141.50999,114.8075,99481200.0
2012-08-27,141.89,142.08,141.34,141.53999,114.8319,68785900.0
2012-08-28,141.17999,141.84,140.97,141.39999,114.7183,75689600.0
2012-08-29,141.52,141.89,141.12,141.50999,114.8075,65421300.0
2012-08-30,140.89999,140.94,140.19,140.49001,113.98003,96589900.0
2012-08-31,141.28999,141.82001,140.36,141.16,114.52359,151970400.0
2012-09-04,141.03999,141.46001,140.13,141.03,114.41815,120226200.0
2012-09-05,141.09,141.47,140.63,140.91,114.32081,100660300.0
2012-09-06,141.75999,143.78,141.75,143.77,116.64108,158272500.0
2012-09-07,144.00999,144.39,143.88,144.33,117.09546,107272100.0
2012-09-10,144.19,144.44,143.46001,143.50999,116.43011,86458500.0
2012-09-11,143.60001,144.37,143.56,143.91,116.75465,88760000.0
2012-09-12,144.39,144.55,143.89999,144.39,117.1441,87640900.0
2012-09-13,144.37,147.03999,143.99001,146.59,118.929,225470200.0
2012-09-14,146.88,148.11,146.75999,147.24001,119.45634,169777000.0
2012-09-17,146.94,147.19,146.37,146.74001,119.05068,119427800.0
2012-09-18,146.49001,146.81,146.25,146.62,118.95332,98326600.0
2012-09-19,146.78999,147.17,146.41,146.7,119.01823,128318300.0
2012-09-20,146.03,146.78999,145.63,146.71001,119.02634,154009800.0
2012-09-21,146.64,146.67,145.81,145.87,118.97655,108737500.0
2012-09-24,145.14999,145.98,145.03999,145.64999,118.79713,95682000.0
2012-09-25,145.96001,146.24001,144.06,144.10001,117.53292,133165200.0
2012-09-26,144.07001,144.11,142.95,143.28999,116.87225,146502200.0
2012-09-27,143.89,144.97,143.50999,144.64,117.97337,111830300.0
2012-09-28,144.09,144.56,143.46001,143.97,117.42687,150696100.0
2012-10-01,144.52,145.69,144.00999,144.35001,117.73683,135911200.0
2012-10-02,144.92,145.14999,143.83,144.5,117.85917,113422200.0
2012-10-03,144.89,145.42999,144.13,145.09,118.34038,121283100.0
2012-10-04,145.64,146.34,145.44,146.13,119.18868,124311600.0
2012-10-05,146.91,147.16,145.7,146.14,119.19679,124842100.0
2012-10-08,145.60001,146.12,145.31,145.64,118.78905,78415400.0
2012-10-09,145.53,145.64999,144.14999,144.2,117.61448,148872900.0
2012-10-10,144.17999,144.32001,143.09,143.28,116.86411,124247500.0
2012-10-11,144.28,144.49001,143.33,143.36,116.92937,123601500.0
2012-10-12,143.46001,143.95,142.58,142.89,116.54602,124181900.0
2012-10-15,143.23,144.23,142.77,144.08,117.51661,107689100.0
2012-10-16,144.75999,145.64,144.66,145.53999,118.70741,108815500.0
2012-10-17,145.64,146.32001,145.42,146.2,119.24572,128834100.0
2012-10-18,145.82001,146.52,145.33,145.82001,118.93581,148108500.0
2012-10-19,145.55,145.56,143.05,143.39,116.95378,185645200.0
2012-10-22,143.14999,143.67,142.28,143.41,116.97014,125578600.0
2012-10-23,141.86,142.06,140.83,141.42,115.34702,192056300.0
2012-10-24,141.92999,142.10001,140.8,141.02,115.02075,120179400.0
2012-10-25,142.02,142.28,140.57001,141.42999,115.3552,134457400.0
2012-10-26,141.3,141.84,140.39,141.35001,115.28995,146023500.0
2012-10-31,141.85001,142.03,140.67999,141.35001,115.28995,103438500.0
2012-11-01,141.64999,143.00999,141.52,142.83,116.49708,100995600.0
2012-11-02,143.67999,143.72,141.41,141.56,115.46122,137702200.0
2012-11-05,141.35001,142.17,140.92999,141.85001,115.69777,98378500.0
2012-11-06,142.28,143.52,142.13,142.96001,116.60311,107068100.0
2012-11-07,141.66,141.67999,139.06,139.72,113.96045,264304500.0
2012-11-08,139.7,140.41,137.92999,138.03999,112.59016,181517300.0
2012-11-09,137.62,139.44,137.55,138.16,112.68803,201055300.0
2012-11-12,138.59,138.81,137.96001,138.27,112.7778,97677500.0
2012-11-13,137.53999,139.25,137.36,137.78999,112.38628,123018300.0
2012-11-14,138.21001,138.42999,135.62,135.92999,110.86918,191505000.0
2012-11-15,135.98,136.49001,135.17999,135.7,110.68156,178128400.0
2012-11-16,135.89999,136.64,134.7,136.37,111.22809,239483900.0
2012-11-19,137.89999,139.14999,136.41,139.13,113.47922,151495800.0
2012-11-20,138.91,139.42,138.08,139.19,113.52814,119807400.0
2012-11-21,139.31,139.57001,139.03,139.45,113.74022,81710800.0
2012-11-23,140.13,141.39999,140.03999,141.35001,115.28995,65409200.0
2012-11-26,140.64999,141.36,140.19,141.05,115.04525,100124400.0
2012-11-27,140.91,141.39,140.24001,140.33,114.45799,128646200.0
2012-11-28,139.75999,141.53999,139.0,141.46001,115.37964,177086500.0
2012-11-29,141.99001,142.50999,141.37,142.12,115.91798,151085900.0
2012-11-30,142.14,142.42,141.66,142.14999,115.94242,136568300.0
2012-12-03,142.8,142.92,141.34,141.45,115.37148,124656300.0
2012-12-04,141.44,141.87,140.87,141.25,115.20837,127512200.0
2012-12-05,141.37,142.16,140.37,141.5,115.41225,147300500.0
2012-12-06,141.37,142.03999,141.16,141.98,115.80376,103220600.0
2012-12-07,142.53,142.69,141.67,142.41,116.1545,108726400.0
2012-12-10,142.21001,142.81,142.14999,142.47,116.20344,98840700.0
2012-12-11,143.06,144.11,142.99001,143.44,116.99461,152570400.0
2012-12-12,144.0,144.55,143.31,143.50999,117.05169,145880100.0
2012-12-13,143.42,143.83,142.27,142.63,116.33394,135715000.0
2012-12-14,142.32001,142.58,141.88,142.10001,115.90166,137701700.0
2012-12-17,142.47,143.85001,142.42999,143.77,117.26373,143238200.0
2012-12-18,144.0,145.5,143.78999,145.37,118.56877,177762800.0
2012-12-19,145.53,145.58,144.24001,144.28999,117.68789,150895400.0
2012-12-20,144.38,145.14,143.98,145.12,118.36485,168487000.0
2012-12-21,142.17,144.09,141.94,142.78999,117.29046,245883800.0
2012-12-24,142.48,142.56,142.19,142.35001,116.92905,53874600.0
2012-12-26,142.64,142.71001,141.35001,141.75,116.43613,106947700.0
2012-12-27,141.78999,142.08,139.92,141.56,116.28012,167920600.0
2012-12-28,140.64,141.42,139.87,140.03,115.02333,148806700.0
2012-12-31,139.66,142.56,139.53999,142.41,116.97827,243935200.0
2013-01-02,145.11,146.14999,144.73,146.06,119.97652,192059000.0
2013-01-03,145.99001,146.37,145.34,145.73,119.70542,144761800.0
2013-01-04,145.97,146.61,145.67,146.37,120.23116,116817700.0
2013-01-07,145.85001,146.11,145.42999,145.97,119.90259,110002500.0
2013-01-08,145.71001,145.91,144.98,145.55,119.55758,121265100.0
2013-01-09,145.87,146.32001,145.64,145.92,119.86152,90745600.0
2013-01-10,146.73,147.09,145.97,147.08,120.81431,130735400.0
2013-01-11,147.03999,147.14999,146.61,147.07001,120.80618,113917300.0
2013-01-14,146.89,147.07001,146.42999,146.97,120.72401,89567200.0
2013-01-15,146.28999,147.21001,146.2,147.07001,120.80618,93172600.0
2013-01-16,146.77,147.28,146.61,147.05,120.78973,104849500.0
2013-01-17,147.7,148.42,147.14999,148.0,121.57004,133833500.0
2013-01-18,147.97,148.49001,147.42999,148.33,121.84108,169906000.0
2013-01-22,148.33,149.13,147.98,149.13,122.49825,111797300.0
2013-01-23,149.13,149.5,148.86,149.37,122.69536,104596100.0
2013-01-24,149.14999,150.14,149.00999,149.41,122.72824,146426400.0
2013-01-25,149.88,150.25,149.37,150.25,123.41822,147211600.0
2013-01-28,150.28999,150.33,149.50999,150.07001,123.27038,113357700.0
2013-01-29,149.77,150.85001,149.67,150.66,123.75505,105694400.0
2013-01-30,150.64,150.94,149.92999,150.07001,123.27038,137447700.0
2013-01-31,149.89,150.38,149.60001,149.7,122.96647,108975800.0
2013-02-01,150.64999,151.42,150.39,151.24001,124.23144,131173000.0
2013-02-04,150.32001,151.27,149.42999,149.53999,122.83501,159073600.0
2013-02-05,150.35001,151.48,150.28999,151.05,124.07536,113912400.0
2013-02-06,150.52,151.25999,150.41,151.16,124.16574,138762800.0
2013-02-07,151.21001,151.35001,149.86,150.96001,124.00146,162490000.0
2013-02-08,151.22,151.89,151.22,151.8,124.69139,103133700.0
2013-02-11,151.74001,151.89999,151.39,151.77,124.66675,73775000.0
2013-02-12,151.78,152.3,151.61,152.02,124.87212,65392700.0
2013-02-13,152.33,152.61,151.72,152.14999,124.97892,82322600.0
2013-02-14,151.69,152.47,151.52,152.28999,125.09396,80834300.0
2013-02-15,152.42999,152.59,151.55,152.11,124.94611,215226500.0
2013-02-19,152.37,153.28,152.16,153.25,125.88252,95105400.0
2013-02-20,153.14,153.19,151.25999,151.34,124.31358,160574800.0
2013-02-21,150.96001,151.42,149.94,150.42,123.55788,183257000.0
2013-02-22,151.14999,151.89,150.49001,151.89,124.76533,106356600.0
2013-02-25,152.63,152.86,149.0,149.0,122.39147,245824800.0
2013-02-26,149.72,150.2,148.73,150.02,123.22927,186596200.0
2013-02-27,149.89,152.33,149.75999,151.91,124.78185,150781900.0
2013-02-28,151.89999,152.87,151.41,151.61,124.53539,126866000.0
2013-03-01,151.09,152.34,150.41,152.11,124.94611,170634800.0
2013-03-04,151.75999,152.92,151.52,152.92,125.61142,99010200.0
2013-03-05,153.66,154.7,153.64,154.28999,126.73676,121431900.0
2013-03-06,154.84,154.92,154.16,154.5,126.90925,94469900.0
2013-03-07,154.7,154.98,154.52,154.78,127.13925,86101400.0
2013-03-08,155.46001,155.64999,154.66,155.44,127.68138,123477800.0
2013-03-11,155.32001,156.03999,155.13,156.03,128.16605,83746800.0
2013-03-12,155.92,156.10001,155.21001,155.67999,127.87851,105755800.0
2013-03-13,155.75999,156.12,155.23,155.89999,128.05927,92550900.0
2013-03-14,156.31,156.8,155.91,156.73,128.74101,126329900.0
2013-03-15,155.85001,156.03999,155.31,155.83,128.57109,138601100.0
2013-03-18,154.34,155.64,154.2,154.97,127.86144,126704300.0
2013-03-19,155.3,155.50999,153.59,154.61,127.56451,167567300.0
2013-03-20,155.52,155.95,155.25999,155.69,128.45552,113759300.0
2013-03-21,154.75999,155.64,154.10001,154.36,127.35821,128605000.0
2013-03-22,154.85001,155.60001,154.73,155.60001,128.38132,111163600.0
2013-03-25,156.00999,156.27,154.35001,154.95,127.84501,151322300.0
2013-03-26,155.59,156.23,155.42,156.19,128.86816,86856600.0
2013-03-27,155.25999,156.24001,155.0,156.19,128.86816,99950600.0
2013-03-28,156.09,156.85001,155.75,156.67,129.26413,102932800.0
2013-04-01,156.59,156.91,155.67,156.05,128.75258,99194100.0
2013-04-02,156.61,157.21001,156.37,156.82001,129.38788,101504300.0
2013-04-03,156.91,157.03,154.82001,155.23,128.076,154167400.0
2013-04-04,155.42999,156.17,155.09,155.86,128.59584,131885000.0
2013-04-05,153.95,155.35001,153.77,155.16,128.01826,159666000.0
2013-04-08,155.27,156.22,154.75,156.21001,128.88461,86571200.0
2013-04-09,156.5,157.32001,155.98,156.75,129.33014,101922200.0
2013-04-10,157.17,158.87,157.13,158.67,130.91422,135711100.0
2013-04-11,158.7,159.71001,158.53999,159.19,131.34331,110142500.0
2013-04-12,158.67999,159.03999,157.92,158.8,131.02151,116359900.0
2013-04-15,158.0,158.13,155.10001,155.12,127.98528,217259000.0
2013-04-16,156.28999,157.49001,155.91,157.41,129.87468,147507800.0
2013-04-17,156.28999,156.32001,154.28,155.11,127.97698,226834800.0
2013-04-18,155.37,155.41,153.55,154.14,127.17669,167583200.0
2013-04-19,154.5,155.55,154.12,155.48,128.2823,149687600.0
2013-04-22,155.78,156.53999,154.75,156.17,128.85158,106553500.0
2013-04-23,156.95,157.92999,156.17,157.78,130.17995,166141300.0
2013-04-24,157.83,158.3,157.53999,157.88,130.26247,96781200.0
2013-04-25,158.34,159.27,158.10001,158.52,130.79053,131060600.0
2013-04-26,158.33,158.60001,157.73,158.24001,130.55951,95918800.0
2013-04-29,158.67,159.64999,158.42,159.3,131.43407,88572800.0
2013-04-30,159.27,159.72,158.61,159.67999,131.74762,116010700.0
2013-05-01,159.33,159.41,158.10001,158.28,130.59248,138874200.0
2013-05-02,158.67999,159.89,158.53,159.75,131.80533,96407600.0
2013-05-03,161.14,161.88,159.78,161.37,133.14197,144202300.0
2013-05-06,161.49001,162.00999,161.42,161.78,133.48024,66882100.0
2013-05-07,162.13,162.64999,161.67,162.60001,134.15677,90359200.0
2013-05-08,162.42,163.39,162.33,163.34,134.76733,97419200.0
2013-05-09,163.27,163.7,162.47,162.88,134.38785,106738600.0
2013-05-10,162.99001,163.55,162.50999,163.41,134.82507,103203000.0
2013-05-13,163.2,163.81,162.82001,163.53999,134.93237,81843200.0
2013-05-14,163.67,165.35001,163.67,165.23,136.32672,119000900.0
2013-05-15,164.96001,166.45,164.91,166.12,137.06107,120718500.0
2013-05-16,165.78,166.36,165.09,165.34,136.41753,109913600.0
2013-05-17,165.95,167.03999,165.73,166.94,137.73763,129801000.0
2013-05-20,166.78,167.58,166.61,166.92999,137.72937,85071200.0
2013-05-21,167.08,167.8,166.5,167.17,137.9274,95804200.0
2013-05-22,167.34,169.07001,165.17,165.92999,136.90425,244031800.0
2013-05-23,164.16,165.91,163.94,165.45,136.50826,211064400.0
2013-05-24,164.47,165.38,163.98,165.31,136.39275,151573900.0
2013-05-28,167.03999,167.78,165.81,166.3,137.20956,143679800.0
2013-05-29,165.42,165.8,164.34,165.22,136.31853,160363400.0
2013-05-30,165.35001,166.59,165.22,165.83,136.82184,107793800.0
2013-05-31,165.37,166.31,163.13,163.45,134.85817,176850100.0
2013-06-03,163.83,164.46001,162.66,164.35001,135.60069,168390700.0
2013-06-04,164.44,165.10001,162.73,163.56,134.94887,157631500.0
2013-06-05,163.09,163.42,161.13,161.27,133.05948,211737800.0
2013-06-06,161.2,162.74001,160.25,162.73,134.26404,200225500.0
2013-06-07,163.85001,164.95,163.14,164.8,135.97195,188337800.0
2013-06-10,165.31,165.39999,164.37,164.8,135.97195,105667100.0
2013-06-11,163.3,164.53999,162.74001,163.10001,134.56937,159505400.0
2013-06-12,164.22,164.39,161.60001,161.75,133.45549,177361500.0
2013-06-13,161.66,164.5,161.3,164.21001,135.48518,163587800.0
2013-06-14,164.03,164.67,162.91,163.17999,134.63533,141197500.0
2013-06-17,164.28999,165.22,163.22,164.44,135.67493,136295600.0
2013-06-18,164.53,165.99001,164.52,165.74001,136.74759,114695600.0
2013-06-19,165.60001,165.89,163.38,163.45,134.85817,206149500.0
2013-06-20,161.86,163.47,158.98,159.39999,131.51656,321255900.0
2013-06-21,159.64,159.75999,157.47,159.07001,131.93875,271956800.0
2013-06-24,157.41,158.42999,155.73,157.06,130.27159,222329000.0
2013-06-25,158.48,160.10001,157.42,158.57001,131.52409,162262200.0
2013-06-26,159.87,160.5,159.25,160.14,132.82623,134848000.0
2013-06-27,161.10001,161.82001,160.95,161.08,133.60593,129483700.0
2013-06-28,160.63,161.39999,159.86,160.42,133.05847,160402900.0
2013-07-01,161.25999,162.48,161.08,161.36,133.83817,131954800.0
2013-07-02,161.12,162.3,160.5,161.21001,133.71379,154863700.0
2013-07-03,160.48,161.77,160.22,161.28,133.77184,75216400.0
2013-07-05,162.47,163.08,161.3,163.02,135.21504,122416900.0
2013-07-08,163.86,164.39,163.08,163.95,135.98643,108092500.0
2013-07-09,164.98,165.33,164.27,165.13,136.96515,119298000.0
2013-07-10,164.97,165.75,164.63,165.19,137.01494,121410100.0
2013-07-11,167.11,167.61,165.17999,167.44,138.88113,135592200.0
2013-07-12,167.39,167.92999,167.13,167.50999,138.93921,104212700.0
2013-07-15,167.97,168.39,167.67999,168.14999,139.47006,69450600.0
2013-07-16,168.25999,168.36,167.07001,167.52,138.94749,88702100.0
2013-07-17,168.16,168.48,167.73,167.95,139.30412,92873900.0
2013-07-18,168.31,169.27,168.2,168.87,140.06723,103620100.0
2013-07-19,168.52,169.23,168.31,169.17,140.31607,103831700.0
2013-07-22,169.41,169.74001,169.00999,169.5,140.5898,79428600.0
2013-07-23,169.8,169.83,169.05,169.14,140.29121,80829700.0
2013-07-24,169.78999,169.86,168.17999,168.52,139.77695,112914000.0
2013-07-25,168.22,169.08,167.94,168.92999,140.11702,111088600.0
2013-07-26,168.22,169.16,167.52,169.11,140.26636,107814600.0
2013-07-29,168.67999,169.06,168.11,168.59,139.83502,79695000.0
2013-07-30,169.10001,169.28,168.19,168.59,139.83502,85209600.0
2013-07-31,168.94,169.85001,168.49001,168.71001,139.93456,142388700.0
2013-08-01,169.99001,170.81,169.89999,170.66,141.55196,110438400.0
2013-08-02,170.28,170.97,170.05,170.95,141.79247,91116700.0
2013-08-05,170.57001,170.96001,170.35001,170.7,141.58516,54072700.0
2013-08-06,170.37,170.74001,169.35001,169.73,140.78055,87495000.0
2013-08-07,169.19,169.42999,168.55,169.17999,140.3244,84854700.0
2013-08-08,169.98,170.17999,168.92999,169.8,140.83864,102181300.0
2013-08-09,169.58,170.10001,168.72,169.31,140.43219,91757700.0
2013-08-12,168.46001,169.31,168.38,169.11,140.26636,68593300.0
2013-08-13,169.41,169.89999,168.41,169.61,140.68106,80806000.0
2013-08-14,169.53,169.8,168.7,168.74001,139.95941,79829200.0
2013-08-15,167.41,167.42999,166.09,166.38,138.00194,152931800.0
2013-08-16,166.06,166.63,165.5,165.83,137.54581,130868200.0
2013-08-19,165.64,166.21001,164.75999,164.77,136.66656,96437600.0
2013-08-20,165.03999,166.2,164.86,165.58,137.33839,89294400.0
2013-08-21,165.12,166.03,164.19,164.56,136.49242,159530500.0
2013-08-22,164.89999,166.3,164.89,166.06,137.73654,101471400.0
2013-08-23,166.55,166.83,165.77,166.62,138.20103,90888900.0
2013-08-26,166.78999,167.3,165.89,166.0,137.68672,89702100.0
2013-08-27,164.36,166.0,163.21001,163.33,135.47218,158619400.0
2013-08-28,163.25999,164.49001,163.05,163.91,135.95328,108113000.0
2013-08-29,163.55,165.03999,163.39999,164.17,136.16887,119200500.0
2013-08-30,164.50999,164.53,163.17,163.64999,135.73759,134928900.0
2013-09-03,165.23,165.58,163.7,164.39,136.35138,142375100.0
2013-09-04,164.42999,166.03,164.13,165.75,137.47943,97389400.0
2013-09-05,165.85001,166.39999,165.73,165.96001,137.65361,63090500.0
2013-09-06,166.50999,166.98,164.48,166.03999,137.71989,159756500.0
2013-09-09,166.45,167.73,166.45,167.63,139.03877,87559300.0
2013-09-10,168.64,168.89999,168.25999,168.87,140.06723,105847200.0
2013-09-11,168.64,169.39999,168.35001,169.39999,140.50687,94545900.0
2013-09-12,169.34,169.56,168.72,168.95,140.13362,83209000.0
2013-09-13,169.13,169.46001,168.74001,169.33,140.44878,72727800.0
2013-09-16,171.16,171.24001,170.03999,170.31,141.26164,106299200.0
2013-09-17,170.46001,171.11,170.46001,171.07001,141.89204,82523300.0
2013-09-18,171.00999,173.52,170.58,173.05,143.5343,203460600.0
2013-09-19,173.52,173.60001,172.59,172.75999,143.29376,146616900.0
2013-09-20,172.33,172.33,170.58,170.72,142.29193,132867100.0
2013-09-23,170.49001,170.64999,169.39,169.92999,141.63345,104616500.0
2013-09-24,169.89999,170.53,169.21001,169.53,141.30009,106333100.0
2013-09-25,169.64,169.98,168.89,169.03999,140.89169,117306500.0
2013-09-26,169.32001,170.17,169.05,169.69,141.43346,77146900.0
2013-09-27,168.84,169.14,168.47,168.91,140.78333,99141800.0
2013-09-30,167.48,168.53999,167.14999,168.00999,140.03323,143937000.0
2013-10-01,168.14,169.5,167.97,169.34,141.14172,127160000.0
2013-10-02,168.35001,169.34,167.83,169.17999,141.00839,113350000.0
2013-10-03,168.78999,168.94,166.84,167.62,139.70813,176698000.0
2013-10-04,167.75,169.06,167.53,168.89,140.76666,96878000.0
2013-10-07,167.42,168.45,167.25,167.42999,139.5498,96295000.0
2013-10-08,167.39999,167.62,165.36,165.48,137.92447,178015000.0
2013-10-09,165.8,166.2,164.53,165.60001,138.02455,168973000.0
2013-10-10,167.28999,169.25999,167.23,169.17,141.00002,195955000.0
2013-10-11,168.91,170.32001,168.77,170.25999,141.90849,105040000.0
2013-10-14,169.21001,171.08,169.08,170.94,142.47531,112106000.0
2013-10-15,170.50999,171.14999,169.47,169.7,141.44177,155485000.0
2013-10-16,170.72,172.16,170.64,172.07001,143.4171,161676000.0
2013-10-17,171.37,173.32001,171.34,173.22,144.37564,129389000.0
2013-10-18,173.86,174.50999,173.50999,174.39,145.3508,138316000.0
2013-10-21,174.45,174.75,174.00999,174.39999,145.35915,104104000.0
2013-10-22,174.91,175.92999,174.42999,175.41,146.2009,126663000.0
2013-10-23,174.81,174.89,173.96001,174.57001,145.50087,105484000.0
2013-10-24,174.92,175.37,174.50999,175.14999,145.98425,70350000.0
2013-10-25,175.50999,176.0,175.17,175.95,146.65106,93625000.0
2013-10-28,175.89,176.47,175.7,176.23,146.88445,84979000.0
2013-10-29,176.63,177.24001,176.38,177.17,147.66789,87401000.0
2013-10-30,177.38,177.50999,175.66,176.28999,146.9344,140002000.0
2013-10-31,176.14999,176.89,175.53,175.78999,146.51765,133795000.0
2013-11-01,176.02,176.61,175.22,176.21001,146.86775,142805000.0
2013-11-04,176.69,176.89999,175.98,176.83,147.38451,85677000.0
2013-11-05,176.14,176.75,175.57001,176.27,146.91772,85825000.0
2013-11-06,177.03,177.5,176.53999,177.17,147.66789,87348000.0
2013-11-07,177.5,177.64,174.75999,174.92999,145.80089,157000000.0
2013-11-08,174.87,177.31,174.85001,177.28999,147.7679,136713000.0
2013-11-11,177.12,177.53,176.91,177.32001,147.79295,62614000.0
2013-11-12,176.94,177.36,176.37,176.96001,147.49286,83990000.0
2013-11-13,176.09,178.42999,176.09,178.38,148.67641,103844000.0
2013-11-14,178.53999,179.42,178.25,179.27,149.41823,103435000.0
2013-11-15,179.56,180.12,179.33,180.05,150.06833,102818000.0
2013-11-18,180.35001,180.5,179.02,179.42,149.54324,104796000.0
2013-11-19,179.33,179.87,178.72,179.03,149.21815,93891000.0
2013-11-20,179.39,179.92999,177.98,178.47,148.7514,124909000.0
2013-11-21,178.97,180.05,178.86,179.91,149.95161,92841000.0
2013-11-22,179.98,180.83,179.77,180.81,150.7018,81296000.0
2013-11-25,181.13,181.17,180.37,180.63,150.55177,79486000.0
2013-11-26,180.72,181.22,180.41,180.67999,150.59343,86994000.0
2013-11-27,180.87,181.24001,180.64999,181.12,150.96008,58800000.0
2013-11-29,181.32001,181.75,180.8,181.0,150.86012,55870900.0
2013-12-02,181.09,181.42999,180.25,180.53,150.46843,99726000.0
2013-12-03,179.94,180.39,179.17,179.75,149.81828,116563000.0
2013-12-04,179.10001,180.48,178.35001,179.73,149.80159,123033000.0
2013-12-05,179.41,179.74001,178.77,178.94,149.14316,106934000.0
2013-12-06,180.67,181.11,180.14999,180.94,150.8101,127728000.0
2013-12-09,181.47,181.67,181.16,181.39999,151.19351,70124000.0
2013-12-10,180.98,181.36,180.64,180.75,150.65172,80976000.0
2013-12-11,180.82001,180.85001,178.5,178.72,148.95981,130591000.0
2013-12-12,178.64,178.86,177.75999,178.13,148.46799,115565000.0
2013-12-13,178.5,178.66,177.77,178.11,148.45134,107808000.0
2013-12-16,178.95,179.81,178.89999,179.22,149.37657,96195000.0
2013-12-17,179.38,179.41,178.25,178.64999,148.90138,89886000.0
2013-12-18,178.92,181.73,177.32001,181.7,151.44359,234906000.0
2013-12-19,181.17999,181.7,180.71001,181.49001,151.26854,136531200.0
2013-12-20,180.69,181.99001,180.57001,181.56,152.14845,197087000.0
2013-12-23,182.45,182.64,182.07001,182.53,152.96129,85598000.0
2013-12-24,182.53999,183.00999,182.53,182.92999,153.29649,45368800.0
2013-12-26,183.34,183.96001,183.32001,183.86,154.07584,63365000.0
2013-12-27,184.10001,184.17999,183.66,183.85001,154.06746,61814000.0
2013-12-30,183.87,184.02,183.58,183.82001,154.04236,56857000.0
2013-12-31,184.07001,184.69,183.92999,184.69,154.77141,86119900.0
2014-01-02,183.98,184.07001,182.48,182.92,153.28812,119636900.0
2014-01-03,183.23,183.60001,182.63,182.89,153.26297,81390600.0
2014-01-06,183.49001,183.56,182.08,182.36,152.81885,108028200.0
2014-01-07,183.09,183.78999,182.95,183.48,153.7574,86144200.0
2014-01-08,183.45,183.83,182.89,183.52,153.79095,96582300.0
2014-01-09,184.11,184.13,182.8,183.64,153.89148,90683400.0
2014-01-10,183.95,184.22,183.00999,184.14,154.31046,102026400.0
2014-01-13,183.67,184.17999,181.34,181.69,152.25737,149892000.0
2014-01-14,182.28999,183.77,181.95,183.67,153.91664,105016100.0
2014-01-15,184.10001,184.94,183.71001,184.66,154.74625,98525800.0
2014-01-16,184.28,184.66,183.83,184.42,154.5451,72290600.0
2014-01-17,184.10001,184.45,183.32001,183.64,153.89148,107848700.0
2014-01-21,184.7,184.77,183.05,184.17999,154.34402,88621200.0
2014-01-22,184.49001,184.57001,183.91,184.3,154.44456,61270900.0
2014-01-23,183.37,183.39999,181.82001,182.78999,153.1792,132496900.0
2014-01-24,181.60001,181.66,178.83,178.89,149.91098,208677100.0
2014-01-27,179.06,179.52,177.12,178.00999,149.17349,180843100.0
2014-01-28,178.14,179.3,178.12,179.07001,150.06184,110463200.0
2014-01-29,177.58,178.55,176.88,177.35001,148.62042,216597300.0
2014-01-30,178.83,179.81,178.25999,179.23,150.19585,118938100.0
2014-01-31,177.00999,179.28999,176.92,178.17999,149.31601,194677900.0
2014-02-03,177.97,178.37,173.83,174.17,145.95557,254837100.0
2014-02-04,174.95,175.84,174.11,175.39,146.97794,165012400.0
2014-02-05,174.78,175.56,173.71001,175.17,146.79358,164230500.0
2014-02-06,175.58,177.48,175.22,177.48,148.72934,132877600.0
2014-02-07,178.31,179.87,177.73,179.67999,150.573,170787200.0
2014-02-10,179.7,180.07001,179.21001,180.00999,150.84953,92218800.0
2014-02-11,180.16,182.44,180.03999,181.98,152.50037,117814100.0
2014-02-12,182.25,182.83,181.71001,182.07001,152.57582,94717700.0
2014-02-13,180.84,183.2,180.83,183.00999,153.36351,100542200.0
2014-02-14,182.84,184.36,182.67,184.02,154.20992,96498400.0
2014-02-18,184.17999,184.49001,183.64999,184.24001,154.39432,80460900.0
2014-02-19,183.75999,184.95,182.87,183.02,153.3719,126524300.0
2014-02-20,183.27,184.52,182.60001,184.10001,154.27696,104998100.0
2014-02-21,184.45,184.89,183.8,183.89,154.10101,118116400.0
2014-02-24,184.28,186.14999,184.2,184.91,154.95573,114063900.0
2014-02-25,185.06,185.59,184.23,184.84,154.89709,117085000.0
2014-02-26,185.11,185.60001,184.33,184.85001,154.90546,98677200.0
2014-02-27,184.58,185.87,184.37,185.82001,155.71835,93880800.0
2014-02-28,185.78999,187.14999,185.05,186.28999,156.11221,150842000.0
2014-03-03,184.64999,185.45,183.75,184.98,155.01442,167748500.0
2014-03-04,186.78999,187.98,186.75,187.58,157.19328,167545900.0
2014-03-05,187.74001,188.07001,187.45,187.75,157.33568,88376900.0
2014-03-06,188.21001,188.61,187.78,188.17999,157.69601,82516500.0
2014-03-07,188.96001,188.96001,187.42999,188.25999,157.76302,114513500.0
2014-03-10,187.97,188.23,187.08,188.16,157.67931,74939200.0
2014-03-11,188.44,188.71001,186.8,187.23,156.89996,99009100.0
2014-03-12,186.32001,187.35001,185.89999,187.28,156.94182,104824400.0
2014-03-13,187.84,187.99001,184.66,185.17999,155.18201,155014300.0
2014-03-14,184.85001,185.8,184.44,184.66,154.74625,153919600.0
2014-03-17,185.59,186.77,185.50999,186.33,156.14574,98359500.0
2014-03-18,186.71001,187.91,186.50999,187.66,157.2603,101804600.0
2014-03-19,187.67999,187.94,185.47,186.66,156.42226,176267300.0
2014-03-20,186.25,187.89,185.92,187.75,157.33568,117241000.0
2014-03-21,187.71001,189.02,186.03,186.2,156.72545,163128000.0
2014-03-24,186.84,187.07001,184.62,185.42999,156.07732,121411000.0
2014-03-25,186.37,186.94,185.27,186.31,156.81808,103852000.0
2014-03-26,187.03999,187.34,184.92,184.97,155.69019,119843000.0
2014-03-27,184.75,185.34,183.89999,184.58,155.36186,142383000.0
2014-03-28,185.11,186.42,185.0,185.49001,156.12784,101642000.0
2014-03-31,186.67,187.3,185.52,187.00999,157.40726,99745000.0
2014-04-01,187.62,188.36,187.0,188.25,158.45091,89193000.0
2014-04-02,188.49001,189.13,188.14,188.88,158.98119,78774000.0
2014-04-03,189.17,189.22,188.05,188.63,158.7708,77435000.0
2014-04-04,189.66,189.7,186.10001,186.39999,156.89375,169381000.0
2014-04-07,185.95,186.25999,183.96001,184.34,155.15987,140803000.0
2014-04-08,184.25999,185.39999,183.59,185.10001,155.79959,112660000.0
2014-04-09,185.60001,187.14999,185.06,187.09,157.47459,100254000.0
2014-04-10,187.08,187.17,182.92999,183.16,154.16667,172959000.0
2014-04-11,182.14,183.42,181.31,181.50999,152.77785,167251000.0
2014-04-14,182.92999,183.37,181.44,182.94,153.98152,132382000.0
2014-04-15,183.32001,184.33,181.50999,184.2,155.04205,157093000.0
2014-04-16,185.47,186.14,184.64999,186.13,156.66656,105197000.0
2014-04-17,185.88,186.91,185.56,186.39,156.88538,105255000.0
2014-04-21,186.44,187.10001,186.21001,187.03999,157.43248,68329000.0
2014-04-22,187.23,188.39999,187.13,187.89,158.14793,85790000.0
2014-04-23,187.82001,187.92,187.3,187.45,157.77759,73869000.0
2014-04-24,188.37,188.39,186.92999,187.83,158.09741,88170000.0
2014-04-25,187.22,187.33,185.87,186.28999,156.80122,100380000.0
2014-04-28,187.05,187.69,184.96001,186.88,157.29779,135121000.0
2014-04-29,187.48,188.03999,187.08,187.75,158.03009,84098000.0
2014-04-30,187.44,188.5,187.17999,188.31,158.50146,101508000.0
2014-05-01,188.22,188.84,187.73,188.33,158.5183,93019000.0
2014-05-02,188.31,189.14,187.78,188.06,158.29109,98122000.0
2014-05-05,187.14,188.55,186.62,188.42,158.59404,75883000.0
2014-05-06,188.0,188.13,186.74001,186.78,157.21364,85454000.0
2014-05-07,187.41,187.97,186.00999,187.88,158.13951,106500000.0
2014-05-08,187.71001,189.05,187.08,187.67999,157.97118,93618000.0
2014-05-09,187.71001,188.03999,186.83,187.96001,158.20688,83679000.0
2014-05-12,188.8,189.88,188.0,189.78999,159.74715,86940000.0
2014-05-13,190.03999,190.42,189.77,189.96001,159.89029,66454000.0
2014-05-14,189.78999,189.88,188.78999,189.06,159.13274,72367000.0
2014-05-15,188.67999,188.72,186.48,187.39999,157.73544,154956000.0
2014-05-16,187.50999,188.13,186.72,188.05,158.28262,97458000.0
2014-05-19,187.69,188.89,187.52,188.74001,158.86342,63839000.0
2014-05-20,188.64999,188.67,187.07001,187.55,157.86174,111644000.0
2014-05-21,188.09,189.22,188.06,189.13,159.19162,89093000.0
2014-05-22,189.17999,189.98,188.86,189.59,159.57881,61549000.0
2014-05-23,189.75999,190.48,189.59,190.35001,160.21852,61092800.0
2014-05-27,191.06,191.58,190.95,191.52,161.20328,72010000.0
2014-05-28,191.52,191.82001,191.06,191.38,161.08551,66723000.0
2014-05-29,191.82001,192.39999,191.33,192.37,161.91875,64377000.0
2014-05-30,192.19,192.8,192.03,192.67999,162.1797,76316000.0
2014-06-02,192.95,192.99001,191.97,192.89999,162.3649,64656000.0
2014-06-03,192.42999,192.89999,192.25,192.8,162.28072,65047000.0
2014-06-04,192.47,193.3,192.27,193.19,162.60898,55529000.0
2014-06-05,193.41,194.64999,192.7,194.45,163.66949,92103000.0
2014-06-06,194.87,195.42999,194.78,195.38,164.45233,78696000.0
2014-06-09,195.35001,196.05,195.17,195.58,164.62062,65119000.0
2014-06-10,195.34,195.64,194.92,195.60001,164.63753,57129000.0
2014-06-11,194.89999,195.12,194.48,194.92,164.06512,68772000.0
2014-06-12,194.69,194.8,193.11,193.53999,162.90356,106350000.0
2014-06-13,193.92,194.32001,193.3,194.13,163.40024,82017000.0
2014-06-16,193.89,194.7,193.66,194.28999,163.53485,87424000.0
2014-06-17,194.02,194.97,193.81,194.83,163.98935,84834000.0
2014-06-18,194.83,196.37,194.39999,196.25999,165.19298,105267000.0
2014-06-19,196.42999,196.60001,195.8,196.48,165.37816,85929000.0
2014-06-20,196.03,196.10001,195.7,195.94,165.71396,100587000.0
2014-06-23,195.99001,196.05,195.52,195.88,165.66318,70611000.0
2014-06-24,195.53,196.5,194.48,194.7,164.66522,96237000.0
2014-06-25,194.28999,195.78,194.25,195.58,165.40945,82782000.0
2014-06-26,195.61,195.63,194.13,195.44,165.29105,84312000.0
2014-06-27,194.98,195.88,194.89,195.82001,165.61246,71445100.0
2014-06-30,195.7,196.17,195.53,195.72,165.52786,70201200.0
2014-07-01,196.2,197.63,196.13,197.03,166.63577,90470000.0
2014-07-02,197.05,197.48,196.96001,197.23,166.80493,52475000.0
2014-07-03,197.78999,198.28999,197.64,198.2,167.62534,52938800.0
2014-07-07,197.82001,197.98,197.22,197.50999,167.04173,61696000.0
2014-07-08,197.14999,197.22,195.75999,196.24001,165.96764,108143000.0
2014-07-09,196.73,197.3,196.31,197.12,166.71185,72992000.0
2014-07-10,195.22,196.86,195.06,196.34,166.05225,99040000.0
2014-07-11,196.22,196.75,195.78,196.61,166.28061,64243000.0
2014-07-14,197.61,197.86,197.44,197.60001,167.11786,58658000.0
2014-07-15,197.72,198.10001,196.36,197.23,166.80493,111307000.0
2014-07-16,198.11,198.25999,197.42,197.96001,167.42235,79986400.0
2014-07-17,197.35001,198.10001,195.42999,195.71001,165.51941,145398000.0
2014-07-18,196.35001,197.91,196.24001,197.71001,167.21089,124330000.0
2014-07-21,197.09,197.5,196.42999,197.34,166.89795,67592000.0
2014-07-22,198.00999,198.56,197.87,198.2,167.62534,67678000.0
2014-07-23,198.5,198.85001,198.10001,198.64,167.99744,65612000.0
2014-07-24,198.83,199.06,198.45,198.64999,168.00584,56888000.0
2014-07-25,198.09,198.25999,197.33,197.72,167.21933,76837000.0
2014-07-28,197.75999,198.09,196.62,197.8,167.287,69259000.0
2014-07-29,198.17,198.45,196.92,196.95,166.5681,80466000.0
2014-07-30,197.64999,197.91,196.16,196.98,166.59349,104222000.0
2014-07-31,195.61,195.78,192.97,193.09,163.30356,183479000.0
2014-08-01,192.56,193.75999,191.57001,192.5,162.80457,189261000.0
2014-08-04,192.87,194.3,192.05,193.89,163.98016,91340000.0
2014-08-05,193.10001,193.60001,191.31,192.00999,162.39015,152690000.0
2014-08-06,191.11,192.89,191.08,192.07001,162.44096,94818000.0
2014-08-07,192.94,193.13,190.55,191.03,161.56128,135733000.0
2014-08-08,191.46001,193.37,190.95,193.24001,163.43045,117014000.0
2014-08-11,193.97,194.66,193.71001,193.8,163.90404,74544000.0
2014-08-12,193.61,194.14999,192.94,193.53,163.67574,73632000.0
2014-08-13,194.28999,195.06,193.96001,194.84,164.7836,69047000.0
2014-08-14,195.16,195.75999,194.98,195.75999,165.56169,57371000.0
2014-08-15,196.47,196.64999,194.31,195.72,165.52786,139951000.0
2014-08-18,196.8,197.45,196.69,197.36,166.91487,75424000.0
2014-08-19,197.84,198.53999,197.44,198.39,167.78598,59135000.0
2014-08-20,198.12,199.16,198.08,198.92,168.23427,72763000.0
2014-08-21,199.09,199.75999,198.92999,199.5,168.72478,67791000.0
2014-08-22,199.34,199.69,198.74001,199.19,168.46262,76107000.0
2014-08-25,200.14,200.59,199.14999,200.2,169.31674,63855000.0
2014-08-26,200.33,200.82001,200.28,200.33,169.42676,47298000.0
2014-08-27,200.42999,200.57001,199.94,200.25,169.35907,47874000.0
2014-08-28,199.59,200.27,199.39,200.14,169.26599,58330000.0
2014-08-29,200.45,200.73,199.82001,200.71001,169.74809,65907000.0
2014-09-02,200.97,201.0,199.86,200.61,169.66357,72426000.0
2014-09-03,201.38,201.41,200.22,200.5,169.57053,57462000.0
2014-09-04,200.84,201.58,199.66,200.21001,169.32527,85236000.0
2014-09-05,200.17,201.19,199.41,201.11,170.08644,102177000.0
2014-09-08,200.92,201.21001,200.0,200.59,169.64659,64146000.0
2014-09-09,200.41,200.55,198.91,199.32001,168.57254,88591000.0
2014-09-10,199.42999,200.2,198.77,200.07001,169.2068,67251000.0
2014-09-11,199.27,200.33,199.12,200.3,169.4014,66774400.0
2014-09-12,200.10001,200.12,198.56,199.13,168.41187,117409300.0
2014-09-15,199.16,199.32001,198.38,198.98,168.285,76401000.0
2014-09-16,198.61,200.84,198.5,200.48,169.55356,116201000.0
2014-09-17,200.77,201.67999,199.75,200.75,169.78197,151266000.0
2014-09-18,201.36,201.85001,201.10001,201.82001,170.6869,94990000.0
2014-09-19,201.52,201.89999,200.28999,200.7,170.5331,121649000.0
2014-09-22,200.35001,200.38,198.73,199.14999,169.21606,125553000.0
2014-09-23,198.42999,199.25999,197.95,198.00999,168.24744,111393000.0
2014-09-24,198.03999,199.69,197.52,199.56,169.56441,107276000.0
2014-09-25,199.03999,199.05,196.27,196.34,166.82846,150300000.0
2014-09-26,196.7,198.39,196.42,197.89999,168.15393,103547000.0
2014-09-29,196.2,197.89,196.05,197.53999,167.84804,95112000.0
2014-09-30,197.69,198.3,196.61,197.02,167.40623,131302000.0
2014-10-01,196.7,196.77,193.91,194.35001,165.13756,177798000.0
2014-10-02,194.17999,195.06,192.35001,194.38,165.16306,157285000.0
2014-10-03,195.67999,196.94,195.08,196.52,166.98146,121569000.0
2014-10-06,197.34,197.60001,195.58,196.28999,166.78593,104778000.0
2014-10-07,195.28,195.72,193.22,193.25999,164.21133,147913000.0
2014-10-08,193.37,196.92,192.36,196.64,167.08337,186461000.0
2014-10-09,196.33,196.60001,192.58,192.74001,163.76949,210705000.0
2014-10-10,192.69,193.64999,190.49001,190.53999,161.90021,221909000.0
2014-10-13,190.46001,191.14999,187.3,187.41,159.24068,230939000.0
2014-10-14,188.42,189.82001,187.03999,187.7,159.48706,215847000.0
2014-10-15,185.16,187.69,181.92,186.42999,158.408,380715000.0
2014-10-16,183.06,187.58,182.89,186.27,158.27202,270391000.0
2014-10-17,188.42,189.75,187.62,188.47,160.14139,214625000.0
2014-10-20,188.13,190.45,188.07001,190.3,161.69633,130011000.0
2014-10-21,191.67999,194.2,191.48,194.07001,164.8996,154949000.0
2014-10-22,194.41,194.91,192.61,192.69,163.7271,151822000.0
2014-10-23,194.62,196.2,194.25999,194.92999,165.63033,154944000.0
2014-10-24,195.25,196.49001,194.49001,196.42999,166.90491,117927000.0
2014-10-27,195.73,196.45,195.03,196.16,166.67548,82954000.0
2014-10-28,196.82001,198.42,196.73,198.41,168.58728,106736000.0
2014-10-29,198.55,199.12,196.8,198.11,168.3324,142557000.0
2014-10-30,197.58,199.95,197.39999,199.38,169.41153,113330000.0
2014-10-31,201.78,201.82001,200.77,201.66,171.34877,146903000.0
2014-11-03,201.92,202.45,201.31,201.77,171.44226,93600000.0
2014-11-04,201.23,201.60001,200.06,201.07001,170.8475,93343000.0
2014-11-05,202.53999,202.59,201.45,202.34,171.92661,91709000.0
2014-11-06,202.39,203.25999,201.64,203.14999,172.61479,107089000.0
2014-11-07,203.17,203.60001,202.61,203.34,172.77631,89540000.0
2014-11-10,203.38,204.03999,203.13,203.98,173.32007,66319000.0
2014-11-11,204.06,204.31,203.64999,204.17999,173.49002,54499400.0
2014-11-12,203.35001,204.24001,203.31,203.96001,173.30309,90120300.0
2014-11-13,204.16,204.83,203.21001,204.19,173.49852,85357900.0
2014-11-14,204.10001,204.49001,203.72,204.24001,173.54102,80417500.0
2014-11-17,203.85001,204.58,203.64999,204.37,173.65146,80441000.0
2014-11-18,204.44,205.92,204.44,205.55,174.65407,76068100.0
2014-11-19,205.31,205.55,204.3,205.22,174.37369,82373000.0
2014-11-20,204.25999,205.71001,204.17999,205.58,174.67955,72840300.0
2014-11-21,207.64,207.84,205.98,206.67999,175.61424,142327300.0
2014-11-24,207.17,207.39,206.91,207.25999,176.10706,65880800.0
2014-11-25,207.53999,207.78999,206.8,207.11,175.97958,79108300.0
2014-11-26,207.28999,207.75999,207.03,207.64,176.42992,62167800.0
2014-11-28,207.49001,207.87,206.91,207.2,176.05611,57890100.0
2014-12-01,206.39999,206.53999,205.38,205.75999,174.83253,103968400.0
2014-12-02,205.81,207.34,205.78,207.09,175.96262,74507200.0
2014-12-03,207.3,208.14999,207.10001,207.89,176.64238,68952000.0
2014-12-04,207.53999,208.27,206.7,207.66,176.44698,91316600.0
2014-12-05,207.87,208.47,207.55,208.0,176.73581,91025500.0
2014-12-08,207.52,208.12,205.92999,206.61,175.55478,108588200.0
2014-12-09,204.37,206.60001,203.91,206.47,175.43582,125180100.0
2014-12-10,205.91,205.98,202.92999,203.16,172.62332,159856400.0
2014-12-11,203.88,206.19,203.71001,204.19,173.49852,159012800.0
2014-12-12,202.64,203.82001,200.85001,200.89,170.69452,202330200.0
2014-12-15,201.98,202.53,198.78,199.50999,169.52191,189965800.0
2014-12-16,198.58,202.39999,197.86,197.91,168.16248,259543800.0
2014-12-17,198.44,202.34,198.28999,201.78999,171.45924,253910100.0
2014-12-18,204.74001,212.97,203.92,206.78,175.6992,257633900.0
2014-12-19,206.42999,207.33,205.61,206.52,176.44681,245084600.0
2014-12-22,206.75,207.47,206.46001,207.47,177.25845,148318900.0
2014-12-23,208.17,208.23,207.39999,207.75,177.49773,122167900.0
2014-12-24,208.02,208.34,207.72,207.77,177.51477,42963400.0
2014-12-26,208.31,208.85001,208.25,208.44,178.0872,57326700.0
2014-12-29,208.22,208.97,208.14,208.72,178.32645,79643900.0
2014-12-30,208.21001,208.37,207.50999,207.60001,177.36952,73540800.0
2014-12-31,207.99001,208.19,205.39,205.53999,175.6095,130333800.0
2015-01-02,206.38,206.88,204.17999,205.42999,175.51552,121465900.0
2015-01-05,204.17,204.37,201.35001,201.72,172.34581,169632600.0
2015-01-06,202.09,202.72,198.86,199.82001,170.72244,209151400.0
2015-01-07,201.42,202.72,200.88,202.31,172.84981,125346700.0
2015-01-08,204.00999,206.16,203.99001,205.89999,175.91705,147217800.0
2015-01-09,206.39999,206.42,203.50999,204.25,174.50732,158567300.0
2015-01-12,204.41,204.60001,201.92,202.64999,173.14032,144396100.0
2015-01-13,204.12,205.48,200.50999,202.08,172.65332,214553300.0
2015-01-14,199.64999,201.10001,198.57001,200.86,171.61101,192991100.0
2015-01-15,201.63,202.00999,198.88,199.02,170.03893,176613900.0
2015-01-16,198.77,201.82001,198.55,201.63,172.26884,211879600.0
2015-01-20,202.39999,202.72,200.17,202.06,172.63626,130991100.0
2015-01-21,201.5,203.66,200.94,203.08,173.50777,122942700.0
2015-01-22,203.99001,206.25999,202.33,206.10001,176.08798,174356000.0
2015-01-23,205.78999,206.10001,204.81,204.97,175.12254,117516800.0
2015-01-26,204.71001,205.56,203.85001,205.45,175.53262,92009700.0
2015-01-27,202.97,204.12,201.74001,202.74001,173.21722,134044600.0
2015-01-28,204.17,204.28999,199.91,200.14,170.9958,168514300.0
2015-01-29,200.38,202.3,198.67999,201.99001,172.5764,173585400.0
2015-01-30,200.57001,202.17,199.13,199.45,170.40636,197729700.0
2015-02-02,200.05,202.03,197.86,201.92,172.51665,163107000.0
2015-02-03,203.0,204.85001,202.55,204.84,175.01143,124212900.0
2015-02-04,203.92,205.38,203.50999,204.06,174.345,134306700.0
2015-02-05,204.86,206.3,204.77,206.12,176.10501,97953200.0
2015-02-06,206.56,207.24001,204.92,205.55,175.61807,125672000.0
2015-02-09,204.77,205.64,204.14,204.63,174.83206,87219000.0
2015-02-10,205.88,207.12,204.67999,206.81,176.69456,96164200.0
2015-02-11,206.61,207.45,205.83,206.92999,176.7971,91087800.0
2015-02-12,207.89,208.99001,206.97,208.92,178.4973,97545900.0
2015-02-13,209.07001,209.84,208.75999,209.78,179.23209,93670400.0
2015-02-17,209.39999,210.32001,209.10001,210.11,179.51401,76968200.0
2015-02-18,209.66,210.22,209.34,210.13,179.53108,80652900.0
2015-02-19,209.41,210.42,209.24001,209.98,179.40298,91462500.0
2015-02-20,209.48,211.33,208.73,211.24001,180.47951,140896400.0
2015-02-23,210.94,211.21001,210.48,211.21001,180.45386,74411100.0
2015-02-24,211.12,212.05,210.75999,211.81,180.96645,72472300.0
2015-02-25,211.66,212.24001,211.22,211.63,180.8127,73061700.0
2015-02-26,211.52,211.71001,210.64999,211.38,180.59912,72697900.0
2015-02-27,211.25999,211.58,210.60001,210.66,179.98393,108076000.0
2015-03-02,210.78,212.06,210.72,211.99001,181.12032,87491400.0
2015-03-03,211.47,212.05,210.08,211.12,180.37701,110325800.0
2015-03-04,210.39999,210.49001,209.06,210.23,179.6165,114497200.0
2015-03-05,210.62,210.8,209.85001,210.46001,179.81306,76873000.0
2015-03-06,209.42,209.94,207.10001,207.5,177.28412,188128000.0
2015-03-09,207.74001,208.78999,207.55,208.36,178.01888,89818900.0
2015-03-10,206.71001,206.81,204.92999,204.98,175.13106,157121300.0
2015-03-11,205.28999,205.5,204.39999,204.5,174.72093,110145700.0
2015-03-12,205.25999,207.17999,205.2,207.10001,176.94231,93993500.0
2015-03-13,206.77,207.92999,204.58,205.83,175.85727,162410900.0
2015-03-16,206.71001,208.69,205.86,208.58,178.20682,136099200.0
2015-03-17,207.69,208.42,206.98,207.96001,177.67711,94510400.0
2015-03-18,207.39,211.27,206.62,210.46001,179.81306,228808500.0
2015-03-19,209.96001,210.47,209.03,209.5,178.99292,117917300.0
2015-03-20,209.71001,211.02,209.49001,210.41,180.57278,177715100.0
2015-03-23,210.42,211.11,210.0,210.0,180.22092,71784500.0
2015-03-24,209.85001,210.39999,208.74001,208.82001,179.2083,77805300.0
2015-03-25,209.07001,209.35001,205.71001,205.75999,176.58215,159521700.0
2015-03-26,204.96001,206.37,204.12,205.27,176.16168,153067200.0
2015-03-27,205.13,205.95,204.89999,205.74001,176.56502,118939000.0
2015-03-30,206.98,208.61,206.96001,208.25,178.71906,96180400.0
2015-03-31,207.25999,208.10001,206.36,206.42999,177.1572,126768700.0
2015-04-01,206.39,206.42,204.50999,205.7,176.53069,137303600.0
2015-04-02,205.62,206.98,205.39999,206.44,177.16576,86900900.0
2015-04-06,205.37,208.45,205.21001,207.83,178.35867,114368200.0
2015-04-07,207.86,208.75999,207.24001,207.28,177.88663,81236300.0
2015-04-08,207.55,208.50999,207.08,207.98,178.48737,89351900.0
2015-04-09,207.78,209.17999,207.19,208.89999,179.2769,85548900.0
2015-04-10,209.2,210.09,208.96001,210.03999,180.25523,72722900.0
2015-04-13,209.87,210.63,209.03,209.09,179.43996,74436600.0
2015-04-14,208.85001,209.71001,208.10001,209.49001,179.78322,75099900.0
2015-04-15,210.05,211.03999,209.95,210.42999,180.58998,99529300.0
2015-04-16,210.03,210.98,209.78999,210.37,180.53847,68934900.0
2015-04-17,208.94,209.23,207.00999,207.95,178.46159,191113200.0
2015-04-20,209.06,210.25,208.96001,209.85001,180.09219,92189500.0
2015-04-21,210.67,210.86,209.24001,209.60001,179.87766,72559800.0
2015-04-22,210.00999,210.85001,208.89999,210.63,180.7616,78264600.0
2015-04-23,210.14999,211.94,210.00999,211.16,181.21646,102585900.0
2015-04-24,211.66,211.97,211.11,211.64999,181.63702,61327400.0
2015-04-27,212.33,212.48,210.53999,210.77,180.88174,79358100.0
2015-04-28,210.74001,211.5,209.33,211.44,181.45674,86863500.0
2015-04-29,210.37,211.28999,209.60001,210.57001,180.71011,125684900.0
2015-04-30,209.88,210.35001,207.62,208.46001,178.89934,161304900.0
2015-05-01,209.39999,210.77,209.28,210.72,180.83884,103399700.0
2015-05-04,211.23,212.02,211.10001,211.32001,181.35374,70927200.0
2015-05-05,211.03,211.46001,208.73,208.89999,179.2769,113326200.0
2015-05-06,209.56,209.92999,206.75999,208.03999,178.53886,135060200.0
2015-05-07,207.92,209.38,207.52,208.87,179.25114,88244900.0
2015-05-08,210.88,211.86,210.78,211.62,181.61119,155877300.0
2015-05-11,211.57001,211.89,210.52,210.61,180.74442,75708100.0
2015-05-12,209.61,210.63,208.62,209.98,180.20378,119727600.0
2015-05-13,210.47,211.22,209.74001,210.02,180.23807,94667900.0
2015-05-14,211.24001,212.32001,210.91,212.21001,182.11754,95934000.0
2015-05-15,212.44,212.61,211.86,212.44,182.31494,76510100.0
2015-05-18,212.24001,213.39999,212.16,213.10001,182.88133,74549700.0
2015-05-19,213.24001,213.57001,212.69,213.03,182.82129,72114600.0
2015-05-20,213.14999,213.78,212.5,212.88,182.6925,76857500.0
2015-05-21,212.71001,213.75,212.50999,213.5,183.22461,64764600.0
2015-05-22,213.03999,213.53999,212.91,212.99001,182.78693,57433500.0
2015-05-26,212.39999,212.91,210.2,210.7,180.82166,124308600.0
2015-05-27,211.25,212.98,210.75999,212.7,182.53806,93214000.0
2015-05-28,212.33,212.59,211.63,212.46001,182.33212,74974600.0
2015-05-29,212.38,212.42999,210.82001,211.14,181.19933,124919600.0
2015-06-01,211.94,212.34,210.62,211.57001,181.56831,93338800.0
2015-06-02,211.02,212.19,210.27,211.36,181.38811,91531000.0
2015-06-03,212.0,212.67,211.33,211.92,181.8687,87820900.0
2015-06-04,211.07001,211.86,209.75,210.13,180.33247,151882800.0
2015-06-05,209.95,210.58,208.98,209.77,180.02357,121704700.0
2015-06-08,209.64,209.82001,208.39,208.48,178.91646,89063300.0
2015-06-09,208.45,209.10001,207.69,208.45,178.89072,105034700.0
2015-06-10,209.37,211.41,209.3,210.95,181.03625,134551300.0
2015-06-11,211.48,212.09,211.2,211.63,181.61978,73876400.0
2015-06-12,210.64,211.48,209.67999,210.00999,180.22949,135382400.0
2015-06-15,208.64,209.45,207.78999,209.11,179.45714,124384200.0
2015-06-16,208.92999,210.35001,208.72,210.25,180.43549,85308200.0
2015-06-17,210.59,211.32001,209.36,210.59,180.72728,126708600.0
2015-06-18,211.31,213.34,210.63,212.78,182.6067,165867900.0
2015-06-19,211.46001,211.55,210.36,210.81,181.79611,130478700.0
2015-06-22,211.91,212.59,211.64,211.89,182.72748,70696000.0
2015-06-23,212.14,212.44,211.57001,212.03999,182.85678,68476800.0
2015-06-24,211.72,212.17,210.47,210.5,181.52876,92307300.0
2015-06-25,211.10001,211.25,209.77,209.86,180.97685,97107400.0
2015-06-26,210.28999,210.58,209.16,209.82001,180.94234,104174800.0
2015-06-29,208.05,209.83,205.33,205.42,177.14789,202621300.0
2015-06-30,207.25999,207.32001,205.28,205.85001,177.51869,182925100.0
2015-07-01,207.73,208.03,206.56,207.5,178.94165,135979900.0
2015-07-02,208.07001,208.27,206.81,207.31,178.77774,104373700.0
2015-07-06,205.77,207.64999,205.53,206.72,178.26897,117975400.0
2015-07-07,206.96001,208.17,204.11,208.02,179.39012,173820200.0
2015-07-08,206.42,206.75999,204.25,204.53,176.38037,164020100.0
2015-07-09,207.03999,207.35001,204.77,204.89999,176.69951,144113100.0
2015-07-10,207.28999,207.98,204.95,207.48,178.92439,129456900.0
2015-07-13,208.99001,209.89999,208.94,209.77,180.89923,106069400.0
2015-07-14,209.72,211.05,209.64999,210.67999,181.68396,81709600.0
2015-07-15,210.73,211.28,210.03999,210.61,181.6236,97914100.0
2015-07-16,211.87,212.3,211.58,212.3,183.08105,106683300.0
2015-07-17,212.28999,212.55,211.8,212.48,183.23624,89030000.0
2015-07-20,212.75,213.17999,212.21001,212.59,183.33109,70446800.0
2015-07-21,212.42999,212.74001,211.39,211.75,182.60672,77965000.0
2015-07-22,210.92999,211.77,210.89,211.37,182.27899,88667900.0
2015-07-23,211.53,211.64999,209.75,210.17999,181.25278,90509100.0
2015-07-24,210.3,210.37,207.60001,208.0,179.3728,117755000.0
2015-07-27,206.94,207.55,206.25999,206.78999,178.32938,132361100.0
2015-07-28,207.78999,209.5,206.8,209.33,180.51976,123544800.0
2015-07-29,209.48,211.03999,209.31,210.77,181.7616,105791300.0
2015-07-30,210.16,211.02,209.42,210.82001,181.80472,91304400.0
2015-07-31,211.42,211.45,210.16,210.5,181.52876,103266900.0
2015-08-03,210.46001,210.53,208.64999,209.78999,180.91647,113965700.0
2015-08-04,209.7,210.25,208.8,209.38,180.5629,81820800.0
2015-08-05,210.45,211.31,209.73,210.07001,181.15793,85786800.0
2015-08-06,210.28999,210.42,207.64999,208.35001,179.67467,116030800.0
2015-08-07,208.16,208.34,206.87,207.95,179.3297,117858000.0
2015-08-10,209.28,210.67,209.28,210.57001,181.58914,80270700.0
2015-08-11,208.97,209.47,207.75999,208.67,179.95065,126081400.0
2015-08-12,207.11,209.14,205.36,208.92,180.1662,172123700.0
2015-08-13,208.73,209.55,208.00999,208.66,179.942,89383300.0
2015-08-14,208.42999,209.50999,208.25999,209.42,180.59738,72786500.0
2015-08-17,208.71001,210.59,208.16,210.59,181.60637,79072600.0
2015-08-18,210.25999,210.67999,209.7,209.98,181.08032,71692700.0
2015-08-19,209.09,210.00999,207.35001,208.32001,179.64879,172946000.0
2015-08-20,206.50999,208.28999,203.89999,203.97,175.89746,194327900.0
2015-08-21,201.73,203.94,197.52,197.83,170.60251,346588500.0
2015-08-24,187.49001,197.48,182.39999,189.5,163.41899,507244300.0
2015-08-25,195.42999,195.45,186.92,187.27,161.49591,369833100.0
2015-08-26,192.08,194.78999,188.37,194.46001,167.69633,339257000.0
2015-08-27,197.02,199.42,195.21001,199.27,171.84435,274143900.0
2015-08-28,198.5,199.84,197.92,199.28,171.85298,160414400.0
2015-08-31,198.11,199.13,197.00999,197.67,170.46454,163298800.0
2015-09-01,193.12,194.77,190.73,191.77,165.3766,256000400.0
2015-09-02,194.62,195.46001,192.42,195.41,168.51558,160269300.0
2015-09-03,196.25999,198.05,194.96001,195.55,168.6364,152087800.0
2015-09-04,192.85001,193.86,191.61,192.59,166.08368,207081000.0
2015-09-08,195.94,197.61,195.17,197.42999,170.2576,116025700.0
2015-09-09,199.32001,199.47,194.35001,194.78999,167.98094,149347700.0
2015-09-10,194.56,197.22,194.25,195.85001,168.89505,158611100.0
2015-09-11,195.38,196.82001,194.53,196.74001,169.66255,119691200.0
2015-09-14,196.95,197.00999,195.42999,196.00999,169.03299,79452000.0
2015-09-15,196.61,198.99001,195.96001,198.46001,171.14583,113806200.0
2015-09-16,198.82001,200.41,198.41,200.17999,172.62909,99581600.0
2015-09-17,200.02,202.89,199.28,199.73,172.24106,276046600.0
2015-09-18,195.71001,198.67999,194.96001,195.45,169.42632,223657500.0
2015-09-21,196.44,197.67999,195.21001,196.46001,170.30186,105726200.0
2015-09-22,193.88,194.46001,192.56,193.91,168.09138,153890900.0
2015-09-23,194.11,194.67,192.91,193.60001,167.82271,92790600.0
2015-09-24,192.14999,193.45,190.56,192.89999,167.2159,159378800.0
2015-09-25,194.64,195.0,191.81,192.85001,167.17261,155054800.0
2015-09-28,191.78,191.91,187.64,188.00999,162.97701,178515900.0
2015-09-29,188.27,189.74001,186.92999,188.12,163.07234,159045600.0
2015-09-30,190.37,191.83,189.44,191.63,166.11497,163452000.0
2015-10-01,192.08,192.49001,189.82001,192.13,166.54843,131079000.0
2015-10-02,189.77,195.03,189.12,195.0,169.03627,211003300.0
2015-10-05,196.46001,198.74001,196.33,198.47,172.04428,126320800.0
2015-10-06,198.31,198.98,197.0,197.78999,171.45479,110274500.0
2015-10-07,198.89999,199.83,197.48,199.41,172.85909,124307300.0
2015-10-08,198.95,201.55,198.59,201.21001,174.41942,153055200.0
2015-10-09,201.38,201.89999,200.58,201.33,174.52342,107069200.0
2015-10-12,201.42,201.75999,200.91,201.52,174.68816,56395600.0
2015-10-13,200.64999,202.16,200.05,200.25,173.58725,88038700.0
2015-10-14,200.17999,200.87,198.94,199.28999,172.75507,99106200.0
2015-10-15,200.08,202.36,199.64,202.35001,175.40767,134142200.0
2015-10-16,202.83,203.28999,201.92,203.27,176.20518,114580100.0
2015-10-19,202.5,203.37,202.13,203.37,176.29179,76523900.0
2015-10-20,202.85001,203.84,202.55,203.11,176.06645,78448500.0
2015-10-21,203.61,203.78999,201.64999,201.85001,174.97423,102038000.0
2015-10-22,202.98,205.50999,201.85001,205.25999,177.93024,174911700.0
2015-10-23,207.25,207.95,206.3,207.50999,179.8806,144442300.0
2015-10-26,207.3,207.37,206.56,207.0,179.43852,69033000.0
2015-10-27,206.2,207.0,205.78999,206.60001,179.09177,77905800.0
2015-10-28,207.0,208.98,206.21001,208.95,181.12885,135906700.0
2015-10-29,208.35001,209.27,208.21001,208.83,181.0248,90525500.0
2015-10-30,209.06,209.44,207.74001,207.92999,180.24466,131076900.0
2015-11-02,208.32001,210.62,208.17,210.39,182.37712,86270800.0
2015-11-03,209.97,211.66,209.7,211.0,182.90594,95246100.0
2015-11-04,211.35001,211.5,209.72,210.36,182.35115,96224500.0
2015-11-05,210.42999,210.98,209.09,210.14999,182.16908,78408700.0
2015-11-06,209.74001,210.32001,208.46001,210.03999,182.07372,110471500.0
2015-11-09,209.31,209.49001,206.95,208.08,180.37469,131008700.0
2015-11-10,207.50999,208.60001,207.19,208.56,180.79082,75874600.0
2015-11-11,208.88,208.94,207.66,207.74001,180.08,67846000.0
2015-11-12,206.5,207.06,204.82001,204.84,177.5661,121315200.0
2015-11-13,204.35001,204.67,202.44,202.53999,175.57234,153577100.0
2015-11-16,202.32001,205.69,202.17999,205.62,178.24225,117645200.0
2015-11-17,205.99001,207.03999,204.88,205.47,178.11223,121123700.0
2015-11-18,206.03999,208.89999,205.99001,208.73,180.93814,121342500.0
2015-11-19,208.59,209.05,208.2,208.55,180.78214,88220500.0
2015-11-20,209.45,210.12,208.86,209.31,181.44092,94011500.0
2015-11-23,209.38,209.98,208.52,209.07001,181.23289,64931200.0
2015-11-24,207.87,209.83,207.41,209.35001,181.47562,98874400.0
2015-11-25,209.5,209.74001,209.00999,209.32001,181.44963,51980100.0
2015-11-27,209.42999,209.8,208.86,209.56,181.65771,37317800.0
2015-11-30,209.75,209.89,208.56,208.69,180.90349,112822700.0
2015-12-01,209.44,210.82001,209.11,210.67999,182.62852,97858400.0
2015-12-02,210.62,211.0,208.23,208.53,180.76477,108441300.0
2015-12-03,208.83,209.14999,204.75,205.61,178.23358,166224200.0
2015-12-04,205.61,209.97,205.61,209.62,181.70966,192913900.0
2015-12-07,209.23,209.73,207.2,208.35001,180.60878,102027100.0
2015-12-08,206.49001,208.28999,205.78,206.95,179.39513,103372400.0
2015-12-09,206.19,208.67999,204.17999,205.34,177.99951,162401500.0
2015-12-10,205.42,207.42999,205.14,205.87,178.45901,116128900.0
2015-12-11,203.35001,204.14,201.50999,201.88,175.0002,211173300.0
2015-12-14,202.07001,203.05,199.95,202.89999,175.88438,182385200.0
2015-12-15,204.7,206.11,202.87,205.03,177.73087,154069600.0
2015-12-16,206.37,208.39,204.8,208.03,180.33139,197017000.0
2015-12-17,208.39999,208.48,204.84,204.86,177.58344,173092500.0
2015-12-18,202.77,202.92999,199.83,200.02,174.41983,251393500.0
2015-12-21,201.41,201.88,200.09,201.67,175.85857,99094300.0
2015-12-22,202.72,203.85001,201.55,203.5,177.45438,111026200.0
2015-12-23,204.69,206.07001,204.58,206.02,179.65187,110987200.0
2015-12-24,205.72,206.33,205.42,205.67999,179.35539,48539600.0
2015-12-28,204.86,205.25999,203.94,205.21001,178.94548,65899900.0
2015-12-29,206.50999,207.78999,206.47,207.39999,180.85522,92640700.0
2015-12-30,207.11,207.21001,205.75999,205.92999,179.57335,63317700.0
2015-12-31,205.13,205.89,203.87,203.87,177.77702,114877900.0
2016-01-04,200.49001,201.03,198.59,201.02,175.29176,222353500.0
2016-01-05,201.39999,201.89999,200.05,201.36,175.58821,110845800.0
2016-01-06,198.34,200.06,197.60001,198.82001,173.37337,152112600.0
2016-01-07,195.33,197.44,193.59,194.05,169.21385,213436100.0
2016-01-08,195.19,195.85001,191.58,191.92,167.35652,209817200.0
2016-01-11,193.00999,193.41,189.82001,192.11,167.52217,187941300.0
2016-01-12,193.82001,194.55,191.14,193.66,168.87376,172330500.0
2016-01-13,194.45,194.86,188.38,188.83,164.66199,221168900.0
2016-01-14,189.55,193.25999,187.66,191.92999,167.3652,240795600.0
2016-01-15,186.77,188.75999,185.52,187.81,163.77252,324846400.0
2016-01-19,189.96001,190.11,186.2,188.06,163.99049,195244400.0
2016-01-20,185.03,187.5,181.02,185.64999,161.88899,286547800.0
2016-01-21,186.21001,188.87,184.64,186.69,162.79587,195772900.0
2016-01-22,189.78,190.75999,188.88,190.52,166.13565,168319600.0
2016-01-25,189.92,190.14999,187.41,187.64,163.62427,130371700.0
2016-01-26,188.42,190.53,188.02,190.2,165.85664,141036800.0
2016-01-27,189.58,191.56,187.06,188.13,164.05156,185681700.0
2016-01-28,189.96001,190.2,187.16,189.11,164.90611,143798800.0
2016-01-29,190.02,193.88,189.88,193.72,168.92612,210529300.0
2016-02-01,192.53,194.58,191.84,193.64999,168.86507,136061600.0
2016-02-02,191.96001,191.97,189.53999,190.16,165.82175,182564900.0
2016-02-03,191.41,191.78,187.10001,191.3,166.81584,205054900.0
2016-02-04,190.71001,192.75,189.96001,191.60001,167.07744,139531800.0
2016-02-05,190.99001,191.67,187.2,187.95,163.89462,180788300.0
2016-02-08,185.77,186.12,182.8,185.42,161.68845,191526700.0
2016-02-09,183.36,186.94,183.2,185.42999,161.6971,184513100.0
2016-02-10,186.41,188.34,185.12,185.27,161.55763,148214100.0
2016-02-11,182.34,184.10001,181.09,182.86,159.45601,219058900.0
2016-02-12,184.96001,186.64999,183.96001,186.63,162.74355,127632400.0
2016-02-16,188.77,189.81,187.63,189.78,165.49036,120250700.0
2016-02-17,191.16,193.32001,191.00999,192.88,168.19362,136009500.0
2016-02-18,193.2,193.27,191.72,192.09,167.50475,102343000.0
2016-02-19,191.17,192.17999,190.45,192.0,167.42624,114793000.0
2016-02-22,193.87,194.95,193.78999,194.78,169.85043,103640300.0
2016-02-23,194.0,194.32001,192.17999,192.32001,167.70531,111455300.0
2016-02-24,190.63,193.53,189.32001,193.2,168.47266,150812200.0
2016-02-25,193.73,195.55,192.83,195.53999,170.51317,110728300.0
2016-02-26,196.57001,196.67999,194.89999,195.09,170.12077,129833700.0
2016-02-29,195.11,196.23,193.33,193.56,168.78658,125918100.0
2016-03-01,195.00999,198.21001,194.45,198.11,172.75426,141799700.0
2016-03-02,197.74001,199.06,197.25,199.0,173.53033,102415000.0
2016-03-03,198.78999,199.8,198.11,199.78,174.21049,95172200.0
2016-03-04,200.00999,201.35001,199.03,200.42999,174.77731,129293600.0
2016-03-07,199.34,201.07001,199.25,200.59,174.91682,100219000.0
2016-03-08,199.32001,199.92,198.21001,198.39999,173.00716,123974900.0
2016-03-09,199.36,199.78999,198.42999,199.38,173.86174,94801200.0
2016-03-10,199.96001,201.07001,197.38,199.53999,174.00127,156838700.0
2016-03-11,201.25999,202.81,199.52,202.75999,176.8091,137964500.0
2016-03-14,202.16,203.03999,201.77,202.5,176.58238,73612000.0
2016-03-15,201.36,202.53,201.05,202.17,176.29463,93169100.0
2016-03-16,201.60001,203.82001,201.55,203.34,177.31487,129303200.0
2016-03-17,203.24001,205.23,202.77,204.63,178.4398,134278500.0
2016-03-18,204.17,204.78,203.8,204.38,179.14098,138372400.0
2016-03-21,204.07001,204.94,203.8,204.67,179.39516,72926700.0
2016-03-22,203.75999,205.23,203.57001,204.56,179.29871,97471900.0
2016-03-23,204.11,204.33,203.00999,203.21001,178.11546,81052500.0
2016-03-24,202.0,203.16,201.74001,203.12,178.03654,84360900.0
2016-03-28,203.61,203.86,202.71001,203.24001,178.14177,62408200.0
2016-03-29,202.75999,205.25,202.39999,205.12,179.78957,92922900.0
2016-03-30,206.3,206.87,205.59,206.02,180.57845,86365300.0
2016-03-31,205.91,206.41,205.33,205.52,180.14017,94584100.0
2016-04-01,204.35001,207.14,203.98,206.92,181.36729,114423500.0
2016-04-04,206.83,207.07001,205.89,206.25,180.78004,63497000.0
2016-04-05,204.67,206.25999,203.89,204.19,178.97441,99662200.0
2016-04-06,204.19,206.49001,203.98,206.42,180.929,91839800.0
2016-04-07,205.14,205.56,203.09,203.95,178.76404,113859000.0
2016-04-08,205.34,205.85001,203.87,204.5,179.24615,95040600.0
2016-04-11,205.25,206.07001,203.91,204.02,178.82539,83757500.0
2016-04-12,204.22,206.25,203.7,205.92,180.4908,115350600.0
2016-04-13,207.0,208.10001,206.84,208.0,182.31392,96336400.0
2016-04-14,208.07001,208.60001,207.60001,208.00999,182.32266,65212900.0
2016-04-15,208.00999,208.17,207.39999,207.78,182.12108,75761600.0
2016-04-18,207.78,209.28,207.0,209.24001,183.40079,82531000.0
2016-04-19,209.74001,210.2,208.94,209.89999,183.97932,88316100.0
2016-04-20,209.95,210.92,209.39,210.10001,184.15462,81100300.0
2016-04-21,210.12,210.25,208.64999,208.97,183.16411,85695000.0
2016-04-22,208.55,209.28999,207.91,208.97,183.16411,99251700.0
2016-04-25,208.25999,208.66,207.53999,208.61,182.84859,66166500.0
2016-04-26,209.03999,209.52,208.36,208.92,183.1203,75864200.0
2016-04-27,208.47,209.81,208.05,209.35001,183.49721,77329400.0
2016-04-28,208.46001,209.75999,206.96001,207.45,181.83185,97216200.0
2016-04-29,206.72,207.13,205.03,206.33,180.85013,142424100.0
2016-05-02,206.92,208.17999,206.41,207.97,182.28763,62188000.0
2016-05-03,206.52,206.8,205.28,206.16,180.70119,106422100.0
2016-05-04,204.99001,205.85001,204.42,205.00999,179.69321,92243800.0
2016-05-05,205.56,205.98,204.47,204.97,179.65808,67619200.0
2016-05-06,204.06,205.77,203.88,205.72,180.31551,89315000.0
2016-05-09,205.57001,206.39999,205.36,205.89,180.46449,74374900.0
2016-05-10,206.72,208.47,206.64,208.45,182.70836,77472200.0
2016-05-11,207.91,208.53999,206.5,206.5,180.99916,81727000.0
2016-05-12,207.28999,207.49001,205.37,206.56,181.05173,89586300.0
2016-05-13,206.21001,206.86,204.38,204.75999,179.47403,96474600.0
2016-05-16,204.96001,207.34,204.89,206.78,181.24458,77486800.0
2016-05-17,206.46001,206.8,204.23,204.85001,179.5529,114924900.0
2016-05-18,204.44,206.3,203.63,204.91,179.60553,120062100.0
2016-05-19,204.06,204.53999,202.78,204.2,178.98322,115430500.0
2016-05-20,204.92,206.10001,204.86,205.49001,180.11391,104990400.0
2016-05-23,205.50999,205.84,204.99001,205.21001,179.86842,58682600.0
2016-05-24,206.17,208.24001,206.14,207.87,182.19998,93537800.0
2016-05-25,208.67,209.77,207.87,209.28,183.43582,76621400.0
2016-05-26,209.44,209.71001,208.97,209.34,183.48843,55280700.0
2016-05-27,209.53,210.25,209.47,210.24001,184.27731,64211200.0
2016-05-31,210.56,210.69,209.17999,209.84,183.92668,109879400.0
2016-06-01,209.12,210.48,208.89,210.27,184.30367,69936200.0
2016-06-02,209.8,210.92999,209.24001,210.91,184.86456,63044700.0
2016-06-03,210.25,210.69,208.86,210.28,184.31241,101757100.0
2016-06-06,210.7,211.77,210.50999,211.35001,185.25023,64887000.0
2016-06-07,211.53,212.34,211.5,211.67999,185.53944,60974800.0
2016-06-08,211.84,212.52,211.69,212.37,186.14429,66170900.0
2016-06-09,211.50999,212.22,211.19,212.08,185.89008,73786900.0
2016-06-10,210.46001,210.86,209.42999,210.07001,184.12831,113829200.0
2016-06-13,209.36,210.37,208.35001,208.45,182.70836,117751200.0
2016-06-14,208.0,208.74001,206.92,208.03999,182.349,125059300.0
2016-06-15,208.03999,209.36,207.53,207.75,182.09479,109124500.0
2016-06-16,207.75,208.57001,205.59,208.37,182.63823,149533100.0
2016-06-17,207.17,207.2,205.75,206.52,181.95804,117055700.0
2016-06-20,208.82001,209.61,207.75,207.85001,183.12991,82789600.0
2016-06-21,208.3,208.92,207.78,208.44,183.6497,72461700.0
2016-06-22,208.64999,209.5,207.92999,208.10001,183.35017,95560500.0
2016-06-23,209.81,210.87,209.27,210.81,185.73781,102731400.0
2016-06-24,203.63,210.85001,202.72,203.24001,179.06815,333444400.0
2016-06-27,201.59,201.60001,198.64999,199.60001,175.86105,230775800.0
2016-06-28,201.48,203.23,201.12,203.2,179.03288,159382400.0
2016-06-29,204.84,206.92999,204.72,206.66,182.08139,137328600.0
2016-06-30,207.21001,209.53999,206.56,209.48,184.56602,165021900.0
2016-07-01,209.48,210.49001,209.28999,209.92,184.95369,106055300.0
2016-07-05,208.95,209.08,207.71001,208.41,183.62331,109803700.0
2016-07-06,207.83,209.8,207.06,209.66,184.72456,96021500.0
2016-07-07,209.87,210.64999,208.63,209.53,184.61008,85593800.0
2016-07-08,211.05,212.94,210.78,212.64999,187.35904,133971000.0
2016-07-11,213.19,214.07001,212.95,213.39999,188.01974,73633900.0
2016-07-12,214.53,215.3,213.42999,214.95,189.38547,101275600.0
2016-07-13,215.44,215.45,214.35001,214.92,189.35898,87324100.0
2016-07-14,216.39999,216.67,215.66,216.12,190.41629,91230900.0
2016-07-15,216.78,217.00999,215.31,215.83,190.1608,107155400.0
2016-07-18,215.97,216.60001,215.67,216.41,190.67181,58725900.0
2016-07-19,215.92,216.23,215.63,216.19,190.47795,54345700.0
2016-07-20,216.19,217.37,216.19,217.09,191.27092,58159500.0
2016-07-21,216.96001,217.22,215.75,216.27,190.54848,67777300.0
2016-07-22,216.41,217.3,216.10001,217.24001,191.40309,62787500.0
2016-07-25,217.0,217.06,215.97,216.64999,190.88326,55873100.0
2016-07-26,216.53,217.17,215.75999,216.75,190.97139,70080500.0
2016-07-27,217.19,217.27,215.62,216.52,190.76874,84083900.0
2016-07-28,216.28999,217.11,215.75,216.77,190.98901,65035700.0
2016-07-29,216.46001,217.53999,216.13,217.12,191.29736,79519400.0
2016-08-01,217.19,217.64999,216.41,216.94,191.13875,73311400.0
2016-08-02,216.64999,216.83,214.57001,215.55,189.91412,92295500.0
2016-08-03,215.48,216.25,215.13,216.17999,190.46918,53993600.0
2016-08-04,216.31,216.78,214.25,216.41,190.67181,46585500.0
2016-08-05,216.41,218.23,216.41,218.17999,192.23128,71892200.0
2016-08-08,218.39999,218.52,217.74001,218.05,192.11674,39906500.0
2016-08-09,218.13,218.75999,217.8,218.17999,192.23128,51251700.0
2016-08-10,218.31,218.39999,217.23,217.64,191.75552,57941100.0
2016-08-11,218.25999,218.94,217.95,218.64999,192.6454,72504300.0
2016-08-12,218.28999,218.71001,217.99001,218.46001,192.47798,61313500.0
2016-08-15,218.89,219.5,218.88,219.09,193.03304,49813500.0
2016-08-16,218.60001,218.67999,217.96001,217.96001,192.03748,53213600.0
2016-08-17,218.0,218.53,217.02,218.37,192.39868,75134300.0
2016-08-18,218.34,218.89999,218.21001,218.86,192.83043,52989300.0
2016-08-19,218.31,218.75,217.74001,218.53999,192.54849,75443000.0
2016-08-22,218.25999,218.8,217.83,218.53,192.53966,61368800.0
2016-08-23,219.25,219.60001,218.89999,218.97,192.92731,53399200.0
2016-08-24,218.8,218.91,217.36,217.85001,191.94058,71728900.0
2016-08-25,217.39999,218.19,217.22,217.7,191.80838,69224800.0
2016-08-26,217.92,219.12,216.25,217.28999,191.44713,122506300.0
2016-08-29,217.44,218.67,217.39999,218.36,192.38991,70502200.0
2016-08-30,218.25999,218.59,217.35001,218.0,192.07271,58114500.0
2016-08-31,217.61,217.75,216.47,217.38,191.52643,85269500.0
2016-09-01,217.37,217.73,216.03,217.39,191.53522,97844200.0
2016-09-02,218.39,218.87,217.7,218.37,192.39868,79293900.0
2016-09-06,218.7,219.12,217.86,219.03,192.98019,56702100.0
2016-09-07,218.84,219.22,218.3,219.00999,192.96259,76554900.0
2016-09-08,218.62,218.94,218.14999,218.50999,192.52208,74102900.0
2016-09-09,216.97,217.03,213.25,213.28,187.91408,221589100.0
2016-09-12,212.39,216.81,212.31,216.34,190.61014,168110900.0
2016-09-13,214.84,215.14999,212.5,213.23,187.86998,182828800.0
2016-09-14,213.28999,214.7,212.5,213.14999,187.79948,134185500.0
2016-09-15,212.96001,215.73,212.75,215.28,189.67618,134427900.0
2016-09-16,213.48,213.69,212.57001,213.37,188.94296,155236400.0
2016-09-19,214.13,214.88,213.03,213.41,188.97842,80250500.0
2016-09-20,214.41,214.59,213.38,213.42,188.98724,69665300.0
2016-09-21,214.24001,216.03,213.44,215.82001,191.11253,110284400.0
2016-09-22,217.0,217.53,216.71001,217.17999,192.31679,76678700.0
2016-09-23,216.72,216.88,215.88,215.99001,191.26306,73630900.0
2016-09-26,215.02,215.23,214.00999,214.24001,189.71341,89827300.0
2016-09-27,214.05,215.67999,213.62,215.57001,190.89111,78494800.0
2016-09-28,215.83,216.82001,214.71001,216.64,191.83862,87411000.0
2016-09-29,216.39999,216.87,214.03999,214.67999,190.103,128070600.0
2016-09-30,215.64999,217.12,215.36,216.3,191.53754,117202900.0
2016-10-03,215.82001,216.03999,215.03999,215.78,191.07707,83512100.0
2016-10-04,215.91,216.17,213.99001,214.67999,190.103,119948100.0
2016-10-05,215.41,216.13,215.33,215.63,190.94426,72816000.0
2016-10-06,215.37,216.03999,214.74001,215.78,191.07707,62927400.0
2016-10-07,216.10001,216.3,214.19,215.03999,190.42181,89788300.0
2016-10-10,216.16,216.7,215.99001,216.16,191.41356,51855000.0
2016-10-11,215.66,215.74001,212.58,213.42999,188.99608,130367400.0
2016-10-12,213.59,214.32001,213.00999,213.71001,189.24406,73866100.0
2016-10-13,212.16,213.59,211.21001,213.00999,188.62419,101357000.0
2016-10-14,214.14999,214.69,213.03,213.12,188.72154,93346200.0
2016-10-17,213.09,213.39,212.17,212.38,188.06631,58275700.0
2016-10-18,214.24001,214.31,213.27,213.71001,189.24406,76869700.0
2016-10-19,214.02,214.64,213.60001,214.28,189.74878,66519200.0
2016-10-20,213.87,214.53,213.11,213.88,189.39464,73639800.0
2016-10-21,213.88,214.08,212.75999,213.98,189.48314,89089100.0
2016-10-24,215.0,215.32001,214.48,214.89,190.28899,60146600.0
2016-10-25,214.67999,214.98,213.98,214.17,189.6514,66542300.0
2016-10-26,213.21001,214.42,212.92999,213.74001,189.27065,75705500.0
2016-10-27,214.58,214.62,213.08,213.17,188.76588,77220200.0
2016-10-28,213.14,213.92999,211.71001,212.53999,188.20799,140623200.0
2016-10-31,212.92999,213.19,212.36,212.55,188.21686,61272500.0
2016-11-01,212.92999,212.99001,209.60001,211.00999,186.85316,122781800.0
2016-11-02,210.64999,211.10001,209.23,209.74001,185.72856,103330800.0
2016-11-03,209.99001,210.24001,208.46001,208.78,184.87846,88939300.0
2016-11-04,208.91,209.89,208.38,208.55,184.6748,109122100.0
2016-11-07,208.55,213.19,208.55,213.14999,188.74814,109794900.0
2016-11-08,212.69,214.77,212.38,214.11,189.5983,106772100.0
2016-11-09,212.37,217.10001,212.34,216.38,191.60838,258429000.0
2016-11-10,217.3,218.31,215.22,216.92,192.08655,172113300.0
2016-11-11,216.08,216.7,215.32001,216.42,191.64384,100552700.0
2016-11-14,217.03,217.27,215.72,216.59,191.79437,94580000.0
2016-11-15,217.03999,218.28,216.8,218.28,193.29085,91652600.0
2016-11-16,217.56,218.14,217.42,217.87,192.92781,65617700.0
2016-11-17,218.05,219.06,217.92,218.99001,193.91962,69797200.0
2016-11-18,219.07001,219.27,218.28999,218.5,193.4857,86265800.0
2016-11-21,219.17,220.17999,219.0,220.14999,194.94679,72402600.0
2016-11-22,220.50999,220.78999,219.73,220.58,195.32756,67429000.0
2016-11-23,219.98,220.75999,219.75,220.7,195.43384,56620200.0
2016-11-25,221.10001,221.56,221.00999,221.52,196.15996,37872300.0
2016-11-28,221.16,221.48,220.36,220.48,195.23898,76572500.0
2016-11-29,220.52,221.44,220.17,220.91,195.61981,69886700.0
2016-11-30,221.63,221.82001,220.31,220.38,195.15047,113291800.0
2016-12-01,220.73,220.73,219.14999,219.57001,194.43323,79040500.0
2016-12-02,219.67,220.25,219.25999,219.67999,194.53058,74840300.0
2016-12-05,220.64999,221.39999,220.42,221.0,195.69946,67837800.0
2016-12-06,221.22,221.74001,220.66,221.7,196.31934,59877400.0
2016-12-07,221.52,224.67,221.38,224.60001,198.88733,110738100.0
2016-12-08,224.57001,225.7,224.25999,225.14999,199.37439,99714400.0
2016-12-09,225.41,226.53,225.37,226.50999,200.57869,88005800.0
2016-12-12,226.39999,226.96001,225.75999,226.25,200.34845,102016100.0
2016-12-13,227.02,228.34,227.0,227.75999,201.68559,110477500.0
2016-12-14,227.41,228.23,225.37,225.88,200.02081,142501800.0
2016-12-15,226.16,227.81,225.89,226.81,200.84431,124972600.0
2016-12-16,226.00999,226.08,224.67,225.03999,200.45151,156420200.0
2016-12-19,225.25,226.02,225.08,225.53,200.888,90341100.0
2016-12-20,226.14999,226.57001,225.88,226.39999,201.66293,89838800.0
2016-12-21,226.25,226.45,225.77,225.77,201.10182,67909000.0
2016-12-22,225.60001,225.74001,224.92,225.38,200.75436,56219100.0
2016-12-23,225.42999,225.72,225.21001,225.71001,201.04836,36697800.0
2016-12-27,226.02,226.73,226.0,226.27,201.54716,42672500.0
2016-12-28,226.57001,226.59,224.27,224.39999,199.88147,64095000.0
2016-12-29,224.48,224.89,223.84,224.35001,199.83691,48696100.0
2016-12-30,224.73,224.83,222.73,223.53,199.10655,108998300.0
2017-01-03,225.03999,225.83,223.88,225.24001,200.62971,91366500.0
2017-01-04,225.62,226.75,225.61,226.58,201.82327,78744400.0
2017-01-05,226.27,226.58,225.48,226.39999,201.66293,78379000.0
2017-01-06,226.53,227.75,225.89999,227.21001,202.38445,71559900.0
2017-01-09,226.91,227.07001,226.42,226.46001,201.7164,46939700.0
2017-01-10,226.48,227.45,226.00999,226.46001,201.7164,63771900.0
2017-01-11,226.36,227.10001,225.59,227.10001,202.28648,74650000.0
2017-01-12,226.5,226.75,224.96001,226.53,201.77873,72113200.0
2017-01-13,226.73,227.39999,226.69,227.05,202.24191,62717900.0
2017-01-17,226.31,226.78,225.8,226.25,201.52933,61240800.0
2017-01-18,226.53999,226.8,225.89999,226.75,201.97469,54793300.0
2017-01-19,226.84,227.0,225.41,225.91,201.22649,66608800.0
2017-01-20,226.7,227.31,225.97,226.74001,201.96579,129168600.0
2017-01-23,226.74001,226.81,225.27,226.14999,201.44022,75061600.0
2017-01-24,226.39999,228.08,226.27,227.60001,202.73183,95555300.0
2017-01-25,228.7,229.57001,228.50999,229.57001,204.4866,84437700.0
2017-01-26,229.39999,229.71001,229.00999,229.33,204.27281,59970700.0
2017-01-27,229.42,229.59,228.75999,228.97,203.95215,59711100.0
2017-01-30,228.17,228.2,226.41,227.55,202.6873,79737300.0
2017-01-31,226.98,227.60001,226.32001,227.53,202.66948,75880800.0
2017-02-01,227.53,228.59,226.94,227.62,202.74965,79117700.0
2017-02-02,227.62,228.10001,226.82001,227.77,202.88326,69657600.0
2017-02-03,228.82001,229.55,228.46001,229.34,204.28169,80563200.0
2017-02-06,228.87,229.33,228.53999,228.92999,203.91646,57790100.0
2017-02-07,229.38,229.66,228.72,228.94,203.92543,57931200.0
2017-02-08,228.94,229.39,228.31,229.24001,204.19266,51566200.0
2017-02-09,229.24001,230.95,229.24001,230.60001,205.40405,65955200.0
2017-02-10,231.0,231.77,230.62,231.50999,206.21458,66015900.0
2017-02-13,232.08,233.07001,232.05,232.77,207.33694,55182100.0
2017-02-14,232.56,233.71001,232.16,233.7,208.1653,71109000.0
2017-02-15,233.45,235.14,233.39,234.92,209.25206,86785800.0
2017-02-16,234.95,235.16,233.85001,234.72,209.0739,84722400.0
2017-02-17,233.95,235.09,233.92999,235.09,209.40349,77204100.0
2017-02-21,235.52,236.69,235.50999,236.49001,210.65048,88946100.0
2017-02-22,236.02,236.53999,235.83,236.28,210.46342,62115200.0
2017-02-23,236.88,236.89999,235.56,236.44,210.60599,74615900.0
2017-02-24,235.46001,236.78999,235.41,236.74001,210.87317,82381600.0
2017-02-27,236.64,237.31,236.35001,237.11,211.20276,56515400.0
2017-02-28,236.67,236.95,236.02,236.47,210.63268,96961900.0
2017-03-01,238.39,240.32001,238.37,239.78,213.58099,149158200.0
2017-03-02,239.56,239.57001,238.21001,238.27,212.23598,70246000.0
2017-03-03,238.17,238.61,237.73,238.42,212.36963,81974300.0
2017-03-06,237.5,238.12,237.00999,237.71001,211.73718,55391500.0
2017-03-07,237.36,237.77,236.75999,237.0,211.10475,65103700.0
2017-03-08,237.34,237.64,236.39999,236.56,210.71281,78168800.0
2017-03-09,236.7,237.24001,235.74001,236.86,210.98007,90683900.0
2017-03-10,237.97,238.02,236.59,237.69,211.71939,81991700.0
2017-03-13,237.62,237.86,237.24001,237.81,211.82623,57256800.0
2017-03-14,237.17999,237.24001,236.19,236.89999,211.01569,59880800.0
2017-03-15,237.56,239.44,237.28999,238.95,212.84171,96081800.0
2017-03-16,239.11,239.2,238.10001,238.48,212.42308,78344000.0
2017-03-17,237.75,237.97,237.03,237.03,212.04999,89002100.0
2017-03-20,237.03,237.36,236.32001,236.77,211.81741,52537000.0
2017-03-21,237.47,237.61,233.58,233.73,209.09781,131809300.0
2017-03-22,233.77,234.61,233.05,234.28,209.58981,97569200.0
2017-03-23,234.28,235.34,233.60001,234.03,209.36618,100410300.0
2017-03-24,234.38,235.03999,232.96001,233.86,209.21405,112504900.0
2017-03-27,231.92999,233.92,231.61,233.62,208.99937,87454500.0
2017-03-28,233.27,235.81,233.14,235.32001,210.52023,93483900.0
2017-03-29,234.99001,235.81,234.73,235.53999,210.71704,61950400.0
2017-03-30,235.47,236.52,235.27,236.28999,211.38799,56737900.0
2017-03-31,235.89999,236.50999,235.67999,235.74001,210.89594,73733100.0
2017-04-03,235.8,236.03,233.91,235.33,210.52917,85546500.0
2017-04-04,235.0,235.58,234.56,235.48,210.66338,56466200.0
2017-04-05,236.25999,237.39,234.53999,234.78,210.03708,108800600.0
2017-04-06,234.94,236.03999,234.42999,235.44,210.62755,69135800.0
2017-04-07,235.14999,236.0,234.64,235.2,210.41284,74412300.0
2017-04-10,235.36,236.25999,234.73,235.34,210.53813,67615300.0
2017-04-11,234.89999,235.17999,233.34,235.06,210.2876,88045300.0
2017-04-12,234.74001,234.96001,233.77,234.03,209.36618,81864400.0
2017-04-13,233.64,234.49001,232.50999,232.50999,208.00635,92880400.0
2017-04-17,233.11,234.57001,232.88,234.57001,209.84921,68405400.0
2017-04-18,233.72,234.49001,233.08,233.87,209.22304,83225800.0
2017-04-19,234.52,234.95,233.17999,233.44,208.83836,68699900.0
2017-04-20,234.14999,235.85001,233.78,235.34,210.53813,92572200.0
2017-04-21,235.25,235.31,234.13,234.59,209.86716,110389800.0
2017-04-24,237.17999,237.41,234.56,237.17,212.17523,119209900.0
2017-04-25,237.91,238.95,237.81,238.55,213.40982,76698300.0
2017-04-26,238.50999,239.53,238.35001,238.39999,213.27562,84702500.0
2017-04-27,238.77,238.95,237.98,238.60001,213.45454,57410300.0
2017-04-28,238.89999,238.92999,237.92999,238.08,212.98933,63532800.0
2017-05-01,238.67999,239.17,238.2,238.67999,213.52605,66882500.0
2017-05-02,238.84,238.98,238.3,238.77,213.60661,57375700.0
2017-05-03,238.77,238.88,237.7,238.48,213.34718,73137700.0
2017-05-04,238.83,238.92,237.78,238.75999,213.59766,61462700.0
2017-05-05,239.19,239.72,238.67999,239.7,214.43861,62001300.0
2017-05-08,239.75,239.92,239.17,239.66,214.40286,48385700.0
2017-05-09,239.96001,240.19,239.03999,239.44,214.20599,51363200.0
2017-05-10,239.39,239.87,239.14999,239.87,214.59068,54293800.0
2017-05-11,239.35001,239.57001,238.13,239.38,214.15234,62358300.0
2017-05-12,239.09,239.42999,238.67,238.98,213.79445,53912700.0
2017-05-15,239.47,240.44,239.45,240.3,214.97537,61918900.0
2017-05-16,240.64,240.67,239.63,240.08,214.77859,51241800.0
2017-05-17,240.08,240.08,235.75,235.82001,210.96748,172174100.0
2017-05-18,235.73,237.75,235.42999,236.77,211.81741,107047700.0
2017-05-19,237.33,239.08,237.27,238.31,213.19513,115011400.0
2017-05-22,238.89999,239.71001,238.82001,239.52,214.27756,61010600.0
2017-05-23,239.95,240.24001,239.50999,240.05,214.75169,48341700.0
2017-05-24,240.32001,240.73,239.92999,240.61,215.25267,46927700.0
2017-05-25,241.2,242.08,240.96001,241.75999,216.28149,64071700.0
2017-05-26,241.53999,241.89999,241.45,241.71001,216.2368,46629900.0
2017-05-30,241.34,241.78999,241.16,241.5,216.04893,35201900.0
2017-05-31,241.84,241.88,240.64,241.44,215.99525,91796000.0
2017-06-01,241.97,243.38,241.64,243.36,217.71289,68962000.0
2017-06-02,243.42,244.35001,243.08,244.17,218.43753,88666100.0
2017-06-05,243.97,244.3,243.75999,243.99001,218.27649,44698800.0
2017-06-06,243.34,243.98,243.12,243.21001,217.57872,50375400.0
2017-06-07,243.60001,243.92,242.83,243.66,217.98126,54144300.0
2017-06-08,243.77,244.33,243.17,243.78,218.08864,65950700.0
2017-06-09,244.09,245.00999,241.95,243.41,217.75763,132256400.0
2017-06-12,243.13,243.42,242.38,243.36,217.71289,86108100.0
2017-06-13,243.98,244.61,243.58,244.55,218.7775,60067000.0
2017-06-14,244.86,244.87,243.28999,244.24001,218.50014,78602300.0
2017-06-15,242.67999,243.91,242.36,243.77,218.07968,66464900.0
2017-06-16,242.77,242.83,241.63,242.64,218.12726,84553100.0
2017-06-19,243.59,244.73,243.48,244.66,219.94327,65123800.0
2017-06-20,244.25,244.25999,242.99001,243.00999,218.45993,56906400.0
2017-06-21,243.46001,243.59,242.41,242.95,218.40601,55977600.0
2017-06-22,242.96001,243.53,242.64,242.84,218.30713,44148100.0
2017-06-23,242.91,243.50999,242.47,243.13,218.56781,66986800.0
2017-06-26,243.89999,244.38,243.05,243.28999,218.71169,56700500.0
2017-06-27,243.03999,243.38,241.31,241.33,216.94966,82247700.0
2017-06-28,242.5,243.72,242.23,243.49001,218.89146,70042600.0
2017-06-29,243.66,243.72,239.96001,241.35001,216.96767,106949700.0
2017-06-30,242.28,242.71001,241.58,241.8,217.37216,86820700.0
2017-07-03,242.88,243.38,242.21001,242.21001,217.74078,39153800.0
2017-07-05,242.63,243.00999,241.7,242.77,218.24422,54427600.0
2017-07-06,241.89,242.03,240.34,240.55,216.24846,65400800.0
2017-07-07,241.21001,242.28,240.56,242.11,217.65086,57972300.0
2017-07-10,242.11,242.8,241.75999,242.37,217.8846,36663300.0
2017-07-11,242.37,242.55,240.85001,242.19,217.72279,50354600.0
2017-07-12,243.3,244.2,243.3,244.00999,219.35892,59610400.0
2017-07-13,244.02,244.55,243.75999,244.42,219.72752,39471600.0
2017-07-14,244.42,245.97,244.31,245.56,220.75233,60262700.0
2017-07-17,245.47,245.91,245.33,245.53,220.72537,33531900.0
2017-07-18,245.06,245.72,244.67,245.66,220.84225,42742500.0
2017-07-19,246.02,247.0,246.00999,246.99001,222.03787,51034300.0
2017-07-20,247.28,247.42,246.47,247.10001,222.13676,47135200.0
2017-07-21,246.44,246.91,246.17999,246.88,221.93901,82340800.0
2017-07-24,246.78999,246.98,246.28,246.82001,221.88506,46622300.0
2017-07-25,247.67999,247.8,247.16,247.42,222.42442,54915600.0
2017-07-26,247.75,247.78999,247.13,247.42999,222.43338,47575400.0
2017-07-27,247.96001,248.0,245.67999,247.2,222.22665,70766600.0
2017-07-28,246.64999,247.06,246.13,246.91,221.96599,50088400.0
2017-07-31,247.37,247.48,246.53,246.77,221.84009,65838700.0
2017-08-01,247.46001,247.5,246.72,247.32001,222.33452,55050400.0
2017-08-02,247.47,247.60001,246.37,247.44,222.4424,47211200.0
2017-08-03,247.31,247.34,246.64,246.96001,222.01089,40856000.0
2017-08-04,247.52,247.78999,246.97,247.41,222.41544,60191800.0
2017-08-07,247.49001,247.87,247.37,247.87,222.82895,31995000.0
2017-08-08,247.50999,248.91,246.83,247.25999,222.28059,61719400.0
2017-08-09,246.47,247.31,246.06,247.25,222.27162,62632600.0
2017-08-10,246.28999,246.44,243.7,243.75999,219.13419,120479500.0
2017-08-11,244.02,244.8,243.75,244.12,219.45779,74869900.0
2017-08-14,245.59,246.78999,245.55,246.53999,221.63329,73291900.0
2017-08-15,246.98,247.0,246.16,246.50999,221.60637,55242700.0
2017-08-16,247.11,247.57001,246.45,246.94,221.99295,56715500.0
2017-08-17,246.24001,246.60001,243.09,243.09,218.53188,128490400.0
2017-08-18,242.89999,244.19,242.2,242.71001,218.19028,136748000.0
2017-08-21,242.64,243.2,241.83,242.89999,218.36108,65469700.0
2017-08-22,243.57001,245.62,243.55,245.44,220.64449,63140100.0
2017-08-23,244.33,245.05,244.16,244.56,219.85336,50203800.0
2017-08-24,245.0,245.17999,243.75,243.99001,219.34094,50741700.0
2017-08-25,244.89999,245.61,244.39,244.56,219.85336,64445900.0
2017-08-28,245.17,245.2,244.09,244.57001,219.86232,40565600.0
2017-08-29,243.06,245.14999,242.92999,244.85001,220.11409,51135700.0
2017-08-30,244.83,246.32001,244.62,246.00999,221.15686,62030800.0
2017-08-31,246.72,247.77,246.05,247.49001,222.48735,103803900.0
2017-09-01,247.92,248.33,247.67,247.84,222.802,62007000.0
2017-09-05,247.25999,247.52,244.95,246.06,221.20181,91398800.0
2017-09-06,246.84,247.28,246.23,246.89999,221.95697,57916900.0
2017-09-07,247.25,247.27,246.39999,246.87,221.92998,58034700.0
2017-09-08,246.53999,247.11,246.3,246.58,221.66928,63832800.0
2017-09-11,248.03999,249.3,248.02,249.21001,224.03363,71364800.0
2017-09-12,249.63,250.09,249.42,250.05,224.78876,56896000.0
2017-09-13,249.72,250.21001,249.59,250.17,224.89656,59228000.0
2017-09-14,249.8,250.32001,249.60001,250.09,224.82471,95446300.0
2017-09-15,248.69,249.28999,248.57001,249.19,225.12733,95432400.0
2017-09-18,249.61,250.12,249.28,249.72,225.60619,46235200.0
2017-09-19,250.0,250.07001,249.60001,249.97,225.83205,47108100.0
2017-09-20,250.07001,250.19,248.92,250.06,225.91335,59574100.0
2017-09-21,249.88,249.98,249.19,249.39,225.30804,48211400.0
2017-09-22,249.05,249.63,249.02,249.44,225.35321,51214000.0
2017-09-25,249.14999,249.55,248.08,248.92999,224.89243,57064400.0
2017-09-26,249.42,249.7,248.81,249.08,225.02797,54082000.0
2017-09-27,249.88,250.49001,248.87,250.05,225.90433,81001400.0
2017-09-28,249.73,250.44,249.63,250.35001,226.17532,44778800.0
2017-09-29,250.34,251.32001,250.13,251.23,226.97037,85578000.0
2017-10-02,251.49001,252.32001,251.28999,252.32001,227.95512,59023000.0
2017-10-03,252.32001,252.89,252.23,252.86,228.44296,66810200.0
2017-10-04,252.69,253.44,252.56,253.16,228.71402,55953600.0
2017-10-05,253.53999,254.67999,253.2,254.66,230.06918,63522800.0
2017-10-06,254.14999,254.7,253.85001,254.37,229.80711,80646000.0
2017-10-09,254.63,254.7,253.64999,253.95,229.42769,35803100.0
2017-10-10,254.60001,255.05,253.98,254.62,230.03299,43057400.0
2017-10-11,254.50999,255.02,254.32001,255.02,230.39435,47674300.0
2017-10-12,254.66,255.06,254.37,254.64,230.05104,47065100.0
2017-10-13,255.14,255.27,254.64,254.95,230.33115,54800400.0
2017-10-16,255.21001,255.50999,254.82001,255.28999,230.63832,38221700.0
2017-10-17,255.23,255.52,254.98,255.47,230.80093,31561000.0
2017-10-18,255.89999,255.95,255.5,255.72,231.02678,40888300.0
2017-10-19,254.83,255.83,254.35001,255.78999,231.09003,61903800.0
2017-10-20,256.70001,257.14001,255.77,257.10999,232.28258,89176400.0
2017-10-23,257.48001,257.51001,256.01999,256.10999,231.3791,63915300.0
2017-10-24,256.60001,256.82999,256.14999,256.56,231.78564,66935900.0
2017-10-25,256.17999,256.31,254.0,255.28999,230.63832,103715300.0
2017-10-26,255.99001,256.29999,255.48,255.62,230.93645,69798000.0
2017-10-27,256.47,257.89001,255.63,257.70999,232.8246,85562500.0
2017-10-30,256.47,257.60001,256.41,256.75,231.95735,54285700.0
2017-10-31,257.17999,257.44,256.81,257.14999,232.3187,60304800.0
2017-11-01,258.04001,258.42999,257.07001,257.48999,232.62587,54202700.0
2017-11-02,257.41,257.75,256.19,257.59,232.71623,56449500.0
2017-11-03,257.76999,258.5,257.29999,258.45001,233.49323,59589700.0
2017-11-06,258.29999,259.0,258.22,258.85001,233.85458,49652600.0
2017-11-07,258.97,259.35001,258.09,258.67001,233.692,57502200.0
2017-11-08,258.47,259.22,258.14999,259.10999,234.08943,50469600.0
2017-11-09,257.73001,258.39001,256.35999,258.17001,233.2402,95085500.0
2017-11-10,257.73001,258.29001,257.37,258.09,233.16792,59984700.0
2017-11-13,257.31,258.59,257.26999,258.32999,233.38474,50228600.0
2017-11-14,257.41,257.85001,256.51999,257.73001,232.84273,61315200.0
2017-11-15,256.62,257.22,255.63,256.44,231.67728,80811500.0
2017-11-16,257.51999,259.04001,257.47,258.62,233.64676,67777000.0
2017-11-17,258.22,258.59,257.76999,257.85999,232.96011,75756800.0
2017-11-20,258.14001,258.51999,257.85999,258.29999,233.35767,48075500.0
2017-11-21,259.17999,260.20001,258.26001,259.98999,234.88446,69176800.0
2017-11-22,260.0,260.14999,259.57001,259.76001,234.67667,45033400.0
2017-11-24,260.32001,260.48001,260.16,260.35999,235.2187,27856500.0
2017-11-27,260.41,260.75,260.0,260.23001,235.1013,52274900.0
2017-11-28,260.76001,262.89999,260.64999,262.87,237.48636,98971700.0
2017-11-29,263.01999,263.63,262.20001,262.70999,237.34178,77512100.0
2017-11-30,263.76001,266.04999,263.67001,265.01001,239.41975,127894400.0
2017-12-01,264.76001,265.31,260.76001,264.45999,238.92284,164390900.0
2017-12-04,266.31,266.79999,264.07999,264.14001,238.63373,94040600.0
2017-12-05,263.19,265.14999,263.04001,263.19,237.77548,77994500.0
2017-12-06,263.29999,263.73001,262.70999,263.23999,237.82063,75898600.0
2017-12-07,264.07001,264.42999,262.94,264.07001,238.5705,77218600.0
2017-12-08,265.16,265.51999,264.03,265.51001,239.8714,76563900.0
2017-12-11,266.31,266.38,265.48001,266.31,240.59419,83077500.0
2017-12-12,267.20999,267.32001,266.35001,266.78,241.01884,85195800.0
2017-12-13,267.06,267.56,266.64999,266.75,240.99174,102905400.0
2017-12-14,267.09,267.22,265.60001,265.66,240.00688,100666700.0
2017-12-15,265.45001,267.04001,265.39001,266.51001,242.00554,144610300.0
2017-12-18,268.10001,268.60001,267.98001,268.20001,243.54022,83653600.0
2017-12-19,268.48001,268.53,267.09,267.17001,242.60489,82382900.0
2017-12-20,268.26999,268.32999,266.69,267.03,242.47774,76751500.0
2017-12-21,267.73999,268.39001,267.29999,267.57999,242.9772,67032300.0
2017-12-22,267.60001,267.64001,266.89999,267.51001,242.91367,78720900.0
2017-12-26,267.04999,267.44,266.89001,267.19,242.62309,45244400.0
2017-12-27,267.38,267.73001,267.01001,267.32001,242.74112,57751000.0
2017-12-28,267.89001,267.92001,267.45001,267.87,243.24051,45116100.0
2017-12-29,268.53,268.54999,266.64001,266.85999,242.32339,96007400.0
2018-01-02,267.84,268.81,267.39999,268.76999,244.05779,86655700.0
2018-01-03,268.95999,270.64001,268.95999,270.47,245.60152,90070400.0
2018-01-04,271.20001,272.16,270.54001,271.60999,246.63666,80636400.0
2018-01-05,272.51001,273.56,271.95001,273.42001,248.28023,83524000.0
2018-01-08,273.31,274.10001,272.98001,273.92001,248.7343,57319200.0
2018-01-09,274.39999,275.25,274.07999,274.54001,249.29724,57254000.0
2018-01-10,273.67999,274.42001,272.92001,274.12,248.91594,69574300.0
2018-01-11,274.75,276.12,274.56,276.12,250.73204,62361500.0
2018-01-12,276.42001,278.10999,276.07999,277.92001,252.36655,90816100.0
2018-01-16,279.35001,280.09,276.17999,276.97,251.50377,106555100.0
2018-01-17,278.03,280.04999,276.97,279.60999,253.90114,113258800.0
2018-01-18,279.48001,279.95999,278.57999,279.14001,253.47429,100728000.0
2018-01-19,279.79999,280.41,279.14001,280.41,254.62758,140920100.0
2018-01-22,280.17001,282.69,280.10999,282.69,256.69785,91322400.0
2018-01-23,282.73999,283.62,282.37,283.29001,257.24277,97084700.0
2018-01-24,284.01999,284.70001,281.84,283.17999,257.14288,134816100.0
2018-01-25,284.16,284.26999,282.39999,283.29999,257.25183,84587300.0
2018-01-26,284.25,286.63,283.95999,286.57999,260.23029,107743100.0
2018-01-29,285.92999,286.42999,284.5,284.67999,258.50491,90118300.0
2018-01-30,282.60001,284.73999,281.22,281.76001,255.85344,131796400.0
2018-01-31,282.73001,283.29999,280.67999,281.89999,255.98053,108364800.0
2018-02-01,281.07001,283.06,280.67999,281.57999,255.68993,90102500.0
2018-02-02,280.07999,280.23001,275.41,275.45001,250.12361,173174800.0
2018-02-05,273.45001,275.85001,263.31,263.92999,239.6628,294681800.0
2018-02-06,259.94,269.70001,258.70001,269.13,244.38469,355026800.0
2018-02-07,268.5,272.35999,267.57999,267.67001,243.05893,167376100.0
2018-02-08,268.01001,268.17001,257.59,257.63,233.94203,246449500.0
2018-02-09,260.79999,263.60999,252.92,261.5,237.45621,283565300.0
2018-02-12,263.82999,267.01001,261.66,265.34,240.94315,143736000.0
2018-02-13,263.97,266.62,263.31,266.0,241.5425,81223600.0
2018-02-14,264.31,270.0,264.29999,269.59,244.80235,120735700.0
2018-02-15,271.57001,273.04001,268.76999,273.03,247.92613,111200300.0
2018-02-16,272.32001,275.32001,272.26999,273.10999,247.99883,160420100.0
2018-02-20,272.03,273.67001,270.5,271.39999,246.44597,86369700.0
2018-02-21,271.89999,274.72,269.94,270.04999,245.22011,98883700.0
2018-02-22,271.10001,273.04999,269.64001,270.39999,245.53792,110511300.0
2018-02-23,271.79001,274.70999,271.25,274.70999,249.45161,92766400.0
2018-02-26,275.92999,278.01001,275.26001,277.89999,252.3483,86491400.0
2018-02-27,278.10999,278.92001,274.35999,274.42999,249.19739,99099200.0
2018-02-28,275.67999,276.19,271.29001,271.64999,246.673,121907800.0
2018-03-01,271.41,273.17001,266.0,267.70001,243.08614,176855100.0
2018-03-02,265.79999,269.72,264.82001,269.07999,244.33922,139083200.0
2018-03-05,267.73001,272.89001,267.60999,272.19,247.16333,97307400.0
2018-03-06,273.29999,273.39001,271.17999,272.88,247.78989,79213200.0
2018-03-07,270.42001,273.17999,270.20001,272.78,247.69908,87063500.0
2018-03-08,273.54999,274.23999,272.42001,274.10001,248.89771,66901200.0
2018-03-09,275.70001,278.87,275.34,278.87,253.22911,113625300.0
2018-03-12,279.20001,279.91,278.07999,278.51999,252.91129,71924800.0
2018-03-13,279.84,280.41,276.03,276.72,251.27675,91968900.0
2018-03-14,277.81,278.01999,274.67001,275.29999,249.98735,105895100.0
2018-03-15,275.88,276.60999,274.42999,275.0,249.71495,83433000.0
2018-03-16,274.5,275.39001,274.14001,274.20001,249.98578,100343700.0
2018-03-19,273.35001,274.39999,268.62,270.48999,246.60332,109208400.0
2018-03-20,270.94,271.67001,270.17999,270.95001,247.02281,59757300.0
2018-03-21,270.89999,273.26999,270.19,270.42999,246.54871,78709600.0
2018-03-22,267.91,268.87,263.35999,263.67001,240.38565,148785900.0
2018-03-23,264.17001,264.54001,257.82999,258.04999,235.26192,183534800.0
2018-03-26,262.13,265.42999,259.41,265.10999,241.69839,141956100.0
2018-03-27,266.17001,266.76999,258.84,260.60001,237.58678,129941400.0
2018-03-28,260.75,262.64001,258.57999,259.82999,236.88472,146452300.0
2018-03-29,261.12,265.26001,259.84,263.14999,239.91156,111601600.0
2018-04-02,262.54999,263.13,254.67,257.47,234.73314,186286300.0
2018-04-03,258.87,261.31,256.84,260.76999,237.74171,119956900.0
2018-04-04,256.75,264.35999,256.60001,263.56,240.28534,123715300.0
2018-04-05,265.54999,266.64001,264.32001,265.64001,242.18163,82652600.0
2018-04-06,263.42001,265.10999,258.0,259.72,236.78445,179521200.0
2018-04-09,261.37,264.84,259.94,261.0,237.95142,105442900.0
2018-04-10,264.26999,266.04001,262.98001,265.14999,241.73492,103529000.0
2018-04-11,263.47,265.64001,263.39001,263.76001,240.46765,91140200.0
2018-04-12,265.26001,267.0,265.06,265.92999,242.44601,68890500.0
2018-04-13,267.41,267.54001,264.01001,265.14999,241.73492,85079200.0
2018-04-16,267.0,268.20001,266.07001,267.32999,243.72243,63405300.0
2018-04-17,269.32999,270.87,268.75,270.19,246.3299,64682000.0
2018-04-18,270.69,271.29999,269.87,270.39001,246.51216,57303900.0
2018-04-19,269.64999,269.88,267.72,268.89001,245.1447,77655900.0
2018-04-20,268.81,269.06,265.60999,266.60999,243.06599,99953100.0
2018-04-23,267.26001,267.89001,265.35001,266.57001,243.02953,65558000.0
2018-04-24,267.73001,267.98001,261.28,262.98001,239.75656,112885500.0
2018-04-25,262.91,264.13,260.85001,263.63,240.34918,103840900.0
2018-04-26,264.79001,267.25,264.29001,266.31,242.79254,67731900.0
2018-04-27,267.0,267.34,265.5,266.56,243.02048,57053600.0
2018-04-30,267.26001,267.89001,264.42999,264.51001,241.15149,82182300.0
2018-05-01,263.87,265.10001,262.10999,264.98001,241.57997,74203400.0
2018-05-02,264.76001,265.67999,262.76001,263.20001,239.95714,86368900.0
2018-05-03,262.26001,263.35999,259.04999,262.62,239.42834,136311500.0
2018-05-04,261.51999,266.79001,261.14999,266.01999,242.52811,91222100.0
2018-05-07,266.89001,268.01999,266.10999,266.92001,243.34863,55304900.0
2018-05-08,266.5,267.32999,265.14999,266.92001,243.34863,67499200.0
2018-05-09,267.67999,269.87,267.09,269.5,245.70082,59666100.0
2018-05-10,270.34,272.39001,270.22,272.01999,247.99829,72063900.0
2018-05-11,272.16,273.14999,271.57999,272.85001,248.7549,59871500.0
2018-05-14,273.34,274.07999,272.35999,272.98001,248.87349,54790600.0
2018-05-15,271.59,271.60999,270.03,271.10001,247.15945,87036100.0
2018-05-16,271.14001,272.76001,271.10999,272.23999,248.19885,53942600.0
2018-05-17,271.94,273.23001,271.13,272.01001,247.98914,56536400.0
2018-05-18,271.62,272.03,270.92999,271.32999,247.36919,64368000.0
2018-05-21,273.01001,273.98001,272.57001,273.37,249.22899,58025900.0
2018-05-22,273.95999,274.25,272.23999,272.60999,248.53612,52966400.0
2018-05-23,271.17001,273.39001,270.98999,273.35999,249.21991,64694200.0
2018-05-24,272.91,273.22,270.78,272.79999,248.7094,76043800.0
2018-05-25,272.14999,272.85999,271.57999,272.14999,248.11682,56374800.0
2018-05-29,270.31,271.17001,267.76001,269.01999,245.26317,115908600.0
2018-05-30,270.5,273.10999,270.42001,272.60999,248.53612,69678400.0
2018-05-31,272.14999,272.48999,270.26001,270.94,247.01367,93519900.0
2018-06-01,272.41,273.94,272.32999,273.60001,249.43872,71258400.0
2018-06-04,274.53,275.19,274.26001,274.89999,250.62392,45385200.0
2018-06-05,275.04999,275.53,274.17999,275.10001,250.8063,51135000.0
2018-06-06,275.79001,277.51999,275.09,277.39999,252.90315,62732200.0
2018-06-07,277.95001,278.28,276.34,277.37,252.87576,72969400.0
2018-06-08,276.85001,278.25,276.66,278.19,253.62331,72139700.0
2018-06-11,278.44,279.37,278.31,278.56,253.96066,58892500.0
2018-06-12,279.03,279.32999,278.19,278.92001,254.28891,72329000.0
2018-06-13,279.19,279.48001,277.79999,278.03,253.47752,79070600.0
2018-06-14,279.01001,279.32999,278.06,278.73001,254.11568,77097600.0
2018-06-15,276.60001,277.51001,275.35001,277.13,253.79152,120041600.0
2018-06-18,275.48999,276.70001,274.95001,276.56,253.2695,52917600.0
2018-06-19,274.0,275.75,273.53,275.5,252.29877,97531500.0
2018-06-20,276.26999,276.72,275.59,275.97,252.72923,53785500.0
2018-06-21,275.95999,275.98001,273.67999,274.23999,251.14488,71061400.0
2018-06-22,275.66,275.79001,274.48999,274.73999,251.60284,54898500.0
2018-06-25,273.44,273.62,269.10001,271.0,248.17775,137854200.0
2018-06-26,271.64001,272.56,270.79001,271.60001,248.72723,68547400.0
2018-06-27,272.26001,273.87,269.17999,269.35001,246.6667,105110700.0
2018-06-28,269.29001,271.75,268.48999,270.89001,248.07698,76650500.0
2018-06-29,272.12,273.66,271.14999,271.28,248.43422,97592500.0
2018-07-02,269.51001,272.04001,269.23999,271.85999,248.9653,63554800.0
2018-07-03,272.87,272.98001,270.42001,270.89999,248.0862,42187100.0
2018-07-05,272.17001,273.17999,270.95999,273.10999,250.11006,56925900.0
2018-07-06,273.14001,275.84,272.70999,275.42001,252.22549,66493700.0
2018-07-09,276.54999,277.95999,276.5,277.89999,254.49663,50550400.0
2018-07-10,278.41,279.01001,278.07999,278.89999,255.41241,51966800.0
2018-07-11,277.14999,278.04001,276.51999,276.85999,253.54422,77054700.0
2018-07-12,278.28,279.42999,277.60001,279.37,255.84283,60124700.0
2018-07-13,279.17001,279.92999,278.66,279.59,256.04434,48216000.0
2018-07-16,279.64001,279.79999,278.84,279.34,255.8154,48201000.0
2018-07-17,278.47,280.91,278.41,280.47,256.85025,52315500.0
2018-07-18,280.56,281.17999,280.06,281.06,257.39047,44593500.0
2018-07-19,280.31,280.73999,279.45999,280.0,256.41986,61412100.0
2018-07-20,279.76999,280.48001,279.5,279.67999,256.1268,82337700.0
2018-07-23,279.45001,280.42999,279.06,280.20001,256.60303,47047600.0
2018-07-24,281.79001,282.56,280.63,281.60999,257.89426,68026900.0
2018-07-25,281.32999,284.37,281.28,284.01001,260.09207,78882900.0
2018-07-26,283.20001,284.10999,283.09,283.34,259.47855,57919500.0
2018-07-27,283.70999,283.82001,280.38,281.42001,257.72028,76768700.0
2018-07-30,281.51001,281.69,279.35999,279.95001,256.37402,63742500.0
2018-07-31,280.81,282.01999,280.38,281.32999,257.63773,68570500.0
2018-08-01,281.56,282.13,280.13,280.85999,257.2074,53853300.0
2018-08-02,279.39001,282.57999,279.16,282.39001,258.60858,63426400.0
2018-08-03,282.53,283.66,282.32999,283.60001,259.71667,53935400.0
2018-08-06,283.64001,284.98999,283.20001,284.64001,260.66913,39400900.0
2018-08-07,285.39001,286.01001,285.23999,285.57999,261.52991,43196600.0
2018-08-08,285.39001,285.91,284.94,285.45999,261.42001,42114600.0
2018-08-09,285.53,285.97,284.92001,285.07001,261.06287,35717000.0
2018-08-10,283.45001,284.06,282.35999,283.16,259.31372,77076000.0
2018-08-13,283.47,284.16,281.76999,282.10001,258.34296,65732900.0
2018-08-14,282.92001,284.17001,282.48001,283.89999,259.99146,43842000.0
2018-08-15,282.38,282.54001,280.16,281.78,258.04993,102925400.0
2018-08-16,283.39999,285.04001,283.35999,284.06,260.13791,69967900.0
2018-08-17,283.82999,285.56,283.37,285.06,261.05371,65618500.0
2018-08-20,285.57001,285.97,285.06,285.67001,261.61234,39807500.0
2018-08-21,286.25,287.31,285.70999,286.34,262.2258,67272000.0
2018-08-22,285.88,286.76001,285.57999,286.17001,262.07025,44993300.0
2018-08-23,285.97,286.94,285.42999,285.79001,261.72223,49204900.0
2018-08-24,286.44,287.67001,286.38,287.51001,263.29736,57487400.0
2018-08-27,288.85999,289.89999,288.67999,289.78,265.37616,57072400.0
2018-08-28,290.29999,290.42001,289.39999,289.92001,265.50443,46943500.0
2018-08-29,290.16,291.73999,289.89001,291.48001,266.93304,61485500.0
2018-08-30,290.94,291.35999,289.63,290.29999,265.85236,61229500.0
2018-08-31,289.84,290.81,289.29001,290.31,265.86148,66140800.0
2018-09-04,289.84,290.20999,288.67999,289.81,265.40372,57594400.0
2018-09-05,289.41,289.64001,287.89001,289.03,264.68936,72452400.0
2018-09-06,289.14999,289.48999,287.0,288.16,263.89264,65909900.0
2018-09-07,286.98001,288.70001,286.70999,287.60001,263.37979,73524800.0
2018-09-10,288.73999,289.04001,287.88,288.10001,263.83774,50210900.0
2018-09-11,287.37,289.54999,286.98001,289.04999,264.70767,50530500.0
2018-09-12,289.06,289.79999,288.23001,289.12,264.77176,59810800.0
2018-09-13,290.32001,291.04001,290.0,290.82999,266.33786,51034200.0
2018-09-14,291.06,291.26999,290.0,290.88,266.38358,55079900.0
2018-09-17,290.82001,290.85999,289.03,289.34,264.97318,68244000.0
2018-09-18,289.57999,291.57999,289.54999,290.91,266.4111,61930400.0
2018-09-19,290.97,291.69,290.82999,291.22,266.69495,49080600.0
2018-09-20,292.64001,293.94,291.23999,293.57999,268.8562,100360600.0
2018-09-21,293.09,293.22,291.81,291.98999,268.61057,105479700.0
2018-09-24,291.34,291.5,290.37,291.01999,267.7182,53409600.0
2018-09-25,291.53,291.64999,290.48001,290.75,267.46982,44370000.0
2018-09-26,290.91,292.23999,289.41,289.88,266.66953,79739700.0
2018-09-27,290.41,291.91,290.10001,290.69,267.41467,59249500.0
2018-09-28,289.98999,291.28,289.95001,290.72,267.44229,70091400.0
2018-10-01,292.10999,292.92999,290.98001,291.73001,268.3714,62078900.0
2018-10-02,291.56,292.35999,291.14001,291.56,268.21497,47258200.0
2018-10-03,292.73999,293.20999,291.32001,291.72,268.36218,64694600.0
2018-10-04,291.17999,291.23999,287.66,289.44,266.26474,111545900.0
2018-10-05,289.69,290.26999,286.22,287.82001,264.77444,105951700.0
2018-10-08,287.04999,288.22,285.5,287.82001,264.77444,87742200.0
2018-10-09,287.39001,288.85999,286.76999,287.39999,264.38806,74339000.0
2018-10-10,286.82999,286.91,277.88,278.29999,256.01666,214731000.0
2018-10-11,277.07999,278.89999,270.35999,272.17001,250.37753,274840500.0
2018-10-12,276.76999,277.09,272.37,275.95001,253.85489,183186500.0
2018-10-15,275.54999,277.04001,274.29999,274.39999,252.42897,102263700.0
2018-10-16,276.60001,280.82001,276.07001,280.39999,257.94855,118255800.0
2018-10-17,280.44,281.14999,277.56,280.45001,257.99454,110626000.0
2018-10-18,279.39999,280.07001,274.97,276.39999,254.26884,134557500.0
2018-10-19,277.13,279.29999,275.47,276.25,254.13091,139901600.0
2018-10-22,277.0,277.35999,274.41,275.01001,252.99008,82415800.0
2018-10-23,270.95001,274.87,268.60999,273.60999,251.70222,146352700.0
2018-10-24,273.32999,273.76001,264.70001,265.32001,244.076,177806700.0
2018-10-25,267.38,271.81,266.23001,270.07999,248.45486,138061500.0
2018-10-26,265.92001,271.0,262.29001,265.32999,244.08514,201574600.0
2018-10-29,268.79999,270.25,259.85001,263.85999,242.73293,160749100.0
2018-10-30,263.67001,268.12,263.12,267.76999,246.3298,157116000.0
2018-10-31,270.64999,273.23001,270.12,270.63,248.96088,128296300.0
2018-11-01,271.60001,273.73001,270.38,273.51001,251.61024,99495000.0
2018-11-02,274.75,275.23001,269.59,271.89001,250.11996,122634100.0
2018-11-05,272.44,274.01001,271.35001,273.39001,251.49985,65622500.0
2018-11-06,273.32001,275.29999,273.25,275.12,253.09128,60085900.0
2018-11-07,277.56,281.10001,277.07999,281.01001,258.5097,102752100.0
2018-11-08,280.10999,281.22,279.22,280.5,258.04059,65584900.0
2018-11-09,279.03,279.23999,276.17999,277.76001,255.51999,98812600.0
2018-11-12,277.19,277.45999,271.98999,272.57001,250.74553,99673600.0
2018-11-13,273.09,275.32999,271.25,272.06,250.27635,98176600.0
2018-11-14,274.16,274.60999,268.45001,270.20001,248.5652,125335900.0
2018-11-15,268.78,273.54001,267.01001,273.01999,251.15952,135101400.0
2018-11-16,271.79001,274.75,271.20999,273.73001,251.81261,126668000.0
2018-11-19,273.04999,273.38,268.07001,269.10001,247.55331,103061700.0
2018-11-20,265.35999,267.0,263.14999,264.12,242.97203,136021300.0
2018-11-21,265.85999,267.14999,265.01001,265.01999,243.79996,75563700.0
2018-11-23,263.17999,264.82001,263.07001,263.25,242.17174,42807900.0
2018-11-26,265.78,267.75,265.34,267.5,246.08147,79981400.0
2018-11-27,266.34,268.39999,265.66,268.39999,246.90939,75502400.0
2018-11-28,269.60001,274.57999,268.32999,274.57999,252.59456,127629600.0
2018-11-29,273.70999,275.54999,272.42999,273.98001,252.04269,82346400.0
2018-11-30,273.81,276.28,273.45001,275.64999,253.57884,98204200.0
2018-12-03,280.28,280.39999,277.51001,279.29999,256.93671,103176300.0
2018-12-04,278.37,278.85001,269.89999,270.25,248.61128,177986000.0
2018-12-06,265.92001,269.97,262.44,269.84,248.23409,204185400.0
2018-12-07,269.45999,271.22,262.63,263.57001,242.46614,161018900.0
2018-12-10,263.37,265.16,258.62,264.07001,242.92604,151445900.0
2018-12-11,267.66,267.87,262.48001,264.13,242.98126,121504400.0
2018-12-12,267.47,269.0,265.37,265.45999,244.2048,97976700.0
2018-12-13,266.51999,267.48999,264.12,265.37,244.12204,96662700.0
2018-12-14,262.95999,264.03,259.85001,260.47,239.6143,116961100.0
2018-12-17,259.39999,260.64999,253.53,255.36,234.91351,165492300.0
2018-12-18,257.20001,257.95001,253.28,255.08,234.6559,134515100.0
2018-12-19,255.17,259.39999,249.35001,251.25999,231.1418,214992800.0
2018-12-20,249.86,251.62,244.64999,247.17,227.37924,252053400.0
2018-12-21,246.74001,249.71001,239.98,240.7,222.72037,255345600.0
2018-12-24,239.03999,240.84,234.27,234.34,216.83545,147311600.0
2018-12-26,235.97,246.17999,233.75999,246.17999,227.79103,218485400.0
2018-12-27,242.57001,248.28999,238.96001,248.07001,229.53986,186267300.0
2018-12-28,249.58,251.39999,246.45,247.75,229.24376,153100200.0
2018-12-31,249.56,250.19,247.47,249.92,231.25166,144299400.0
2019-01-02,245.98,251.21001,245.95,250.17999,231.49226,126925200.0
2019-01-03,248.23,248.57001,243.67,244.21001,225.96817,144140700.0
2019-01-04,247.59,253.11,247.17,252.39,233.53719,142628800.0
2019-01-07,252.69,255.95,251.69,254.38,235.37852,103139100.0
2019-01-08,256.82001,257.31,254.0,256.76999,237.58995,102512600.0
2019-01-09,257.56,258.91,256.19,257.97,238.70035,95006600.0
2019-01-10,256.26001,259.16,255.5,258.88,239.54242,96823900.0
2019-01-11,257.67999,259.01001,257.03,258.98001,239.63492,73858100.0
2019-01-14,256.85999,258.29999,256.41,257.39999,238.1729,70908200.0
2019-01-15,257.82001,260.70001,257.81,260.35001,240.90257,85208300.0
2019-01-16,260.82999,261.97,260.60001,260.98001,241.48553,77636700.0
2019-01-17,260.01001,263.92001,259.95999,262.95999,243.31758,96118400.0
2019-01-18,264.98001,266.98001,263.0,266.45999,246.55612,127900300.0
2019-01-22,264.82001,265.06,261.06,262.85999,243.22505,115531200.0
2019-01-23,264.01001,264.79001,260.66,263.41,243.73395,86030300.0
2019-01-24,263.20999,264.20001,262.07999,263.54999,243.86351,59204100.0
2019-01-25,265.60999,266.70001,263.66,265.78,245.92697,96883400.0
2019-01-28,263.39001,263.82999,261.79001,263.76001,244.0578,85613700.0
2019-01-29,263.92001,264.54999,262.48001,263.41,243.73395,66136300.0
2019-01-30,265.10001,268.51999,264.25,267.57999,247.5925,92473700.0
2019-01-31,267.51001,270.47,267.26999,269.92999,249.76695,104012100.0
2019-02-01,270.14999,271.20001,269.17999,270.06,249.88721,85782500.0
2019-02-04,270.10999,272.03,269.35999,271.95999,251.64537,60744800.0
2019-02-05,272.44,273.44,271.88,273.10001,252.70018,79552800.0
2019-02-06,272.79001,273.34,271.92001,272.73999,252.36703,58347800.0
2019-02-07,270.94,271.54999,268.29001,270.14001,249.96123,95482000.0
2019-02-08,268.75,270.57999,267.82999,270.47,250.26666,75788900.0
2019-02-11,271.20001,271.48999,270.03,270.62,250.40541,68021400.0
2019-02-12,272.42001,274.51999,272.34,274.10001,253.62546,72270200.0
2019-02-13,275.03,275.92999,274.56,274.98999,254.44896,65277200.0
2019-02-14,273.78,275.64001,272.87,274.38,253.88464,83234400.0
2019-02-15,276.35999,277.41,276.13,277.37,256.65118,97088700.0
2019-02-19,276.48001,278.57999,276.47,277.85001,257.09534,59120800.0
2019-02-20,277.81,278.92001,277.25,278.41,257.61353,76610800.0
2019-02-21,277.70001,278.10001,276.35001,277.42001,256.69748,64214700.0
2019-02-22,278.10999,279.35999,277.39999,279.14001,258.28897,78114600.0
2019-02-25,280.73001,281.31,279.42999,279.51999,258.64059,69030700.0
2019-02-26,279.13,280.29999,278.89999,279.32001,258.45557,56844100.0
2019-02-27,278.51999,279.59,277.48001,279.20001,258.34448,56921600.0
2019-02-28,278.95999,279.45001,278.32001,278.67999,257.8634,69268300.0
2019-03-01,280.44,280.88,278.82001,280.42001,259.47333,78880500.0
2019-03-04,281.60001,281.87,276.84,279.39999,258.52963,106494600.0
2019-03-05,279.54001,279.76001,278.41,279.01999,258.17798,59114600.0
2019-03-06,279.14999,279.16,276.97,277.32999,256.61426,75039800.0
2019-03-07,276.82999,276.98999,274.07001,275.01001,254.46747,94885100.0
2019-03-08,272.94,274.64999,272.42001,274.45999,253.95856,85795800.0
2019-03-11,275.26001,278.62,275.23001,278.44,257.64133,65098900.0
2019-03-12,279.06,280.07001,278.85001,279.48999,258.61285,79667500.0
2019-03-13,280.48001,282.38,280.29999,281.34,260.32458,80639200.0
2019-03-14,281.37,281.84,280.67001,281.16,260.15811,67518400.0
2019-03-15,280.54001,282.20999,280.32999,281.31,261.44345,81309000.0
2019-03-18,281.54999,282.66,281.29999,282.32999,262.39142,62199800.0
2019-03-19,283.51001,284.35999,281.41,282.39999,262.45645,90268100.0
2019-03-20,282.16,283.5,280.32001,281.54999,261.66647,84609200.0
2019-03-21,280.64001,285.17999,280.59,284.73001,264.62186,79550400.0
2019-03-22,283.22,283.79999,279.17999,279.25,259.52896,122659300.0
2019-03-25,278.87,280.19,277.64001,279.04001,259.33374,85575200.0
2019-03-26,280.98999,282.17999,279.56,281.12,261.26691,68125900.0
2019-03-27,281.10999,281.76001,277.92999,279.64999,259.9007,72224700.0
2019-03-28,280.35001,281.20999,279.07001,280.70999,260.88577,56238500.0
2019-03-29,282.39001,282.84,281.14001,282.48001,262.53082,82186800.0
2019-04-01,284.70001,286.16,284.39999,285.82999,265.64423,77617900.0
2019-04-02,286.04001,286.23001,285.09,285.97,265.77426,40070400.0
2019-04-03,287.32001,287.76001,285.75,286.42001,266.19254,68243200.0
2019-04-04,286.78,287.45999,286.01001,287.17999,266.89883,48997500.0
2019-04-05,287.92001,288.63,287.60001,288.57001,268.19073,58621700.0
2019-04-08,288.10001,288.91,287.37,288.79001,268.39514,53566300.0
2019-04-09,287.72,288.07999,286.70001,287.31,267.01965,66142300.0
2019-04-10,287.76999,288.39001,287.31,288.29001,267.93051,52601500.0
2019-04-11,288.82999,288.84,287.57999,288.20999,267.85617,55093100.0
2019-04-12,290.0,290.47,288.26001,290.16,269.66846,69727800.0
2019-04-15,290.23999,290.35001,289.07999,289.97,269.49182,49596700.0
2019-04-16,290.95001,291.01001,289.5,290.16,269.66846,52153200.0
2019-04-17,291.39999,291.42999,288.98999,289.45001,269.00854,58268300.0
2019-04-18,290.10001,290.32001,288.66,290.01999,269.53839,68708500.0
2019-04-22,289.17001,290.44,289.07001,290.26999,269.77066,40160100.0
2019-04-23,290.67999,293.14001,290.42001,292.88,272.19638,52246600.0
2019-04-24,292.79001,293.16,292.07001,292.23001,271.59232,50392900.0
2019-04-25,292.12,292.78,290.73001,292.04999,271.4249,57770900.0
2019-04-26,292.10001,293.48999,291.23999,293.41,272.68893,50916400.0
2019-04-29,293.51001,294.45001,293.41,293.87,273.11642,57197700.0
2019-04-30,293.48999,294.34,291.92001,294.01999,273.25589,81111700.0
2019-05-01,294.72,294.95001,291.79999,291.81,271.20187,71671900.0
2019-05-02,291.67999,292.70001,289.51999,291.17999,270.61642,65030200.0
2019-05-03,292.82001,294.34,291.29999,294.03,273.26511,56543700.0
2019-05-06,289.25,293.31,288.89999,292.82001,272.14059,107198100.0
2019-05-07,290.14999,290.81,285.81,287.92999,267.59589,144729900.0
2019-05-08,287.53,289.42999,286.87,287.53,267.22409,91568300.0
2019-05-09,285.23001,287.32999,283.29999,286.66,266.41565,103471100.0
2019-05-10,285.62,288.94,282.29999,288.10001,267.75397,112429300.0
2019-05-13,282.42001,283.48999,279.92999,280.85999,261.02524,127290500.0
2019-05-14,281.98999,285.10001,281.85001,283.39999,263.38583,77003200.0
2019-05-15,281.59,285.76999,281.35999,285.06,264.92862,73956400.0
2019-05-16,285.84,289.20999,285.76001,287.70001,267.38226,76749600.0
2019-05-17,285.14001,288.60001,285.12,285.84,265.65353,100353000.0
2019-05-20,284.06,285.95999,283.12,283.95001,263.89697,62877600.0
2019-05-21,285.82999,286.92999,285.54999,286.51001,266.27625,46847100.0
2019-05-22,285.45001,286.69,285.10001,285.63,265.45828,49482500.0
2019-05-23,283.16,283.20999,280.57001,282.14001,262.21484,98733800.0
2019-05-24,283.73999,284.20001,282.09,282.78,262.80966,55268100.0
2019-05-28,283.09,284.14999,280.13,280.14999,260.36533,70029400.0
2019-05-29,278.91,279.35999,276.70999,278.26999,258.61807,104972900.0
2019-05-30,279.10999,280.04001,277.81,279.03,259.32446,62523800.0
2019-05-31,276.20001,277.12,275.23999,275.26999,255.83,86862800.0
2019-06-03,275.31,276.54999,273.09,274.57001,255.17946,96428000.0
2019-06-04,277.12,280.67999,276.62,280.53,260.71857,77231900.0
2019-06-05,282.32999,282.98999,280.32001,282.95999,262.97684,71169700.0
2019-06-06,283.29001,285.54999,282.57001,284.79999,264.68692,69430400.0
2019-06-07,285.92999,288.85001,285.73999,287.64999,267.33575,74272200.0
2019-06-10,289.37,290.82001,288.87,288.97,268.56253,60799100.0
2019-06-11,290.98999,291.39999,288.17999,288.89999,268.49741,58641300.0
2019-06-12,288.64001,289.26001,287.82001,288.39001,268.0235,47096300.0
2019-06-13,289.39999,289.98001,288.62,289.57999,269.12939,48945200.0
2019-06-14,289.26001,289.92999,288.41,289.26001,268.83203,52324700.0
2019-06-17,289.51999,290.22,289.17999,289.37,268.9342,39205700.0
2019-06-18,291.39001,293.57001,290.98999,292.39999,271.75031,85434800.0
2019-06-19,292.54999,293.64999,291.47,293.06,272.36362,78674400.0
2019-06-20,296.04001,296.31,293.13,295.85999,274.96591,116570000.0
2019-06-21,294.13,295.51999,293.76001,294.0,274.56622,83309500.0
2019-06-24,294.23001,294.57999,293.47,293.64001,274.23001,47582700.0
2019-06-25,293.70001,293.73001,290.64001,290.76001,271.54041,82028700.0
2019-06-26,291.75,292.31,290.35001,290.47,271.26956,51584900.0
2019-06-27,291.31,292.06,290.89001,291.5,272.23141,40355200.0
2019-06-28,292.57999,293.54999,292.01001,293.0,273.63226,59350900.0
2019-07-01,296.67999,296.92001,294.32999,295.66,276.11646,78705600.0
2019-07-02,295.60999,296.48999,294.67999,296.42999,276.8356,61504500.0
2019-07-03,297.17999,298.82001,297.01999,298.79999,279.04892,40898900.0
2019-07-05,297.44,298.64001,296.01001,298.45999,278.73132,51677300.0
2019-07-08,297.01001,298.26001,296.22,296.82001,277.19986,45841800.0
2019-07-09,295.54001,297.51999,295.48001,297.19,277.54532,41101300.0
2019-07-10,298.37,299.66,297.78,298.60999,278.87149,58448500.0
2019-07-11,299.32001,299.57999,298.20001,299.31,279.52518,50826100.0
2019-07-12,299.85001,300.73001,299.51001,300.64999,280.77664,40326000.0
2019-07-15,301.13,301.13,300.19,300.75,280.86996,33900000.0
2019-07-16,300.64999,300.88,299.44,299.78,279.96411,36650100.0
2019-07-17,299.75,299.92999,297.73999,297.73999,278.05899,36036300.0
2019-07-18,297.19,299.25,296.70001,298.82999,279.07693,51392600.0
2019-07-19,300.04001,300.07001,296.98001,297.17001,277.52664,58678600.0
2019-07-22,297.60999,298.5,297.04001,297.89999,278.2084,43638100.0
2019-07-23,299.14001,300.03,298.22,300.03,280.19757,44564500.0
2019-07-24,299.19,301.44,299.09,301.44,281.51437,47213200.0
2019-07-25,300.94,301.0,299.10999,300.0,280.16956,55394100.0
2019-07-26,300.76001,302.23001,300.62,302.01001,282.04666,45084100.0
2019-07-29,301.88,302.01001,300.85001,301.45999,281.53308,38126500.0
2019-07-30,299.91,301.17001,299.48999,300.72,280.84198,45849000.0
2019-07-31,300.98999,301.20001,295.20001,297.42999,277.76944,104245200.0
2019-08-01,297.60001,300.87,293.95999,294.84,275.35068,142646600.0
2019-08-02,293.85001,294.12,290.89999,292.62,273.2774,116749700.0
2019-08-05,288.09,288.20999,281.72,283.82001,265.05914,178745400.0
2019-08-06,285.91,288.04001,284.28,287.79999,268.776,120711700.0
2019-08-07,284.39999,288.82001,282.04001,287.97,268.93475,140572300.0
2019-08-08,289.62,293.62,289.01001,293.62,274.2113,87713900.0
2019-08-09,292.57999,293.23999,289.64999,291.62,272.34351,93730000.0
2019-08-12,289.95999,291.60999,287.01999,288.07001,269.02817,65527600.0
2019-08-13,287.73999,294.14999,287.35999,292.54999,273.21204,94299800.0
2019-08-14,288.07001,288.73999,283.76001,283.89999,265.13382,135622100.0
2019-08-15,284.88,285.64001,282.39001,284.64999,265.83426,99556600.0
2019-08-16,286.48001,289.32999,284.70999,288.85001,269.75668,83018300.0
2019-08-19,292.19,293.07999,291.44,292.32999,273.0065,53571800.0
2019-08-20,291.76999,292.35999,289.95001,290.09,270.91464,51596400.0
2019-08-21,292.48001,292.85999,291.72,292.45001,273.11868,49524700.0
2019-08-22,293.23001,293.92999,290.39999,292.35999,273.03455,51666400.0
2019-08-23,290.92001,292.76001,283.47,284.85001,266.021,149161500.0
2019-08-26,287.26999,288.0,285.57999,288.0,268.96283,72423800.0
2019-08-27,289.54001,289.95001,286.03,286.87,267.90741,66668900.0
2019-08-28,286.14001,289.07001,285.25,288.89001,269.79401,59696700.0
2019-08-29,291.72,293.16,290.60999,292.57999,273.23996,57899400.0
2019-08-30,294.22,294.23999,291.42001,292.45001,273.11868,62901200.0
2019-09-03,290.57001,291.57999,289.26999,290.73999,271.52173,69101400.0
2019-09-04,293.14001,294.06,292.31,294.04001,274.60355,46887300.0
2019-09-05,296.79001,298.82999,294.0,297.82001,278.13367,83258100.0
2019-09-06,298.17001,298.76001,297.42001,298.04999,278.34848,49584300.0
2019-09-09,299.14001,299.23999,297.16,298.20001,278.48853,51260300.0
2019-09-10,297.35999,298.20001,295.97,298.13,278.42316,57947100.0
2019-09-11,298.47,300.34,297.75,300.25,280.40302,68821100.0
2019-09-12,301.25,302.45999,300.41,301.29001,281.3743,72908700.0
2019-09-13,301.78,302.17001,300.67999,301.09,281.18753,62104800.0
2019-09-16,299.84,301.14001,299.45001,300.16,280.319,58191200.0
2019-09-17,299.94,301.01999,299.75,300.92001,281.02884,41475500.0
2019-09-18,300.48999,301.22,298.23999,301.10001,281.19693,73375800.0
2019-09-19,301.53,302.63,300.70999,301.07999,281.17822,76560500.0
2019-09-20,300.35999,300.67001,297.41,298.28,279.8497,89565000.0
2019-09-23,297.54999,299.0,297.26999,298.20999,279.78403,43476800.0
2019-09-24,299.41,299.84,294.81,295.87,277.58853,94869400.0
2019-09-25,295.95999,298.10999,294.32999,297.62,279.23047,71854000.0
2019-09-26,297.63,297.85999,295.45001,297.0,278.6488,56179700.0
2019-09-27,297.82999,297.95001,293.69,295.39999,277.14761,84746600.0
2019-09-30,295.97,297.54999,295.92001,296.76999,278.43295,51662400.0
2019-10-01,297.73999,298.45999,293.0,293.23999,275.12112,88242400.0
2019-10-02,291.5,291.51001,286.64001,288.06,270.26117,122539500.0
2019-10-03,287.81,290.45001,284.82001,290.42001,272.47531,85278800.0
2019-10-04,291.14001,294.63,291.07999,294.35001,276.16251,65091200.0
2019-10-07,293.47,295.26001,292.76999,293.07999,274.97095,59610500.0
2019-10-08,291.04001,291.85001,288.48999,288.53,270.70215,95708100.0
2019-10-09,290.75,292.29999,290.06,291.26999,273.2728,62359400.0
2019-10-10,291.17999,294.20999,291.0,293.23999,275.12112,55296300.0
2019-10-11,296.26999,298.73999,296.14001,296.28,277.9733,98720400.0
2019-10-14,295.92999,296.67001,295.57001,295.95001,277.6637,40394800.0
2019-10-15,297.10001,299.70001,296.97,298.88,280.41257,46754500.0
2019-10-16,298.37,299.16,297.92001,298.39999,279.96222,48928200.0
2019-10-17,299.67999,300.23999,298.51999,299.28,280.78787,45736600.0
2019-10-18,298.69,299.39999,297.03,297.97,279.5589,64304000.0
2019-10-21,299.42001,300.20999,298.94,299.98999,281.45407,39048600.0
2019-10-22,300.57999,300.89999,298.91,299.01001,280.53461,48594700.0
2019-10-23,298.73001,299.94,298.5,299.88,281.35083,34352200.0
2019-10-24,300.91,301.07001,299.45999,300.37,281.81055,35453100.0
2019-10-25,299.73999,302.20001,299.67999,301.60001,282.96463,45205400.0
2019-10-28,302.94,303.85001,302.91,303.29999,284.55945,42147000.0
2019-10-29,303.0,304.23001,302.85999,303.20999,284.47513,44284900.0
2019-10-30,303.42999,304.54999,301.98999,304.14001,285.34763,49643900.0
2019-10-31,304.13,304.13,301.73001,303.32999,284.58759,69053800.0
2019-11-01,304.92001,306.19,304.73999,306.14001,287.224,71141500.0
2019-11-04,307.85001,308.0,306.95999,307.37,288.37802,60606900.0
2019-11-05,307.59,307.92001,306.70999,307.03,288.05899,42933200.0
2019-11-06,307.03,307.39999,306.06,307.10001,288.12469,46487100.0
2019-11-07,308.57001,309.64999,307.66,308.17999,289.138,54272300.0
2019-11-08,307.79999,309.0,307.03,308.94,289.85098,49032100.0
2019-11-11,307.42001,308.54001,307.26999,308.35001,289.29752,35797300.0
2019-11-12,308.75,309.98999,308.14999,309.0,289.90732,46484600.0
2019-11-13,307.91,309.54001,307.66,309.10001,290.00119,53917700.0
2019-11-14,308.79001,309.64001,308.09,309.54999,290.42331,51219900.0
2019-11-15,311.01999,311.84,310.26001,311.79001,292.52496,62023600.0
2019-11-18,311.53,312.28,311.03,312.01999,292.74072,49228000.0
2019-11-19,312.67999,312.69,311.22,311.92999,292.65622,67804700.0
2019-11-20,311.28,311.85001,309.06,310.76999,291.5679,79406200.0
2019-11-21,310.89001,311.01001,309.39001,310.26999,291.09882,54664700.0
2019-11-22,311.09,311.23999,309.85001,310.95999,291.74622,44850200.0
2019-11-25,311.98001,313.37,311.98001,313.37,294.00726,48647200.0
2019-11-26,313.41,314.28,313.06,314.07999,294.67346,37569000.0
2019-11-27,314.60999,315.48001,314.37,315.48001,295.98691,44444600.0
2019-11-29,314.85999,315.13,314.06,314.31,294.88922,36592700.0
2019-12-02,314.59,314.66,311.17001,311.64001,292.38419,75767800.0
2019-12-03,308.64999,309.64001,307.13,309.54999,290.42331,73941700.0
2019-12-04,310.70001,312.12,310.32001,311.45999,292.21536,49080000.0
2019-12-05,312.23001,312.25,310.57999,312.01999,292.74072,40709000.0
2019-12-06,314.12,315.31,314.10999,314.87,295.41461,48927000.0
2019-12-09,314.44,315.17999,313.79999,313.88,294.48578,34838500.0
2019-12-10,313.82001,314.54999,312.81,313.53,294.15741,52649800.0
2019-12-11,314.03,314.70001,313.44,314.42001,294.99246,53429100.0
2019-12-12,314.42999,317.98999,314.17001,317.13,297.53494,96389600.0
2019-12-13,316.87,318.67001,316.01999,317.32001,297.71326,81503900.0
2019-12-16,319.22,320.14999,317.25,319.5,299.75854,82749700.0
2019-12-17,319.92001,320.25,319.48001,319.57001,299.82422,61097700.0
2019-12-18,320.0,320.25,319.53,319.59,299.84299,48133000.0
2019-12-19,319.79999,320.98001,319.51999,320.89999,301.07205,85310500.0
2019-12-20,320.45999,321.97,319.39001,320.73001,302.39203,147142100.0
2019-12-23,321.59,321.64999,321.06,321.22,302.85397,52990000.0
2019-12-24,321.47,321.51999,320.89999,321.23001,302.86334,20270000.0
2019-12-26,321.64999,322.95001,321.64001,322.94,304.47562,30911200.0
2019-12-27,323.73999,323.79999,322.28,322.85999,304.40018,42528800.0
2019-12-30,322.95001,323.10001,320.54999,321.07999,302.72195,49729100.0
2019-12-31,320.53,322.13,320.14999,321.85999,303.45731,57077300.0
2020-01-02,323.54001,324.89001,322.53,324.87,306.29532,59151200.0
2020-01-03,321.16,323.64001,321.10001,322.41,303.97598,77709700.0
2020-01-06,320.48999,323.73001,320.35999,323.64001,305.13565,55653900.0
2020-01-07,323.01999,323.54001,322.23999,322.73001,304.27765,40496400.0
2020-01-08,322.94,325.78,322.67001,324.45001,305.89923,68296000.0
2020-01-09,326.16,326.73001,325.51999,326.64999,307.97345,48473300.0
2020-01-10,327.29001,327.45999,325.20001,325.70999,307.08722,53029300.0
2020-01-13,326.39001,327.95999,325.92001,327.95001,309.19919,47086800.0
2020-01-14,327.47,328.62,326.84,327.45001,308.72775,62832800.0
2020-01-15,327.35001,329.01999,327.26001,328.19,309.42551,72056600.0
2020-01-16,329.70001,330.92001,329.45001,330.92001,311.99933,54050300.0
2020-01-17,331.70001,332.17999,330.85001,331.95001,312.97049,95846000.0
2020-01-21,330.89999,332.17999,330.82001,331.29999,312.3576,77742400.0
2020-01-22,332.23999,332.95001,331.17001,331.34,312.39536,48914900.0
2020-01-23,330.63,332.17001,329.41,331.72,312.75363,51963000.0
2020-01-24,332.44,332.53,327.35999,328.76999,309.97226,87578400.0
2020-01-27,323.03,325.12,322.66,323.5,305.00357,84062500.0
2020-01-28,325.06,327.85001,323.60001,326.89001,308.19983,63834000.0
2020-01-29,328.38,328.63,326.39999,326.62,307.94522,53888900.0
2020-01-30,324.35999,327.91,323.54001,327.67999,308.94458,75491800.0
2020-01-31,327.0,327.17001,320.73001,321.73001,303.33481,113845600.0
2020-02-03,323.35001,326.16,323.22,324.12,305.58817,69083000.0
2020-02-04,328.07001,330.01001,327.72,329.06,310.2457,62573200.0
2020-02-05,332.26999,333.09,330.67001,332.85999,313.82843,65951100.0
2020-02-06,333.91,334.19,332.79999,333.98001,314.8844,50359700.0
2020-02-07,332.82001,333.98999,331.60001,332.20001,313.20618,64139400.0
2020-02-10,331.23001,334.75,331.19,334.67999,315.5444,42070000.0
2020-02-11,336.16,337.01999,334.67999,335.26001,316.09122,54864500.0
2020-02-12,336.82999,337.64999,336.42999,337.42001,318.12769,43992700.0
2020-02-13,335.85999,338.12,335.56,337.06,317.7883,54501900.0
2020-02-14,337.51001,337.73001,336.20001,337.60001,318.29745,64582200.0
2020-02-18,336.51001,337.67001,335.20999,336.73001,317.47714,57226200.0
2020-02-19,337.79001,339.07999,337.48001,338.34,318.99509,48814700.0
2020-02-20,337.73999,338.64001,333.67999,336.95001,317.68454,74163400.0
2020-02-21,335.47,335.81,332.57999,333.48001,314.41299,113788200.0
2020-02-24,323.14001,333.56,321.23999,322.42001,303.98538,161088400.0
2020-02-25,323.94,324.60999,311.69,312.64999,294.77396,218913200.0
2020-02-26,314.17999,318.10999,310.70001,311.5,293.68973,194773800.0
2020-02-27,305.45999,311.56,297.51001,297.51001,280.49957,284353500.0
2020-02-28,288.70001,297.89001,285.54001,296.26001,279.32104,384975800.0
2020-03-02,298.20999,309.16,294.45999,309.09,291.41754,238703600.0
2020-03-03,309.5,313.84,297.57001,300.23999,283.07349,300139100.0
2020-03-04,306.12,313.10001,303.32999,312.85999,294.97189,176613400.0
2020-03-05,304.98001,308.47,300.01001,302.45999,285.1666,186366800.0
2020-03-06,293.14999,298.78,290.23001,297.45999,280.45245,228667200.0
2020-03-09,275.29999,284.19,273.45001,274.23001,258.55069,309417300.0
2020-03-10,284.64001,288.51999,273.5,288.42001,271.92932,276444100.0
2020-03-11,280.70001,281.94,270.88,274.35999,258.67316,255316300.0
2020-03-12,256.0,266.66,247.67999,248.11,233.92407,392220700.0
2020-03-13,263.09,271.48001,248.52,269.32001,253.92139,329566100.0
2020-03-16,241.17999,256.89999,237.36,239.85001,226.13638,297240000.0
2020-03-17,245.03999,256.17001,237.07001,252.8,238.34593,262070500.0
2020-03-18,236.25,248.37,228.02,240.0,226.27779,327597100.0
2020-03-19,239.25,247.38,232.22,240.50999,226.75862,289322000.0
2020-03-20,242.53,244.47,228.5,228.8,216.98662,347158800.0
2020-03-23,228.19,229.67999,218.25999,222.95,211.43867,326025200.0
2020-03-24,234.42,244.10001,233.8,243.14999,230.59572,235494500.0
2020-03-25,244.87,256.35001,239.75,246.78999,234.04774,299430300.0
2020-03-26,249.52,262.79999,249.05,261.20001,247.71376,257632800.0
2020-03-27,253.27,260.81,251.05,253.42,240.33548,224341200.0
2020-03-30,255.7,262.42999,253.53,261.64999,248.1405,171369500.0
2020-03-31,260.56,263.32999,256.22,257.75,244.44191,194881100.0
2020-04-01,247.98,257.66,243.89999,246.14999,233.44081,189554600.0
2020-04-02,245.19,252.67999,244.59,251.83,238.82755,177660400.0
2020-04-03,250.75999,253.32001,245.22,248.19,235.37549,135561200.0
2020-04-06,257.84,267.0,248.17,264.85999,251.18481,188061200.0
2020-04-07,274.20999,275.03,264.89001,265.13,251.44086,201427200.0
2020-04-08,267.95999,276.0,265.25,274.03,259.88126,153774500.0
2020-04-09,277.57999,281.20001,275.47,278.20001,263.83606,189999200.0
2020-04-13,277.14001,277.51001,271.41,275.66,261.42715,114839100.0
2020-04-14,280.98001,284.89999,275.51001,283.79001,269.13745,134143400.0
2020-04-15,277.57001,283.94,275.45999,277.76001,263.41876,121775000.0
2020-04-16,279.14999,280.03,275.76001,279.10001,264.68951,131798300.0
2020-04-17,285.38,287.29999,282.39999,286.64001,271.84033,146684800.0
2020-04-20,282.60999,286.79001,281.35001,281.59,267.05103,100109300.0
2020-04-21,276.73001,278.04001,272.01999,273.04001,258.94247,126385700.0
2020-04-22,278.35001,281.0,276.91,279.10001,264.68951,92951600.0
2020-04-23,280.48999,283.94,278.75,279.07999,264.67053,104709700.0
2020-04-24,280.73001,283.70001,278.5,282.97,268.35974,85063200.0
2020-04-27,285.12,288.26999,284.62,287.04999,272.2291,77896600.0
2020-04-28,291.01999,291.39999,285.39999,285.73001,270.97729,105270000.0
2020-04-29,291.53,294.88,290.41,293.20999,278.07101,118745600.0
2020-04-30,291.70999,293.32001,288.59,290.48001,275.4819,122901700.0
2020-05-01,285.31,290.66,281.51999,282.79001,268.18909,125180000.0
2020-05-04,280.73999,283.89999,279.13,283.57001,268.92883,80873200.0
2020-05-05,286.64001,289.25,283.70999,286.19,271.41351,79569900.0
2020-05-06,288.04001,288.45999,283.78,284.25,269.57364,73632600.0
2020-05-07,287.75,289.78,287.13,287.67999,272.82657,75250400.0
2020-05-08,291.09,292.95001,289.85999,292.44,277.34079,76452400.0
2020-05-11,290.34,294.0,289.88,292.5,277.39771,79514200.0
2020-05-12,293.79001,294.23999,286.51999,286.67001,271.86874,95870800.0
2020-05-13,286.06,287.19,278.95999,281.60001,267.06049,144721100.0
2020-05-14,278.95001,285.10999,272.98999,284.97,270.25656,121977900.0
2020-05-15,282.37,286.32999,281.34,286.28,271.49887,111146300.0
2020-05-18,293.04999,296.75,292.70001,295.0,279.76859,119703800.0
2020-05-19,294.35001,296.20999,291.95001,291.97,276.89502,95189300.0
2020-05-20,295.82001,297.87,295.57001,296.92999,281.599,85861700.0
2020-05-21,296.79001,297.67001,293.69,294.88,279.65479,78293900.0
2020-05-22,294.57001,295.63,293.22,295.44,280.18585,63958200.0
2020-05-26,301.92999,302.19,295.45999,299.07999,283.63794,88951400.0
2020-05-27,302.12,303.57001,296.87,303.53,287.85815,104817400.0
2020-05-28,304.64999,306.84,302.23999,302.97,287.32715,90405200.0
2020-05-29,302.45999,304.95999,299.47,304.32001,288.60739,119090800.0
2020-06-01,303.62,306.20999,303.06,305.54999,289.7739,55758300.0
2020-06-02,306.54999,308.13,305.10001,308.07999,292.17328,74267200.0
2020-06-03,310.23999,313.22,309.94,312.17999,296.06152,92567600.0
2020-06-04,311.10999,313.0,309.07999,311.35999,295.28387,75794400.0
2020-06-05,317.23001,321.26999,317.16,319.34,302.85193,150524700.0
2020-06-08,320.22,323.41,319.63,323.20001,306.51254,73641200.0
2020-06-09,320.29999,323.28,319.35999,320.79001,304.22699,77479200.0
2020-06-10,321.42001,322.39001,318.22,319.0,302.52945,95000800.0
2020-06-11,311.45999,312.14999,300.01001,300.60999,285.08896,209243600.0
2020-06-12,308.23999,309.07999,298.60001,304.20999,288.50305,194678900.0
2020-06-15,298.01999,308.28,296.73999,307.04999,291.19641,135782700.0
2020-06-16,315.48001,315.64001,307.67001,312.95999,296.80127,137627500.0
2020-06-17,314.07001,314.39001,310.85999,311.66,295.56836,83398900.0
2020-06-18,310.01001,312.29999,309.51001,311.78,295.68228,80828700.0
2020-06-19,314.17001,314.38,306.53,308.64001,293.99243,135549600.0
2020-06-22,307.98999,311.04999,306.75,310.62,295.87845,74649400.0
2020-06-23,313.48999,314.5,311.60999,312.04999,297.24057,68471200.0
2020-06-24,309.84,310.51001,302.10001,304.09,289.65833,132813500.0
2020-06-25,303.47,307.64001,301.28,307.35001,292.7637,89468000.0
2020-06-26,306.16,306.39001,299.42001,300.04999,285.81009,127961000.0
2020-06-29,301.41,304.60999,298.92999,304.45999,290.0108,79773300.0
2020-06-30,303.98999,310.20001,303.82001,308.35999,293.72565,113394800.0
2020-07-01,309.57001,311.89001,309.07001,310.51999,295.78317,72396500.0
2020-07-02,314.23999,315.70001,311.51001,312.23001,297.41202,69344200.0
2020-07-06,316.37,317.67999,315.56,317.04999,302.00333,61713800.0
2020-07-07,315.38,317.51999,313.37,313.78,298.88852,82910000.0
2020-07-08,314.60999,316.29999,312.70001,316.17999,301.17459,54638600.0
2020-07-09,316.84,317.10001,310.67999,314.38,299.46005,83354200.0
2020-07-10,314.31,317.88,312.76001,317.59,302.51764,57550400.0
2020-07-13,320.13,322.70999,314.13,314.84,299.89813,102997500.0
2020-07-14,313.29999,319.76001,312.0,318.92001,303.78455,93657000.0
2020-07-15,322.41,323.04001,319.26999,321.85001,306.57553,87196500.0
2020-07-16,319.79001,321.28,319.09,320.79001,305.56586,54622500.0
2020-07-17,321.88,322.57001,319.73999,321.72,306.45175,62774900.0
2020-07-20,321.42999,325.13,320.62,324.32001,308.92825,56308800.0
2020-07-21,326.45001,326.92999,323.94,325.01001,309.58554,57292200.0
2020-07-22,324.62,327.20001,324.5,326.85999,311.34772,57792900.0
2020-07-23,326.47,327.23001,321.48001,322.95999,307.63275,75738000.0
2020-07-24,320.95001,321.98999,319.25,320.88,305.65152,73766600.0
2020-07-27,321.63,323.41,320.76999,323.22,307.88049,48293000.0
2020-07-28,322.42999,323.64001,320.85001,321.17001,305.9278,57495000.0
2020-07-29,322.12,325.73001,322.07999,325.12,309.69031,48454200.0
2020-07-30,321.89999,324.41,319.64001,323.95999,308.58539,61861700.0
2020-07-31,325.89999,326.63,321.32999,326.51999,311.02383,84986800.0
2020-08-03,328.32001,329.62,327.73001,328.79001,313.1861,53077900.0
2020-08-04,327.85999,330.06,327.85999,330.06,314.39584,41917900.0
2020-08-05,331.47,332.39001,331.17999,332.10999,316.34854,42697700.0
2020-08-06,331.48001,334.45999,331.13,334.32999,318.4632,43679400.0
2020-08-07,333.28,334.88,332.29999,334.57001,318.69186,57308300.0
2020-08-10,335.06,335.76999,332.95999,335.57001,319.64438,44282100.0
2020-08-11,336.85001,337.54001,332.01001,332.79999,317.00583,69601100.0
2020-08-12,335.44,338.28,335.41,337.44,321.42563,53774400.0
2020-08-13,336.60999,338.25,335.82999,336.82999,320.84454,41816100.0
2020-08-14,336.41,337.42001,335.62,336.84,320.8541,47260400.0
2020-08-17,337.94,338.34,336.85001,337.91,321.87329,35481000.0
2020-08-18,338.34,339.10001,336.60999,338.64001,322.56873,38733900.0
2020-08-19,339.04999,339.60999,336.62,337.23001,321.22552,68054200.0
2020-08-20,335.35999,338.79999,335.22,338.28,322.2258,42207800.0
2020-08-21,337.92001,339.72,337.54999,339.48001,323.3688,55106600.0
2020-08-24,342.12,343.0,339.45001,342.92001,326.6456,48588700.0
2020-08-25,343.53,344.20999,342.26999,344.12,327.7886,38463400.0
2020-08-26,344.76001,347.85999,344.17001,347.57001,331.07492,50790200.0
2020-08-27,348.51001,349.89999,346.53,348.32999,331.79877,58034100.0
2020-08-28,349.44,350.72,348.14999,350.57999,333.94205,48588900.0
2020-08-31,350.35001,351.29999,349.06,349.31,332.73227,66099200.0
2020-09-01,350.20999,352.70999,349.23999,352.60001,335.86615,54908700.0
2020-09-02,354.67001,358.75,353.42999,357.70001,340.72415,69540000.0
2020-09-03,355.87,356.38,342.59,345.39001,328.99835,148011100.0
2020-09-04,346.13,347.82999,334.87,342.57001,326.31216,139156300.0
2020-09-08,336.70999,342.64001,332.88,333.20999,317.39639,114465300.0
2020-09-09,337.54999,342.45999,336.60999,339.79001,323.66412,91462300.0
2020-09-10,341.82001,342.53,332.85001,333.89001,318.04413,90569500.0
2020-09-11,335.82001,336.97,331.0,334.06,318.20602,84680200.0
2020-09-14,337.48999,340.38,334.22,338.45999,322.39722,65605700.0
2020-09-15,341.12,342.01999,338.47,340.17001,324.02603,52920900.0
2020-09-16,341.51001,343.06,338.51999,338.82001,322.74017,82096000.0
2020-09-17,333.56,337.70001,332.98999,335.84,319.90158,91523300.0
2020-09-18,335.37,335.48999,327.97,330.64999,316.21863,105877900.0
2020-09-21,325.70001,327.13,321.73001,326.97,312.69925,99450800.0
2020-09-22,328.57001,330.89999,325.85999,330.29999,315.88391,63612100.0
2020-09-23,330.89999,331.20001,322.10001,322.64001,308.55826,93112200.0
2020-09-24,321.22,326.79999,319.79999,323.5,309.38065,76681300.0
2020-09-25,322.57999,329.57999,321.64001,328.73001,314.38242,71069400.0
2020-09-28,333.22,334.95999,332.14999,334.19,319.6041,64584600.0
2020-09-29,333.97,334.76999,331.62,332.37,317.86359,51304000.0
2020-09-30,333.09,338.29001,332.88,334.89001,320.27359,104081100.0
2020-10-01,337.69,338.73999,335.01001,337.04001,322.32974,88698700.0
2020-10-02,331.70001,337.01001,331.19,333.84,319.26938,89431100.0
2020-10-05,336.06,339.95999,336.01001,339.76001,324.93103,45713100.0
2020-10-06,339.91,342.17001,334.38,334.92999,320.31177,90128900.0
2020-10-07,338.12,341.63,338.09,340.76001,325.88736,56999600.0
2020-10-08,342.85001,343.85001,341.85999,343.78,328.77554,45242500.0
2020-10-09,345.56,347.35001,344.89001,346.85001,331.71158,59528600.0
2020-10-12,349.59,354.01999,349.06,352.42999,337.0481,80388500.0
2020-10-13,352.28,352.47,349.09,350.13,334.84848,73255500.0
2020-10-14,350.75,351.92999,347.14001,347.92999,332.74445,57727900.0
2020-10-15,343.70999,348.01999,343.13,347.5,332.33319,60357700.0
2020-10-16,348.95999,350.75,347.10001,347.29001,332.13239,89501900.0
2020-10-19,348.64999,349.32999,341.04001,342.01001,327.08279,68425600.0
2020-10-20,343.45999,346.88,342.64001,343.38,328.39304,60051900.0
2020-10-21,343.32999,345.67001,342.39999,342.73001,327.77136,63575000.0
2020-10-22,342.95999,345.23999,340.64999,344.60999,329.56934,55399300.0
2020-10-23,345.92999,345.98999,343.13,345.78,330.68832,49143900.0
2020-10-26,342.13,342.98001,335.62,339.39001,324.57715,91473000.0
2020-10-27,339.76001,340.12,337.98999,338.22,323.45828,65994100.0
2020-10-28,332.10001,338.25,326.13,326.66,312.40283,127094300.0
2020-10-29,326.91,333.39999,325.09,329.98001,315.57785,90597700.0
2020-10-30,328.28,329.69,322.60001,326.54001,312.28799,120287300.0
2020-11-02,330.20001,332.35999,327.23999,330.20001,315.78827,86068300.0
2020-11-03,333.69,338.25,330.29001,336.03,321.3638,93294200.0
2020-11-04,340.85999,347.94,339.59,343.54001,328.54605,126959700.0
2020-11-05,349.23999,352.19,348.85999,350.23999,334.95358,82039700.0
2020-11-06,349.92999,351.51001,347.64999,350.16,334.87708,74973000.0
2020-11-09,363.97,364.38,354.06,354.56,339.08505,172304200.0
2020-11-10,353.48999,355.17999,350.51001,354.04001,338.5878,85552000.0
2020-11-11,356.39999,357.56,355.06,356.67001,341.103,58649000.0
2020-11-12,355.57999,356.72,351.26001,353.20999,337.79398,67546200.0
2020-11-13,355.26999,358.89999,354.70999,358.10001,342.47061,62892200.0
2020-11-16,360.98001,362.78,359.59,362.57001,346.74542,74541100.0
2020-11-17,359.97,361.92001,358.34,360.62,344.88055,66111000.0
2020-11-18,360.91,361.5,356.23999,356.28,340.72998,70591300.0
2020-11-19,355.60001,358.17999,354.14999,357.78,342.16458,59940900.0
2020-11-20,357.5,357.72,355.25,355.32999,339.82147,70417300.0
2020-11-23,357.28,358.82001,354.87,357.45999,341.85852,63230600.0
2020-11-24,360.20999,363.81,359.29001,363.22,347.36716,62415900.0
2020-11-25,363.13,363.16,361.48001,362.66,346.83157,45330900.0
2020-11-27,363.84,364.17999,362.57999,363.67001,347.79749,28514100.0
2020-11-30,362.82999,363.12,359.17001,362.06,346.25775,83872700.0
2020-12-01,365.57001,367.67999,364.92999,366.01999,350.04492,74231400.0
2020-12-02,364.82001,366.95999,364.20001,366.79001,350.78125,45927000.0
2020-12-03,366.67999,368.19,365.5,366.69,350.68567,62882000.0
2020-12-04,367.32001,369.85001,367.22,369.85001,353.70773,50749900.0
2020-12-07,369.01999,369.62,367.72,369.09,352.98087,48944300.0
2020-12-08,367.72,370.78,367.67001,370.17001,354.01376,42458900.0
2020-12-09,370.88,371.04999,365.95001,366.85001,350.83865,74098300.0
2020-12-10,365.37,367.85999,364.42999,366.73001,350.72394,57735400.0
2020-12-11,364.89999,366.73999,363.26001,366.29999,350.31265,57698600.0
2020-12-14,368.64001,369.79999,364.47,364.66,348.74429,69216200.0
2020-12-15,367.39999,369.59,365.92001,369.59,353.45908,63865300.0
2020-12-16,369.82001,371.16,368.87,370.17001,354.01376,58420500.0
2020-12-17,371.94,372.45999,371.04999,372.23999,355.99338,64119500.0
2020-12-18,370.97,371.14999,367.01999,369.17999,354.57199,136542300.0
2020-12-21,364.97,378.45999,362.03,367.85999,353.3042,96386700.0
2020-12-22,368.20999,368.32999,366.03,367.23999,352.70871,47949000.0
2020-12-23,368.28,369.62,367.22,367.57001,353.02567,46201400.0
2020-12-24,368.07999,369.03,367.45001,369.0,354.39914,26457900.0
2020-12-28,371.73999,372.59,371.07001,372.17001,357.44366,39000400.0
2020-12-29,373.81,374.0,370.82999,371.45999,356.76175,53680500.0
2020-12-30,372.34,373.10001,371.57001,371.98999,357.27078,49455300.0
2020-12-31,371.78,374.66,371.23001,373.88,359.08606,78520700.0
2021-01-04,375.31,375.45001,364.82001,368.79001,354.19742,110210800.0
2021-01-05,368.10001,372.5,368.04999,371.32999,356.63687,66426200.0
2021-01-06,369.70999,376.98001,369.12,373.54999,358.76907,107997700.0
2021-01-07,376.10001,379.89999,375.91,379.10001,364.09949,68766800.0
2021-01-08,380.59,381.48999,377.10001,381.26001,366.17398,71677200.0
2021-01-11,377.85001,380.57999,377.72,378.69,363.70569,51034700.0
2021-01-12,378.89001,379.85999,376.35999,378.76999,363.7825,52547700.0
2021-01-13,378.69,380.85999,377.85001,379.79001,364.76221,45303600.0
2021-01-14,380.59,381.13,378.10001,378.45999,363.48474,49989100.0
2021-01-15,376.72,377.57999,373.70001,375.70001,360.83395,107160000.0
2021-01-19,378.34,379.23001,376.75,378.64999,363.66724,51233300.0
2021-01-20,381.10999,384.79001,380.69,383.89001,368.69995,61836100.0
2021-01-21,384.48999,384.95001,383.25,384.23999,369.03607,47840100.0
2021-01-22,382.25,384.13,381.84,382.88,367.72989,52860500.0
2021-01-25,383.67001,384.76999,378.45999,384.39001,369.18008,70402000.0
2021-01-26,385.41,385.85001,383.54001,383.79001,368.60388,42665300.0
2021-01-27,380.22,380.32001,372.01001,374.41,359.595,123351100.0
2021-01-28,376.35999,381.92999,375.89001,377.63,362.68759,94198100.0
2021-01-29,375.63,376.67001,368.26999,370.07001,355.42676,126765100.0
2021-02-01,373.72,377.34,370.38,376.23001,361.34299,75817600.0
2021-02-02,379.64999,383.22,376.32001,381.54999,366.45251,64450700.0
2021-02-03,382.44,383.70001,380.48001,381.85001,366.7406,52427100.0
2021-02-04,382.95999,386.23999,381.97,386.19,370.90894,47142600.0
2021-02-05,388.20001,388.47,386.14001,387.70999,372.36874,48669800.0
2021-02-08,389.26999,390.56,388.35001,390.51001,375.05798,38365200.0
2021-02-09,389.60999,390.89001,389.17001,390.25,374.80826,35551100.0
2021-02-10,392.12,392.28,387.5,390.07999,374.64499,59154400.0
2021-02-11,391.23999,391.69,388.10001,390.70999,375.25006,42913300.0
2021-02-12,389.85001,392.89999,389.76999,392.64001,377.1037,50593300.0
2021-02-16,393.95999,394.17001,391.53,392.29999,376.7771,50972400.0
2021-02-17,390.42001,392.66,389.32999,392.39001,376.86359,52290600.0
2021-02-18,389.59,391.51999,387.73999,390.72,375.25967,59712800.0
2021-02-19,392.07001,392.38,389.54999,390.03,374.59698,83241000.0
2021-02-22,387.06,389.62,386.73999,387.03,371.71564,67414200.0
2021-02-23,384.66,388.95001,380.20001,387.5,372.16708,107284100.0
2021-02-24,386.32999,392.23001,385.26999,391.76999,376.26813,72433900.0
2021-02-25,390.41,391.88,380.78,382.32999,367.20163,146670500.0
2021-02-26,384.35001,385.57999,378.23001,380.35999,365.3096,152701600.0
2021-03-01,385.59,390.92001,380.57001,389.57999,374.16476,105348800.0
2021-03-02,389.82001,390.07001,386.0,386.54001,371.24506,79595300.0
2021-03-03,385.79001,386.82999,381.31,381.42001,366.32767,119940200.0
2021-03-04,381.22,384.0,371.88,376.70001,361.7944,183433000.0
2021-03-05,380.45999,384.76001,372.64001,383.63,368.4502,152039600.0
2021-03-08,384.66,387.67999,381.42001,381.72,366.61584,123149200.0
2021-03-09,385.85001,389.91,385.31,387.17001,371.85016,113633600.0
2021-03-10,389.69,391.39999,388.17001,389.57999,374.16476,109899400.0
2021-03-11,392.23001,395.64999,391.73999,393.53,377.95844,86245000.0
2021-03-12,392.07001,394.20999,391.20001,394.06,378.46747,64653600.0
2021-03-15,394.32999,396.69,392.03,396.41,380.72449,73427200.0
2021-03-16,397.07001,397.82999,395.07999,395.91,380.24432,73722500.0
2021-03-17,394.53,398.12,393.29999,397.26001,381.54095,97959300.0
2021-03-18,394.48001,396.72,390.75,391.48001,375.98962,115349100.0
2021-03-19,389.88,391.57001,387.14999,389.48001,375.29388,113624500.0
2021-03-22,390.03,394.07001,389.97,392.59,378.29059,73778600.0
2021-03-23,391.91,393.45999,388.66,389.5,375.31311,90686600.0
2021-03-24,391.0,392.75,387.47,387.51999,373.40524,97588600.0
2021-03-25,385.98001,390.54999,383.89999,389.70001,375.50589,116128600.0
2021-03-26,390.92999,396.41,390.29001,395.98001,381.55719,114409100.0
2021-03-29,394.39999,396.75,392.81,395.78,381.36444,108107600.0
2021-03-30,394.42001,395.45001,393.01999,394.73001,380.35266,76262200.0
2021-03-31,395.34,398.0,395.31,396.32999,381.89441,112734200.0
2021-04-01,398.39999,400.67001,398.17999,400.60999,386.01849,99682900.0
2021-04-05,403.45999,406.94,403.38,406.35999,391.55905,91684800.0
2021-04-06,405.76001,407.23999,405.39999,406.12,391.32782,62021000.0
2021-04-07,405.94,406.95999,405.45001,406.59,391.7807,55836300.0
2021-04-08,407.92999,408.57999,406.92999,408.51999,393.64041,57863100.0
2021-04-09,408.39001,411.67001,408.26001,411.48999,396.50217,61104600.0
2021-04-12,410.85001,411.92999,410.20001,411.64001,396.64676,56704900.0
2021-04-13,411.53,413.53,411.12,412.85999,397.8223,56551000.0
2021-04-14,412.82999,413.95999,410.87,411.45001,396.46365,61659900.0
2021-04-15,413.73999,416.16,413.69,415.87,400.72272,60229800.0
2021-04-16,417.25,417.91,415.73001,417.26001,402.06207,82037300.0
2021-04-19,416.26001,416.73999,413.79001,415.20999,400.08667,78498500.0
2021-04-20,413.91,415.09,410.59,412.17001,397.15741,81851800.0
2021-04-21,411.51001,416.29001,411.35999,416.07001,400.91537,66793000.0
2021-04-22,415.89001,416.78,411.13,412.26999,397.25378,97582800.0
2021-04-23,412.87,418.25,412.79001,416.73999,401.561,73209200.0
2021-04-26,417.44,418.22,416.81,417.60999,402.39926,52182400.0
2021-04-27,417.92999,418.14001,416.29999,417.51999,402.31259,51303100.0
2021-04-28,417.81,419.01001,416.89999,417.39999,402.19693,51238900.0
2021-04-29,420.32001,420.72,416.44,420.06,404.76007,78544300.0
2021-04-30,417.63,418.54001,416.34,417.29999,402.10059,85527000.0
2021-05-03,419.42999,419.84,417.67001,418.20001,402.9679,68128300.0
2021-05-04,416.07001,416.60001,411.67001,415.62,400.48175,101591200.0
2021-05-05,417.38,417.63,415.14999,415.75,400.60706,60162200.0
2021-05-06,415.82999,419.20999,413.67999,419.07001,403.80615,74321400.0
2021-05-07,419.89001,422.82001,419.16,422.12,406.74503,67733800.0
2021-05-10,422.5,422.73999,417.81,417.94,402.71725,81852400.0
2021-05-11,413.10001,415.26999,410.06,414.20999,399.12317,116888000.0
2021-05-12,411.23001,412.59,404.0,405.41,390.64371,134811000.0
2021-05-13,407.07001,412.35001,407.01999,410.28,395.3363,106394000.0
2021-05-14,413.20999,417.48999,413.17999,416.57999,401.40683,82201600.0
2021-05-17,415.39001,416.39001,413.35999,415.51999,400.38541,65129200.0
2021-05-18,415.79999,416.06,411.76999,411.94,396.93585,59810200.0
2021-05-19,406.92001,411.04999,405.32999,410.85999,395.89514,106467100.0
2021-05-20,411.79999,416.63,411.67001,415.28,400.15417,78022200.0
2021-05-21,416.87,418.20001,414.45001,414.94,399.82657,76578700.0
2021-05-24,417.34,420.32001,417.07999,419.17001,403.90253,51376700.0
2021-05-25,420.32999,420.70999,417.62,418.23999,403.00635,57451400.0
2021-05-26,418.87,419.60999,417.76001,419.07001,403.80615,43088600.0
2021-05-27,420.17001,420.72,418.98999,419.29001,404.01813,56707700.0
2021-05-28,420.97,421.25,419.79001,420.04001,404.74081,58520200.0
2021-06-01,422.57001,422.72,419.20001,419.67001,404.38425,54216600.0
2021-06-02,420.37,421.23001,419.29001,420.32999,405.02017,49097100.0
2021-06-03,417.85001,419.98999,416.28,418.76999,403.517,58138800.0
2021-06-04,420.75,422.92001,418.84,422.60001,407.20755,55938800.0
2021-06-07,422.59,422.78,421.19,422.19,406.81247,51555000.0
2021-06-08,423.10999,423.20999,420.32001,422.28,406.89923,47134300.0
2021-06-09,423.17999,423.26001,421.41,421.64999,406.29218,48436300.0
2021-06-10,422.95999,424.63,421.54999,423.60999,408.18076,51020100.0
2021-06-11,424.20001,424.42999,422.82001,424.31,408.85529,45570800.0
2021-06-14,424.42999,425.37,423.10001,425.26001,409.77069,42358500.0
2021-06-15,425.42001,425.45999,423.54001,424.48001,409.01907,51508500.0
2021-06-16,424.63,424.87,419.92001,422.10999,406.73535,80386100.0
2021-06-17,421.67001,423.01999,419.32001,421.97,406.60049,90949700.0
2021-06-18,417.09,417.82999,414.70001,414.92001,401.11523,118676300.0
2021-06-21,416.79999,421.06,415.92999,420.85999,406.85764,72822000.0
2021-06-22,420.85001,424.0,420.07999,423.10999,409.03281,57700300.0
2021-06-23,423.19,424.04999,422.51001,422.60001,408.53976,49445400.0
2021-06-24,424.89001,425.54999,424.62,425.10001,410.95657,45110300.0
2021-06-25,425.89999,427.09,425.54999,426.60999,412.41635,58129500.0
2021-06-28,427.17001,427.64999,425.89001,427.47,413.24774,53159600.0
2021-06-29,427.88,428.56,427.13,427.70001,413.47012,35970500.0
2021-06-30,427.20999,428.78,427.17999,428.06,413.81808,64827900.0
2021-07-01,428.87,430.60001,428.79999,430.42999,416.10925,53441000.0
2021-07-02,431.67001,434.10001,430.51999,433.72,419.28973,57697700.0
2021-07-06,433.78,434.01001,430.01001,432.92999,418.52609,68710400.0
2021-07-07,433.66,434.76001,431.51001,434.45999,420.00516,63549500.0
2021-07-08,428.78,431.73001,427.51999,430.92001,416.58295,97595200.0
2021-07-09,432.53,435.84,430.70999,435.51999,421.02988,76238600.0
2021-07-12,435.42999,437.35001,434.97,437.07999,422.53802,52889600.0
2021-07-13,436.23999,437.84,435.31,435.59,421.0976,52911300.0
2021-07-14,437.39999,437.92001,434.91,436.23999,421.72595,64130400.0
2021-07-15,434.81,435.53,432.72,434.75,420.28552,55126400.0
2021-07-16,436.01001,436.06,430.92001,431.34,416.98895,75874700.0
2021-07-19,426.19,431.41,421.97,424.97,410.83093,147987000.0
2021-07-20,425.67999,432.42001,424.82999,431.06,416.71829,99608200.0
2021-07-21,432.34,434.70001,431.01001,434.54999,420.09216,64724400.0
2021-07-22,434.73999,435.72,433.69,435.45999,420.97189,47878500.0
2021-07-23,437.51999,440.29999,436.79001,439.94,425.30283,63766600.0
2021-07-26,439.31,441.03,439.26001,441.01999,426.34686,43719200.0
2021-07-27,439.91,439.94,435.98999,439.01001,424.40381,67397100.0
2021-07-28,439.67999,440.29999,437.31,438.82999,424.2298,52472400.0
2021-07-29,439.82001,441.79999,439.81,440.64999,425.98923,47435300.0
2021-07-30,437.91,440.06,437.76999,438.51001,423.92041,68951200.0
2021-08-02,440.34,440.92999,437.20999,437.59,423.03101,58783300.0
2021-08-03,438.44,441.28,436.10001,441.14999,426.4726,58053900.0
2021-08-04,439.78,441.12,438.73001,438.98001,424.37485,46732200.0
2021-08-05,440.22,441.85001,439.88,441.76001,427.06232,38969700.0
2021-08-06,442.10001,442.94,441.79999,442.48999,427.76801,46930000.0
2021-08-09,442.45999,442.79999,441.31,442.13,427.41995,41222600.0
2021-08-10,442.60999,443.44,441.88,442.67999,427.95169,43339300.0
2021-08-11,443.82001,443.88,442.62,443.78,429.01508,44034300.0
2021-08-12,443.62,445.26001,442.66,445.10999,430.30087,38909400.0
2021-08-13,445.59,445.94,445.07001,445.92001,431.08392,39470300.0
2021-08-16,444.53,447.10999,442.87,446.97,432.09894,73740000.0
2021-08-17,444.23999,444.95999,440.85001,444.04001,429.26645,92673900.0
2021-08-18,442.95999,444.63,438.92001,439.17999,424.56815,89351900.0
2021-08-19,436.26999,441.14001,436.12,439.85999,425.22549,92812200.0
2021-08-20,440.23001,443.70999,439.70999,443.35999,428.60904,72008700.0
2021-08-23,445.16,448.23001,443.44,447.26001,432.37933,54973000.0
2021-08-24,447.97,448.54001,447.42001,447.97,433.06564,38744700.0
2021-08-25,448.17001,449.45999,447.76999,448.91,433.97443,40529700.0
2021-08-26,448.60999,448.85999,446.16,446.26001,431.41257,57829600.0
2021-08-27,447.12,450.64999,447.06,450.25,435.26984,77235100.0
2021-08-30,450.97,453.07001,450.70999,452.23001,437.18393,48357400.0
2021-08-31,452.13,452.48999,450.92001,451.56,436.53625,59300200.0
2021-09-01,452.56,453.10999,451.54999,451.79999,436.76825,48721400.0
2021-09-02,453.32001,454.04999,451.91,453.19,438.112,42501000.0
2021-09-03,451.98001,453.63,451.54999,453.07999,438.00565,47170500.0
2021-09-07,452.70999,452.81,450.73999,451.45999,436.43958,51671500.0
2021-09-08,450.89001,451.67001,448.85999,450.91,435.90787,56181900.0
2021-09-09,450.70001,452.57001,448.72,448.98001,434.04208,57970400.0
2021-09-10,451.04001,451.48999,445.31,445.44,430.6199,89948200.0
2021-09-13,448.64001,448.92001,444.10999,446.57999,431.72189,83738600.0
2021-09-14,448.12,448.34,443.22,444.17001,429.39209,78197100.0
2021-09-15,444.62,448.41,443.44,447.88,432.9787,78792200.0
2021-09-16,447.32001,448.35999,444.01999,447.17001,432.2923,77786700.0
2021-09-17,444.92001,445.37,441.01999,441.39999,428.0813,118425000.0
2021-09-20,434.88,436.56,428.85999,434.04001,420.94339,166445500.0
2021-09-21,436.53,437.91,433.07001,433.63,420.54578,92526100.0
2021-09-22,436.04999,440.03,433.75,437.85999,424.6481,102350100.0
2021-09-23,439.85001,444.89001,439.60001,443.17999,429.80765,76396000.0
2021-09-24,441.44,444.67001,441.20999,443.91,430.51556,62094800.0
2021-09-27,442.81,444.04999,441.89999,442.64001,429.284,61371100.0
2021-09-28,439.69,440.04001,432.94,433.72,420.63303,130436300.0
2021-09-29,435.19,437.04001,433.85001,434.45001,421.34103,82329200.0
2021-09-30,436.01999,436.76999,428.78,429.14001,416.19125,140506000.0
2021-10-01,430.98001,436.03,427.23001,434.23999,421.13739,129240100.0
2021-10-04,433.0,433.95999,426.35999,428.64001,415.70636,128570000.0
2021-10-05,430.23999,435.48999,429.39001,433.10001,420.03177,90682500.0
2021-10-06,429.26999,435.12,427.54001,434.89999,421.77747,113032200.0
2021-10-07,438.39001,441.67999,438.20001,438.66,425.42398,72437500.0
2021-10-08,439.48001,439.89001,437.19,437.85999,424.6481,74557400.0
2021-10-11,437.16,440.26001,434.62,434.69,421.57379,65233300.0
2021-10-12,435.67001,436.10001,432.78,433.62,420.53607,71181200.0
2021-10-13,434.70999,436.04999,431.54001,435.17999,422.04898,72974000.0
2021-10-14,439.07999,442.66,438.57999,442.5,429.14807,70236800.0
2021-10-15,444.75,446.26001,444.09,445.87,432.41641,66260200.0
2021-10-18,443.97,447.54999,443.26999,447.19,433.69662,62213200.0
2021-10-19,448.92001,450.70999,448.26999,450.64001,437.04254,46996800.0
2021-10-20,451.13,452.73001,451.01001,452.41,438.75909,49571600.0
2021-10-21,451.76999,453.82999,451.31,453.59,439.9035,41305400.0
2021-10-22,453.13,454.67001,451.04999,453.12,439.44769,58845100.0
2021-10-25,454.28,455.89999,452.39001,455.54999,441.80438,45214500.0
2021-10-26,457.20001,458.48999,455.56,455.95999,442.20197,56075100.0
2021-10-27,456.45001,457.16,453.85999,453.94,440.24295,72438000.0
2021-10-28,455.45999,458.39999,455.45001,458.32001,444.49081,51437900.0
2021-10-29,455.87,459.56,455.56,459.25,445.39273,70162400.0
2021-11-01,460.29999,460.70001,458.20001,460.04001,446.15891,48433600.0
2021-11-02,460.22,462.23001,460.07999,461.89999,447.96274,48908400.0
2021-11-03,461.29999,465.14999,460.82999,464.72,450.69769,52509800.0
2021-11-04,465.35999,467.0,464.98999,466.91,452.82162,52847100.0
2021-11-05,469.28,470.64999,466.92001,468.53,454.39273,66390600.0
2021-11-08,469.70001,470.23001,468.20001,468.92999,454.78061,50405200.0
2021-11-09,469.32001,469.57001,465.88,467.38,453.2774,51149100.0
2021-11-10,465.57999,467.38,462.04001,463.62,449.63089,69429700.0
2021-11-11,465.20999,465.29001,463.75,463.76999,449.77637,34848500.0
2021-11-12,465.12,467.85999,464.10999,467.26999,453.17072,53466700.0
2021-11-15,468.64001,468.81,466.23001,467.42999,453.3259,46980500.0
2021-11-16,467.14999,470.48999,467.07001,469.28,455.12012,48857500.0
2021-11-17,469.0,469.19,467.48001,468.14001,454.0145,47858300.0
2021-11-18,469.23999,470.01001,466.34,469.73001,455.55652,50625600.0
2021-11-19,469.60999,470.94,468.5,468.89001,454.74185,57315600.0
2021-11-22,470.89001,473.54001,467.35001,467.57001,453.4617,72762000.0
2021-11-23,467.22,469.10001,464.45001,468.19,454.06299,73206500.0
2021-11-24,466.06,469.57001,465.19,469.44,455.27524,61858800.0
2021-11-26,462.34,463.89999,457.76999,458.97,445.12119,112669600.0
2021-11-29,464.07001,466.56,461.73001,464.60001,450.5813,86268800.0
2021-11-30,462.0,464.03,455.29999,455.56,441.81406,148559600.0
2021-12-01,461.64001,464.67001,450.29001,450.5,436.90677,131939200.0
2021-12-02,450.73001,459.07001,450.31,457.39999,443.59854,127637800.0
2021-12-03,459.17001,460.29999,448.92001,453.42001,439.73862,137331600.0
2021-12-06,456.13,460.79001,453.56,458.79001,444.94659,98977500.0
2021-12-07,464.41,468.88,458.64999,468.28,454.1503,95484700.0
2021-12-08,468.70001,470.0,466.82999,469.51999,455.35281,72238800.0
2021-12-09,468.14999,469.63,466.14001,466.35001,452.2785,61272600.0
2021-12-10,469.23001,470.89999,466.51001,470.73999,456.53598,77159800.0
2021-12-13,470.19,470.56,466.26999,466.57001,452.49185,87724700.0
2021-12-14,463.09,465.73999,460.25,463.35999,449.37869,97264100.0
2021-12-15,463.42001,470.85999,460.73999,470.60001,456.40024,116899300.0
2021-12-16,472.57001,472.87,464.79999,466.45001,452.37546,116568600.0
2021-12-17,461.54999,464.73999,458.06,459.87,447.56091,135511600.0
2021-12-20,454.48001,455.39999,451.14001,454.98001,442.80176,107134800.0
2021-12-21,458.60999,463.20999,456.31,463.06,450.66553,69806300.0
2021-12-22,462.79001,467.81,462.57999,467.69,455.1716,58890200.0
2021-12-23,468.75,472.19,468.64001,470.60001,458.00369,56439700.0
2021-12-27,472.06,477.31,472.01001,477.26001,464.48544,56808600.0
2021-12-28,477.72,478.81,476.06,476.87,464.10587,47274600.0
2021-12-29,476.98001,478.56,475.92001,477.48001,464.69958,54503000.0
2021-12-30,477.92999,479.0,475.67001,476.16,463.41489,55329000.0
2021-12-31,475.64001,476.85999,474.67001,474.95999,462.24698,65237400.0
2022-01-03,476.29999,477.85001,473.85001,477.70999,464.9234,72668200.0
2022-01-04,479.22,479.98001,475.57999,477.54999,464.76764,71178700.0
2022-01-05,477.16,477.98001,468.28,468.38,455.84311,104538900.0
2022-01-06,467.89001,470.82001,465.42999,467.94,455.41492,86858900.0
2022-01-07,467.95001,469.20001,464.64999,466.09,453.61438,85111600.0
2022-01-10,462.70001,465.73999,456.60001,465.51001,453.04996,119362000.0
2022-01-11,465.23001,469.85001,462.04999,469.75,457.17645,74303100.0
2022-01-12,471.59,473.20001,468.94,471.01999,458.41248,67605400.0
2022-01-13,472.19,472.88,463.44,464.53,452.09619,91173100.0
2022-01-14,461.19,465.09,459.89999,464.72,452.28107,95890900.0
2022-01-18,459.73999,459.95999,455.31,456.48999,444.2713,109709100.0
2022-01-19,458.13,459.60999,451.45999,451.75,439.65823,109357600.0
2022-01-20,453.75,458.73999,444.5,446.75,434.79208,122379700.0
2022-01-21,445.56,448.06,437.95001,437.98001,426.25687,202271200.0
2022-01-24,432.03,440.38,420.76001,439.84,428.06702,251783900.0
2022-01-25,433.06,439.72,427.14999,434.47,422.84073,167997300.0
2022-01-26,440.72,444.04001,428.85999,433.38,421.77994,186391100.0
2022-01-27,438.26001,441.59,429.45001,431.23999,419.69717,149878300.0
2022-01-28,432.67999,442.0,427.82001,441.95001,430.12057,164457400.0
2022-01-31,441.23999,450.28,439.81,449.91,437.86752,152251400.0
2022-02-01,450.67999,453.63,446.94,452.95001,440.82614,123155400.0
2022-02-02,455.5,458.12,453.04999,457.35001,445.10834,117361000.0
2022-02-03,450.95001,452.97,445.70999,446.60001,434.64612,118024400.0
2022-02-04,446.35001,452.78,443.82999,448.70001,436.68991,118454400.0
2022-02-07,449.51001,450.98999,445.85001,447.26001,435.28848,84472900.0
2022-02-08,446.73001,451.92001,445.22,450.94,438.86993,81012000.0
2022-02-09,455.22,457.88,455.01001,457.54001,445.2933,92589900.0
2022-02-10,451.34,457.70999,447.20001,449.32001,437.29333,140103700.0
2022-02-11,449.41,451.60999,438.94,440.45999,428.67038,153214600.0
2022-02-14,439.92001,441.60001,435.34,439.01999,427.26895,123006300.0
2022-02-15,443.73001,446.28,443.17999,446.10001,434.15942,88482700.0
2022-02-16,443.92999,448.06,441.94,446.60001,434.64612,84863600.0
2022-02-17,443.22,446.57001,436.42001,437.06,425.36142,102259100.0
2022-02-18,437.32999,438.66,431.82001,434.23001,422.60721,132642900.0
2022-02-22,431.89001,435.5,425.85999,429.57001,418.07187,124391800.0
2022-02-23,432.66,433.26001,421.35001,421.95001,410.65591,132578000.0
2022-02-24,411.01999,428.76001,410.64001,428.29999,416.83588,213942900.0
2022-02-25,429.60999,437.84,427.85999,437.75,426.03299,121804500.0
2022-02-28,432.03,438.20001,430.70001,436.63,424.94293,145615000.0
2022-03-01,435.04001,437.17001,427.10999,429.98001,418.47098,137785900.0
2022-03-02,432.37,439.72,431.57001,437.89001,426.16925,117726500.0
2022-03-03,440.47,441.10999,433.79999,435.70999,424.04761,105501700.0
2022-03-04,431.75,433.37,427.88,432.17001,420.60236,113978200.0
2022-03-07,431.54999,432.29999,419.35999,419.42999,408.20331,137896600.0
2022-03-08,419.62,427.20999,415.12,416.25,405.10846,164772700.0
2022-03-09,425.14001,429.51001,422.82001,427.41,415.96973,116990800.0
2022-03-10,422.51999,426.42999,420.44,425.48001,414.0914,93972700.0
2022-03-11,428.12,428.76999,419.53,420.07001,408.8262,95636300.0
2022-03-14,420.89001,424.54999,415.79001,417.0,405.83835,95729200.0
2022-03-15,419.76999,426.84,418.42001,426.17001,414.76291,106219100.0
2022-03-16,429.89001,435.67999,424.79999,435.62,423.95999,144954800.0
2022-03-17,433.59,441.07001,433.19,441.07001,429.26413,102676900.0
2022-03-18,438.0,444.85999,437.22,444.51999,433.96573,106345500.0
2022-03-21,444.34,446.45999,440.67999,444.39001,433.83884,88349800.0
2022-03-22,445.85999,450.57999,445.85999,449.59,438.91534,74650400.0
2022-03-23,446.91,448.48999,443.70999,443.79999,433.26285,79426100.0
2022-03-24,445.94,450.5,444.76001,450.48999,439.79401,64736900.0
2022-03-25,451.16,452.98001,448.42999,452.69,441.9418,77101300.0
2022-03-28,452.06,455.91,450.06,455.91,445.0853,68529800.0
2022-03-29,460.01999,462.07001,457.17999,461.54999,450.5914,86581500.0
2022-03-30,460.34,461.20001,456.47,458.70001,447.80911,79666900.0
2022-03-31,457.89001,458.76001,451.16,451.64001,440.91675,121699900.0
2022-04-01,453.31,453.45999,449.14001,452.92001,442.16635,89048800.0
2022-04-04,453.13,456.91,452.26001,456.79999,445.95416,59601000.0
2022-04-05,455.22,457.82999,449.82001,451.03,440.32117,74214500.0
2022-04-06,446.89001,448.92999,443.47,446.51999,435.91827,106898000.0
2022-04-07,445.59,450.69,443.53,448.76999,438.11484,78097200.0
2022-04-08,447.97,450.63,445.94,447.57001,436.94336,79272700.0
2022-04-11,444.10999,445.0,439.39001,439.92001,429.47498,89770500.0
2022-04-12,443.07999,445.75,436.64999,438.29001,427.88367,84363600.0
2022-04-13,438.03,444.10999,437.84,443.31,432.78448,74070400.0
2022-04-14,443.54999,444.73001,437.67999,437.79001,427.39554,97869500.0
2022-04-18,436.81,439.75,435.60999,437.97,427.57126,66002500.0
2022-04-19,437.85999,445.79999,437.67999,445.04001,434.47342,77821000.0
2022-04-20,446.92001,447.57001,443.48001,444.70999,434.15128,65224400.0
2022-04-21,448.54001,450.01001,437.10001,438.06,427.65912,85417300.0
2022-04-22,436.91,438.07999,425.44,426.04001,415.9245,132471800.0
2022-04-25,423.67001,428.69,418.84,428.51001,418.33588,119647700.0
2022-04-26,425.82999,426.04001,416.07001,416.10001,406.22055,103996300.0
2022-04-27,417.23999,422.92001,415.01001,417.26999,407.36273,122030000.0
2022-04-28,422.29001,429.64001,417.60001,427.81,417.6525,105449100.0
2022-04-29,423.59,425.87,411.20999,412.0,402.21783,145491100.0
2022-05-02,412.07001,415.92001,405.01999,414.48001,404.63901,158312500.0
2022-05-03,415.01001,418.92999,413.35999,416.38,406.4939,100028200.0
2022-05-04,417.07999,429.66,413.70999,429.06,418.8728,144247900.0
2022-05-05,424.54999,425.0,409.44,413.81,403.98489,172929100.0
2022-05-06,411.10001,414.79999,405.73001,411.34,401.57355,151770800.0
2022-05-09,405.10001,406.41,396.5,398.17001,388.71625,155586100.0
2022-05-10,404.48999,406.07999,394.82001,399.09,389.61441,132497200.0
2022-05-11,398.07001,404.04001,391.95999,392.75,383.42496,142361000.0
2022-05-12,389.37,395.79999,385.14999,392.34,383.02466,125090800.0
2022-05-13,396.70999,403.17999,395.60999,401.72,392.18201,104174400.0
2022-05-16,399.98001,403.97,397.60001,400.09,390.59061,78622400.0
2022-05-17,406.53,408.57001,402.57999,408.32001,398.62524,83029700.0
2022-05-18,403.5,403.79999,390.54999,391.85999,382.556,117674500.0
2022-05-19,388.62,394.14001,387.10999,389.45999,380.21301,98510700.0
2022-05-20,393.25,397.03,380.54001,389.63,380.379,131432200.0
2022-05-23,392.82999,397.73001,390.38,396.92001,387.49591,76414900.0
2022-05-24,392.56,395.14999,386.95999,393.89001,384.53784,91448800.0
2022-05-25,392.31,399.45001,391.89001,397.37,387.93527,91472900.0
2022-05-26,398.67001,407.04001,398.45001,405.31,395.68671,82168300.0
2022-05-27,407.91,415.38,407.70001,415.26001,405.40048,84768700.0
2022-05-31,413.54999,416.45999,410.03,412.92999,403.12579,95937000.0
2022-06-01,415.17001,416.23999,406.92999,409.59,399.86508,86585800.0
2022-06-02,409.42001,417.44,407.04001,417.39001,407.47992,79609600.0
2022-06-03,412.39999,414.04001,409.51001,410.54001,400.79257,71874300.0
2022-06-06,414.78,416.60999,410.54999,411.79001,402.01288,57508900.0
2022-06-07,408.10001,416.22,407.60999,415.73999,405.86908,59272400.0
2022-06-08,413.92999,415.82001,410.38,411.22,401.45639,64350000.0
2022-06-09,409.34,411.73999,401.44,401.44,391.90863,86289800.0
2022-06-10,394.88,395.78,389.75,389.79999,380.54495,132893900.0
2022-06-13,379.85001,381.81,373.29999,375.0,366.09637,170004900.0
2022-06-14,376.85001,377.94,370.59,373.87,364.99319,104011800.0
2022-06-15,377.35999,383.89999,372.12,379.20001,370.19666,125666800.0
2022-06-16,370.51001,370.94,364.07999,366.64999,357.94464,134473300.0
2022-06-17,365.51001,369.38,362.17001,365.85999,358.71625,111113900.0
2022-06-21,371.89001,376.53,371.81,375.07001,367.74643,76811900.0
2022-06-22,370.62,378.72,370.17999,374.39001,367.07971,90059400.0
2022-06-23,376.64001,378.82999,372.89001,378.06,370.67801,79292100.0
2022-06-24,381.39999,390.09,381.37,390.07999,382.46335,98050300.0
2022-06-27,391.04999,391.35999,387.44,388.59,381.00244,66009600.0
2022-06-28,390.23001,393.16,380.53,380.64999,373.21747,86548900.0
2022-06-29,381.23001,382.26999,378.42001,380.34,372.91354,65676000.0
2022-06-30,376.23999,380.66,372.56,377.25,369.88388,112508300.0
2022-07-01,376.56,381.70001,373.79999,381.23999,373.79596,74839700.0
2022-07-05,375.88,381.98001,372.89999,381.95999,374.50189,81438000.0
2022-07-06,382.10999,385.87,379.60001,383.25,375.76675,70426200.0
2022-07-07,385.12,389.82999,383.26999,388.98999,381.39462,64525900.0
2022-07-08,387.26999,390.64001,385.66,388.67001,381.0809,72397800.0
2022-07-11,385.85001,386.87,383.5,384.23001,376.7276,58366900.0
2022-07-12,383.64999,386.16,378.98999,380.82999,373.39392,62219200.0
2022-07-13,375.10001,381.92001,374.66,378.82999,371.43301,84224600.0
2022-07-14,373.60999,379.04999,371.04001,377.91,370.53094,89704800.0
2022-07-15,382.54999,385.25,380.54001,385.13,377.60999,79060400.0
2022-07-18,388.38,389.09,380.66,381.95001,374.49213,63203600.0
2022-07-19,386.07999,392.87,385.39001,392.26999,384.61053,78506000.0
2022-07-20,392.47,396.26001,391.03,394.76999,387.06177,71843800.0
2022-07-21,394.16,398.84,391.63,398.79001,391.00323,64903900.0
2022-07-22,398.92001,400.17999,392.75,395.09,387.37549,72197300.0
2022-07-25,395.75,396.47,393.20999,395.57001,387.84616,53631500.0
2022-07-26,393.84,394.06,389.95001,390.89001,383.25754,52946400.0
2022-07-27,394.35999,402.88,394.04999,401.04001,393.20935,82342100.0
2022-07-28,401.89001,406.79999,398.14999,406.07001,398.14111,73966600.0
2022-07-29,407.57999,413.03,406.76999,411.98999,403.94556,87003700.0
2022-08-01,409.14999,413.41,408.39999,410.76999,402.74933,69997500.0
2022-08-02,409.12,413.0,406.82001,408.06,400.09229,63435400.0
2022-08-03,410.29999,415.67999,410.0,414.45001,406.35748,67820600.0
2022-08-04,414.37,415.09,412.44,414.17001,406.08301,45656600.0
2022-08-05,409.66,414.14999,409.60001,413.47,405.39664,56814900.0
2022-08-08,415.25,417.62,411.82999,412.98999,404.92599,53886100.0
2022-08-09,412.22,412.75,410.22,411.35001,403.31805,44931800.0
2022-08-10,418.78,420.14001,416.72,419.98999,411.78931,68665700.0
2022-08-11,422.98999,424.95001,419.20999,419.98999,411.78931,59489700.0
2022-08-12,422.03,427.20999,421.03,427.10001,418.7605,61694500.0
2022-08-15,424.76999,429.41,424.70999,428.85999,420.48608,54048300.0
2022-08-16,427.73001,431.73001,426.88,429.70001,421.30972,59289000.0
2022-08-17,425.91,429.5,424.54001,426.64999,418.31927,63563400.0
2022-08-18,426.85999,428.60999,425.5,427.89001,419.53506,49023200.0
2022-08-19,424.98001,425.26001,421.22,422.14001,413.89734,68016900.0
2022-08-22,417.04999,417.23001,412.39999,413.35001,405.27896,77695600.0
2022-08-23,412.89999,415.42001,411.76999,412.35001,404.29852,49105200.0
2022-08-24,412.10999,415.10999,411.39001,413.67001,405.59274,49177800.0
2022-08-25,415.23999,419.56,414.09,419.51001,411.31873,50942300.0
2022-08-26,419.39001,419.95999,405.25,405.31,397.39597,103087000.0
2022-08-29,402.20001,405.84,401.20001,402.63,394.76834,65370800.0
2022-08-30,403.85001,404.10001,396.0,398.20999,390.43457,85652400.0
2022-08-31,399.92999,401.23999,395.04001,395.17999,387.46375,76029700.0
2022-09-01,392.89001,396.78,390.04001,396.42001,388.67957,78740100.0
2022-09-02,400.28,401.56,390.32999,392.23999,384.58115,99632100.0
2022-09-06,393.13,394.12,388.42001,390.76001,383.1301,76637400.0
2022-09-07,390.42999,398.59,390.20001,397.78,390.01303,70964200.0
2022-09-08,395.39001,400.85999,394.12,400.38,392.56223,80821700.0
2022-09-09,402.73999,407.51001,402.45999,406.60001,398.66077,76706900.0
2022-09-12,408.78,411.73001,408.45999,410.97,402.94547,69256300.0
2022-09-13,401.82999,403.10001,391.92001,393.10001,385.42438,122947100.0
2022-09-14,394.47,396.20001,391.12,394.60001,386.89508,85023700.0
2022-09-15,392.95999,395.95999,388.78,390.12,382.50259,87633800.0
2022-09-16,384.14001,386.25,382.10999,385.56,379.58447,103084800.0
2022-09-19,382.26001,388.54999,382.17999,388.54999,382.52817,73278500.0
2022-09-20,385.06,386.12,381.20001,384.09,378.13727,77274900.0
2022-09-21,386.10999,389.31,377.38,377.39001,371.54111,106746600.0
2022-09-22,376.57999,378.29999,373.44,374.22,368.42023,89472600.0
2022-09-23,370.57999,370.62,363.29001,367.95001,362.24741,122346900.0
2022-09-26,366.41,370.20999,363.03,364.31,358.66382,92581200.0
2022-09-27,368.01999,370.39999,360.87,363.38,357.74826,108294100.0
2022-09-28,364.38,372.29999,362.60001,370.53,364.78745,110802200.0
2022-09-29,366.81,367.10999,359.70001,362.79001,357.16742,112952300.0
2022-09-30,361.79999,365.91,357.04001,357.17999,351.64435,153711200.0
2022-10-03,361.07999,368.54999,359.20999,366.60999,360.92819,89756500.0
2022-10-04,372.39999,378.0,366.57001,377.97,372.11215,103602800.0
2022-10-05,373.39001,379.45999,370.95001,377.09,371.24579,88065700.0
2022-10-06,375.62,378.72,372.67999,373.20001,367.41605,82333500.0
2022-10-07,368.97,373.29001,360.94,362.79001,357.16742,107789500.0
2022-10-10,363.95999,364.20999,357.67001,360.01999,354.44031,76042800.0
2022-10-11,358.23999,363.03,355.70999,357.73999,352.19565,92482800.0
2022-10-12,358.17001,359.82001,356.29999,356.56,351.03391,76991800.0
2022-10-13,349.20999,367.51001,348.10999,365.97,360.29813,147254500.0
2022-10-14,368.54999,370.26001,356.95999,357.63,352.08737,123737000.0
2022-10-17,364.01001,367.98001,357.28,366.82001,361.13495,93168200.0
2022-10-18,375.13,375.45001,367.51999,371.13,365.37811,97162900.0
2022-10-19,368.98999,371.85001,365.54999,368.5,362.78891,79746900.0
2022-10-20,368.03,372.67001,364.60999,365.41,359.74683,88283100.0
2022-10-21,365.12,374.79999,363.54001,374.29001,368.48917,131038400.0
2022-10-24,375.89001,380.06,373.10999,378.87,372.99817,85436900.0
2022-10-25,378.79001,385.25,378.67001,384.92001,378.95444,78846300.0
2022-10-26,381.62,387.57999,381.35001,382.01999,376.0993,104087300.0
2022-10-27,383.07001,385.0,379.32999,379.98001,374.091,81971800.0
2022-10-28,379.87,389.51999,379.67999,389.01999,382.99084,100302000.0
2022-10-31,386.44,388.39999,385.26001,386.20999,380.2244,96631300.0
2022-11-01,390.14001,390.39001,383.29001,384.51999,378.56061,85407600.0
2022-11-02,383.89999,388.63,374.76001,374.87,369.06015,126990400.0
2022-11-03,371.47,374.20001,368.79001,371.01001,365.26001,87100100.0
2022-11-04,377.0,378.87,370.0,376.35001,370.51724,103505200.0
2022-11-07,377.70999,380.57001,375.53,379.95001,374.06143,68286900.0
2022-11-08,381.10999,385.12,377.72,382.0,376.07968,84641100.0
2022-11-09,379.92999,381.14001,373.60999,374.13,368.33167,78495500.0
2022-11-10,388.04999,395.04001,385.64001,394.69,388.573,141455800.0
2022-11-11,395.59,399.35001,393.60999,398.51001,392.3338,93839900.0
2022-11-14,396.66,400.17999,394.82999,395.12,388.99631,71903500.0
2022-11-15,401.14999,402.31,394.48999,398.48999,392.31412,93194500.0
2022-11-16,396.78,397.78,394.79001,395.45001,389.32123,68508500.0
2022-11-17,390.45999,394.95001,390.14001,394.23999,388.12997,74496300.0
2022-11-18,397.73999,397.81,393.04001,396.03,389.89221,92922500.0
2022-11-21,394.64001,395.82001,392.66,394.59,388.47455,51243200.0
2022-11-22,396.63,400.07001,395.14999,399.89999,393.70224,60429000.0
2022-11-23,399.54999,402.92999,399.31,402.42001,396.1832,68261600.0
2022-11-25,401.82999,402.91,401.54001,402.32999,396.09457,30545400.0
2022-11-28,399.09,400.81,395.10999,395.91,389.77411,67881600.0
2022-11-29,396.04999,397.29999,393.29999,395.23001,389.10464,52310000.0
2022-11-30,395.48999,407.67999,393.48001,407.67999,401.36169,144566700.0
2022-12-01,408.76999,410.0,404.75,407.38,401.06631,76398200.0
2022-12-02,402.25,407.85999,402.14001,406.91,400.60364,85342700.0
2022-12-05,403.95001,404.92999,398.17001,399.59,393.39706,77289800.0
2022-12-06,399.42001,399.98999,391.64001,393.82999,387.72632,77972200.0
2022-12-07,392.94,395.64001,391.97,393.16,387.06671,65927900.0
2022-12-08,395.14001,397.35999,393.26999,396.23999,390.09897,60737900.0
2022-12-09,394.94,397.62,393.14999,393.28,387.18484,81447700.0
2022-12-12,394.10999,398.95001,393.41,398.95001,392.76697,75405800.0
2022-12-13,410.22,410.48999,399.07001,401.97,395.7402,123782500.0
2022-12-14,401.60999,405.5,396.31,399.39999,393.20996,108111300.0
2022-12-15,394.29999,395.25,387.89001,389.63,383.5914,117705900.0
2022-12-16,385.17999,386.57999,381.04001,383.26999,379.06268,119858000.0
2022-12-19,383.47,383.82001,378.28,380.01999,375.84839,79878100.0
2022-12-20,379.23001,382.23001,377.85001,380.54001,376.36267,74427200.0
2022-12-21,383.25,387.41,382.69,386.23001,381.9902,78167400.0
2022-12-22,383.04999,386.20999,374.76999,380.72,376.54065,100120900.0
2022-12-23,379.64999,383.06,378.03,382.91,378.70667,59857300.0
2022-12-27,382.79001,383.14999,379.64999,381.39999,377.21323,51638200.0
2022-12-28,381.32999,383.39001,376.42001,376.66,372.52524,70911500.0
2022-12-29,379.63,384.35001,379.07999,383.44,379.23083,66970900.0
2022-12-30,380.64001,382.57999,378.42999,382.42999,378.2319,84022200.0
2023-01-03,384.37,386.42999,377.82999,380.82001,376.63959,74850700.0
2023-01-04,383.17999,385.88,380.0,383.76001,379.54733,85934100.0
2023-01-05,381.72,381.84,378.76001,379.38,375.21539,76970500.0
2023-01-06,382.60999,389.25,379.41,388.07999,383.81985,104189600.0
2023-01-09,390.37,393.70001,387.67001,387.85999,383.60229,73978100.0
2023-01-10,387.25,390.64999,386.26999,390.57999,386.29242,65358100.0
2023-01-11,392.23001,395.60001,391.38,395.51999,391.17822,68881100.0
2023-01-12,396.67001,398.48999,392.42001,396.95999,392.60239,90157700.0
2023-01-13,393.62,399.10001,393.34,398.5,394.12549,63903900.0
2023-01-17,398.48001,400.23001,397.06,397.76999,393.4035,62677300.0
2023-01-18,399.01001,400.12,391.28,391.48999,387.19247,99632300.0
2023-01-19,389.35999,391.07999,387.26001,388.64001,384.37378,86958900.0
2023-01-20,390.10001,396.04001,388.38,395.88,391.53427,91806400.0
2023-01-23,396.72,402.64999,395.72,400.63,396.23215,84178800.0
2023-01-24,398.88,401.14999,397.64001,400.20001,395.80682,59524900.0
2023-01-25,395.95001,400.70001,393.56,400.35001,395.9552,84800300.0
2023-01-26,403.13,404.92001,400.03,404.75,400.30692,72287400.0
2023-01-27,403.66,408.16,403.44,405.67999,401.22668,68346200.0
2023-01-30,402.79999,405.13,400.28,400.59,396.19254,74202000.0
2023-01-31,401.13,406.53,400.76999,406.48001,402.01791,86811800.0
2023-02-01,405.20999,413.67001,402.35001,410.79999,406.29047,101459200.0
2023-02-02,414.85999,418.31,412.88,416.78,412.20483,101654500.0
2023-02-03,411.59,416.97,411.09,412.35001,407.82349,94736800.0
2023-02-06,409.79001,411.29001,408.10001,409.82999,405.33112,60295300.0
2023-02-07,408.87,416.48999,407.57001,415.19,410.63229,90990700.0
2023-02-08,413.13,414.53,409.92999,410.64999,406.14212,76227500.0
2023-02-09,414.41,414.57001,405.81,407.09,402.62122,78694900.0
2023-02-10,405.85999,408.44,405.01001,408.04001,403.56082,70769700.0
2023-02-13,408.72,412.97,408.23999,412.82999,408.29819,64913500.0
2023-02-14,411.23999,415.04999,408.51001,412.64001,408.11032,88389300.0
2023-02-15,410.35001,414.06,409.47,413.98001,409.43561,61555700.0
2023-02-16,408.79001,412.91,408.14001,408.28,403.79816,76431500.0
2023-02-17,406.06,407.51001,404.04999,407.26001,402.78934,89257800.0
2023-02-21,403.06,404.16,398.82001,399.09,394.70901,82655900.0
2023-02-22,399.51999,401.13,397.01999,398.54001,394.16507,83742300.0
2023-02-23,401.56,402.20001,396.25,400.66,396.26178,96242400.0
2023-02-24,395.42001,397.25,393.64001,396.38,392.02875,108194400.0
2023-02-27,399.87,401.29001,396.75,397.73001,393.36398,80444700.0
2023-02-28,397.23001,399.28,396.14999,396.26001,391.9101,96438600.0
2023-03-01,395.41,396.69,393.38,394.73999,390.4068,99706800.0
2023-03-02,392.67999,398.69,392.32999,397.81,393.44305,85127800.0
2023-03-03,399.70999,404.45001,399.03,404.19,399.75302,90120000.0
2023-03-06,405.04999,407.45001,404.01001,404.47,400.02997,72795900.0
2023-03-07,404.42001,404.67001,397.63,398.26999,393.89804,108310600.0
2023-03-08,398.39001,399.70999,396.59,398.92001,394.54089,74746600.0
2023-03-09,399.73999,401.48001,390.53,391.56,387.26169,111945300.0
2023-03-10,390.98999,393.16,384.32001,385.91,381.67374,189253000.0
2023-03-13,381.81,390.39001,380.64999,385.35999,381.12973,157790000.0
2023-03-14,390.5,393.45001,387.04999,391.73001,387.42984,149752400.0
2023-03-15,385.89001,389.48999,383.70999,389.28,385.00671,172996900.0
2023-03-16,386.82001,396.47,386.29001,396.10999,391.76172,143254200.0
2023-03-17,393.22,394.39999,388.54999,389.98999,387.18097,140553400.0
2023-03-20,390.79999,394.17001,390.07001,393.73999,390.90396,93055800.0
2023-03-21,397.23999,399.41,395.57999,398.91,396.03671,91524200.0
2023-03-22,398.73001,402.48999,392.07001,392.10999,389.28571,111746600.0
2023-03-23,395.09,399.29001,390.35001,393.17001,390.3381,119351300.0
2023-03-24,391.84,395.84,389.39999,395.75,392.89948,107682400.0
2023-03-27,398.12,398.92001,395.56,396.48999,393.63416,74010400.0
2023-03-28,395.76999,396.48999,393.69,395.60001,392.75058,62871700.0
2023-03-29,399.92999,401.60001,398.67999,401.35001,398.45917,77497900.0
2023-03-30,404.09,404.35001,401.76001,403.70001,400.79227,69840000.0
2023-03-31,404.66,409.70001,404.54999,409.39001,406.44125,112062600.0
2023-04-03,408.85001,411.37,408.44,410.95001,407.99002,67391100.0
2023-04-04,411.62,411.92001,407.23999,408.67001,405.72644,66601500.0
2023-04-05,407.91,408.70001,405.88,407.60001,404.66415,65200200.0
2023-04-06,406.76999,409.48001,405.67999,409.19,406.24268,63743300.0
2023-04-10,406.60999,409.69,405.97,409.60999,406.65964,63681000.0
2023-04-11,410.26001,411.17999,408.92001,409.72,406.76886,59297900.0
2023-04-12,411.87,412.17001,407.44,408.04999,405.1109,86420400.0
2023-04-13,409.17999,413.84,407.98999,413.47,410.49185,85814800.0
2023-04-14,412.81,415.09,410.06,412.45999,409.48914,78161500.0
2023-04-17,412.37,413.95999,411.09,413.94,410.95847,66436400.0
2023-04-18,415.57999,415.72,412.78,414.20999,411.22653,63560000.0
2023-04-19,412.22,415.07999,412.16,414.14001,411.15704,55227300.0
2023-04-20,411.20999,413.70001,410.26999,411.88,408.91333,75840400.0
2023-04-21,412.19,412.67999,410.17001,412.20001,409.23102,73457400.0
2023-04-24,411.98999,413.07001,410.60001,412.63,409.6579,64332100.0
2023-04-25,410.57999,411.16,406.01999,406.07999,403.15509,97766700.0
2023-04-26,406.72,407.84,403.78,404.35999,401.44748,80447000.0
2023-04-27,407.0,412.69,406.73999,412.41,409.43951,92968400.0
2023-04-28,411.48999,415.94,411.42999,415.92999,412.93414,89335600.0
2023-05-01,415.47,417.62,415.26999,415.51001,412.51715,62122300.0
2023-05-02,414.76999,414.82001,407.82001,410.84,407.8808,103998500.0
2023-05-03,411.35999,413.87,407.76999,408.01999,405.08112,91531800.0
2023-05-04,406.92999,407.26999,403.73999,405.13,402.21194,94901900.0
2023-05-05,408.91,413.72,408.64001,412.63,409.6579,87844000.0
2023-05-08,412.97,413.23999,411.28,412.73999,409.76712,50046800.0
2023-05-09,411.13,412.09,410.69,410.92999,407.97015,49220100.0
2023-05-10,413.88,414.54001,408.87,412.85001,409.87634,96142900.0
2023-05-11,411.95001,412.42999,409.97,412.13,409.16153,70157100.0
2023-05-12,413.42001,413.64001,409.07001,411.59,408.6254,70439400.0
2023-05-15,412.22,413.42999,410.23001,413.01001,410.03519,54289400.0
2023-05-16,411.85999,412.82001,410.23999,410.25,407.29504,57705500.0
2023-05-17,412.35001,415.85999,410.64001,415.23001,412.2392,87287000.0
2023-05-18,414.89999,419.67001,414.67001,419.23001,416.21039,97177200.0
2023-05-19,420.17001,420.72,417.35001,418.62,415.60477,103679700.0
2023-05-22,418.64001,420.39001,417.35001,418.79001,415.77356,60745400.0
2023-05-23,417.07999,418.72,413.67999,414.09,411.10739,86383500.0
2023-05-24,412.42001,412.82001,409.88,411.09,408.12903,89213700.0
2023-05-25,414.73999,416.16,412.41,414.64999,411.66336,90961600.0
2023-05-26,415.32999,420.76999,415.25,420.01999,416.99466,93830000.0
2023-05-30,422.03,422.57999,418.73999,420.17999,417.15353,72216000.0
2023-05-31,418.28,419.22,416.22,417.85001,414.84033,110811800.0
2023-06-01,418.09,422.92001,416.79001,421.82001,418.78174,88865000.0
2023-06-02,424.5,428.73999,423.95001,427.92001,424.8378,91366700.0
2023-06-05,428.28,429.62,426.37,427.10001,424.02371,65460200.0
2023-06-06,426.67001,428.57999,425.98999,428.03,424.94696,64022200.0
2023-06-07,428.44,429.62,426.10999,426.54999,423.47763,85373300.0
2023-06-08,426.62,429.60001,425.82001,429.13,426.03909,61952800.0
2023-06-09,429.95999,431.98999,428.87,429.89999,426.8035,85742800.0
2023-06-12,430.92001,433.88,430.17001,433.79999,430.67542,76104300.0
2023-06-13,435.32001,437.32999,434.63,436.66,433.51483,95899700.0
2023-06-14,437.01001,439.06,433.59,437.17999,434.0311,100612100.0
2023-06-15,436.32999,443.89999,436.23001,442.60001,439.41205,110303100.0
2023-06-16,443.01999,443.60999,438.97,439.45999,437.91531,114121300.0
2023-06-20,437.45001,438.37,435.03,437.17999,435.64334,76160400.0
2023-06-21,436.16,436.98999,434.32999,434.94,433.41122,76982300.0
2023-06-22,433.95001,436.62,433.60001,436.51001,434.97571,70637200.0
2023-06-23,432.92999,435.06,432.47,433.20999,431.68729,92074500.0
2023-06-26,432.62,434.60999,431.19,431.44,429.92352,72823600.0
2023-06-27,432.35001,436.81,431.88,436.17001,434.6369,72813700.0
2023-06-28,435.04999,437.44,434.41,436.39001,434.85614,75636000.0
2023-06-29,435.95999,438.28,435.54001,438.10999,436.57004,67882300.0
2023-06-30,441.44,444.29999,441.10999,443.28,441.72189,104921500.0
2023-07-03,442.92001,444.07999,442.63,443.79001,442.2301,32793400.0
2023-07-05,441.91,443.89001,441.89999,443.13,441.57242,58418400.0
2023-07-06,439.42001,440.10001,437.06,439.66,438.11462,80658300.0
2023-07-07,438.63,442.64001,438.29999,438.54999,437.00851,86076100.0
2023-07-10,438.17999,439.84,437.59,439.66,438.11462,62443500.0
2023-07-11,440.45001,442.97,439.44,442.45999,440.90475,64463800.0
2023-07-12,446.39001,447.48001,444.91,446.01999,444.45224,91924500.0
2023-07-13,447.89999,450.38,447.45001,449.56,447.97983,72425200.0
2023-07-14,450.48001,451.35999,448.48999,449.28,447.70081,69761800.0
2023-07-17,449.13,451.92999,449.07999,450.84,449.25531,52680200.0
2023-07-18,450.5,454.85999,450.04999,454.19,452.59354,80744400.0
2023-07-19,455.01001,456.42999,454.10999,455.20001,453.60001,65891700.0
2023-07-20,454.17001,455.10001,451.44,452.17999,450.59061,70591600.0
2023-07-21,453.95999,454.17001,452.17001,452.17999,450.59061,71245400.0
2023-07-24,453.37,455.04001,452.29999,454.20001,452.60352,54023400.0
2023-07-25,453.92001,456.73999,453.87,455.44,453.83914,55191200.0
2023-07-26,454.47,456.98999,453.38,455.51001,453.90891,71052900.0
2023-07-27,459.01999,459.44,451.54999,452.48999,450.89951,92194400.0
2023-07-28,455.88,457.78,452.48999,456.92001,455.31396,80011800.0
2023-07-31,457.41,458.16,456.04999,457.79001,456.18091,62040400.0
2023-08-01,456.26999,457.25,455.48999,456.48001,454.87552,55291500.0
2023-08-02,453.25,453.51999,449.35001,450.13,448.54782,93933400.0
2023-08-03,448.04001,450.79001,447.37,448.84,447.26236,64276100.0
2023-08-04,450.72,452.89999,446.26999,446.81,445.23947,100052300.0
2023-08-07,448.70999,450.87,447.98999,450.70999,449.12576,58357500.0
2023-08-08,448.07999,450.70001,445.26999,448.75,447.17267,71361300.0
2023-08-09,449.03,449.20001,444.95999,445.75,444.18323,78789600.0
2023-08-10,448.19,451.70001,444.70001,445.91,444.34265,93005500.0
2023-08-11,443.97,446.70001,443.35001,445.64999,444.08356,68664600.0
2023-08-14,444.70001,448.10999,444.38,448.10999,446.53491,47867400.0
2023-08-15,446.26999,446.64001,442.29999,442.89001,441.33328,75707500.0
2023-08-16,442.45999,444.17999,439.53,439.64001,438.0947,80107200.0
2023-08-17,441.16,441.42999,435.75,436.29001,434.75647,95711300.0
2023-08-18,433.37,437.57001,433.01001,436.5,434.96573,98758400.0
2023-08-21,437.54999,440.10999,435.32001,439.34,437.79575,68719000.0
2023-08-22,441.17999,441.17999,437.57001,438.14999,436.60992,65062900.0
2023-08-23,439.25,443.67001,439.10001,443.03,441.47278,68441000.0
2023-08-24,444.69,445.22,436.85999,436.89001,435.35437,88517300.0
2023-08-25,438.67999,441.29999,435.0,439.97,438.42352,102325100.0
2023-08-28,442.23999,443.39999,439.97,442.76001,441.20374,61595400.0
2023-08-29,442.64999,449.45001,442.45999,449.16,447.58124,83081900.0
2023-08-30,449.51001,451.67001,448.78,451.01001,449.42474,69053900.0
2023-08-31,451.64999,452.82999,450.16,450.35001,448.76706,66084600.0
2023-09-01,453.17001,453.67001,449.67999,451.19,449.6041,58875700.0
2023-09-05,450.73001,451.06,449.17001,449.23999,447.66095,55166200.0
2023-09-06,448.39999,448.51001,443.81,446.22,444.65155,70758500.0
2023-09-07,443.10999,445.54999,442.75,444.85001,443.28638,70355400.0
2023-09-08,444.89999,447.10999,444.53,445.51999,443.95401,61659700.0
2023-09-11,448.23999,448.76999,446.47,448.45001,446.87375,60180100.0
2023-09-12,446.95001,448.53,445.39001,445.98999,444.42236,67565400.0
2023-09-13,446.22,447.70999,445.07999,446.51001,444.94055,60199300.0
2023-09-14,449.07001,451.07999,447.72,450.35999,448.77701,83430800.0
2023-09-15,447.14001,447.48001,442.92001,443.37,443.37,111761400.0
2023-09-18,443.04999,444.97,442.56,443.63,443.63,55752200.0
2023-09-19,442.67999,443.29001,439.94,442.70999,442.70999,66514600.0
2023-09-20,444.01001,444.44,438.42999,438.64001,438.64001,82562600.0
2023-09-21,435.70001,435.97,431.23001,431.39001,431.39001,103976100.0
2023-09-22,432.45001,434.10001,429.98999,430.42001,430.42001,100829700.0
2023-09-25,429.17001,432.26999,428.72,432.23001,432.23001,70874500.0
2023-09-26,429.09,429.82001,425.01999,425.88,425.88,96168400.0
2023-09-27,427.09,427.67001,422.29001,426.04999,426.04999,104705800.0
2023-09-28,425.48001,430.25,424.87,428.51999,428.51999,92258300.0
2023-09-29,431.67001,431.85001,425.91,427.48001,427.48001,115078500.0
2023-10-02,426.62,428.60001,424.45999,427.31,427.31,83798600.0
2023-10-03,425.06,427.37,420.17999,421.59,421.59,103760600.0
2023-10-04,422.07001,425.42999,420.56,424.66,424.66,87453000.0
2023-10-05,424.35999,425.37,421.17001,424.5,424.5,70142700.0
2023-10-06,421.97,431.13,420.60001,429.54001,429.54001,113202700.0
2023-10-09,427.57999,432.88,427.01001,432.29001,432.29001,80374400.0
2023-10-10,432.94,437.22,432.53,434.54001,434.54001,78607300.0
2023-10-11,435.64001,436.57999,433.17999,436.32001,436.32001,62451700.0
2023-10-12,436.95001,437.34,431.23001,433.66,433.66,81154200.0
2023-10-13,435.20999,436.45001,429.88,431.5,431.5,95143100.0
2023-10-16,433.82001,437.14001,433.57001,436.04001,436.04001,75433200.0
2023-10-17,432.81,438.14001,432.45001,436.01999,436.01999,75324700.0
2023-10-18,434.19,435.17999,429.09,430.20999,430.20999,93559800.0
2023-10-19,430.95001,432.82001,425.73001,426.42999,426.42999,121323000.0
2023-10-20,425.98001,426.54001,421.07999,421.19,421.19,123845800.0
2023-10-23,419.60999,424.45001,417.79999,420.45999,420.45999,92035100.0
2023-10-24,422.64999,424.82001,420.73999,423.63,423.63,78564200.0
2023-10-25,421.89001,421.92001,417.01999,417.54999,417.54999,94223200.0
2023-10-26,416.45001,417.32999,411.60001,412.54999,412.54999,115156800.0
2023-10-27,414.19,414.60001,409.20999,410.67999,410.67999,107367700.0
2023-10-30,413.56,416.67999,412.22,415.59,415.59,86562700.0
2023-10-31,416.17999,418.53,414.20999,418.20001,418.20001,79665200.0
2023-11-01,419.20001,423.5,418.64999,422.66,422.66,98068100.0
2023-11-02,426.57999,430.92001,426.56,430.76001,430.76001,94938900.0
2023-11-03,433.14001,436.29001,433.01001,434.69,434.69,100110800.0
2023-11-06,435.47,436.14999,433.67999,435.69,435.69,67831700.0
2023-11-07,435.69,437.59,434.51001,436.92999,436.92999,64256100.0
2023-11-08,437.54999,438.09,434.87,437.25,437.25,61746000.0
2023-11-09,438.42999,438.47,433.39999,433.84,433.84,83174400.0
2023-11-10,435.98001,440.92999,433.82999,440.60999,440.60999,89462200.0
2023-11-13,439.23001,441.32999,438.42001,440.19,440.19,52236100.0
2023-11-14,446.32001,450.06,446.09,448.73001,448.73001,97176900.0
2023-11-15,450.10999,451.38,448.79999,449.67999,449.67999,77327600.0
2023-11-16,449.22,450.56,448.12,450.23001,450.23001,66665800.0
2023-11-17,450.23999,451.42001,449.29001,450.79001,450.79001,83133200.0
2023-11-20,450.53,455.13,450.51999,454.26001,454.26001,69936200.0
2023-11-21,453.17999,454.13,451.95999,453.26999,453.26999,49244600.0
2023-11-22,454.98001,456.38,453.89001,455.01999,455.01999,59394900.0
2023-11-24,455.07001,455.48999,454.73001,455.29999,455.29999,29737375.0
2023-11-27,454.64999,455.48999,454.07999,454.48001,454.48001,50438300.0
2023-11-28,454.07999,456.26999,453.5,454.92999,454.92999,62041900.0
2023-11-29,457.14999,458.32001,454.20001,454.60999,454.60999,63105500.0
2023-11-30,455.48001,456.76001,453.34,456.39999,456.39999,79686000.0
2023-12-01,455.76999,459.64999,455.16,459.10001,459.10001,89097900.0
2023-12-04,455.60001,459.12,454.34,456.69,456.69,72337200.0
2023-12-05,455.26001,457.59,454.87,456.60001,456.60001,69687100.0
2023-12-06,458.81,458.84,454.31,454.76001,454.76001,68995300.0
2023-12-07,456.91,458.89999,456.29001,458.23001,458.23001,66935600.0
2023-12-08,457.45999,460.75,457.20999,460.20001,460.20001,83080900.0
2023-12-11,459.69,462.17001,459.47,461.98999,461.98999,64088400.0
2023-12-12,461.63,464.20001,460.60001,464.10001,464.10001,67908700.0
2023-12-13,464.48999,470.76001,464.12,470.5,470.5,91797200.0
2023-12-14,472.5,473.73001,469.25,472.01001,472.01001,118286600.0
2023-12-15,469.48999,470.70001,467.42999,469.32999,469.32999,141319300.0
2023-12-18,470.98001,472.98001,469.89001,471.97,471.97,70252400.0
2023-12-19,472.53,474.92001,472.45001,474.84,474.84,55627900.0
2023-12-20,473.95999,475.89999,467.82001,468.26001,468.26001,102403100.0
2023-12-21,471.32999,472.98001,468.84,472.70001,472.70001,86536700.0
2023-12-22,473.85999,475.38,471.70999,473.64999,473.64999,67160419.0
2023-12-26,474.07001,476.57999,473.98999,475.64999,475.64999,55318400.0
2023-12-27,475.44,476.66,474.89001,476.51001,476.51001,57823314.0
2023-12-28,476.88,477.54999,476.26001,476.69,476.69,77106300.0
2023-12-29,476.48999,477.03,473.29999,475.31,475.31,122283149.0
2024-01-02,472.16,473.67001,470.48999,472.64999,472.64999,123623700.0
2024-01-03,470.42999,471.19,468.17001,468.79001,468.79001,103426100.0
2024-01-04,468.29999,470.95999,467.04999,467.28,467.28,84150500.0
2024-01-05,467.48999,470.44,466.42999,467.92001,467.92001,86060800.0
2024-01-08,468.42999,474.75,468.29999,474.60001,474.60001,74817800.0
2024-01-09,471.87,474.92999,471.35001,473.88,473.88,65790943.0
2024-01-10,474.16,477.45001,473.87,476.56,476.56,67228200.0
2024-01-11,477.59,478.12,472.26001,476.35001,476.35001,77839000.0
2024-01-12,477.84,478.60001,475.23001,476.67999,476.67999,58026420.0
2024-01-16,475.26001,476.60999,473.06,474.92999,474.92999,84932700.0
2024-01-17,471.82001,472.79001,469.87,472.29001,472.29001,68733800.0
2024-01-18,474.01001,477.06,472.42001,476.48999,476.48999,91696700.0
2024-01-19,477.64999,482.72,476.54001,482.42999,482.42999,110733300.0
2024-01-22,484.01001,485.22,482.78,483.45001,483.45001,75815600.0
2024-01-23,484.01001,485.10999,482.89001,484.85999,484.85999,49843300.0
2024-01-24,487.81,488.76999,484.88,485.39001,485.39001,81518700.0
2024-01-25,487.57999,488.31,485.39001,488.03,488.03,72382200.0
2024-01-26,487.59,489.12,486.54001,487.41,487.41,76606300.0
2024-01-29,487.73001,491.42001,487.17001,491.26999,491.26999,60607000.0
2024-01-30,490.56,491.62,490.10999,490.89001,490.89001,58508900.0
2024-01-31,488.62,489.07999,482.85999,482.88,482.88,125844500.0
2024-02-01,484.63,489.23001,483.79999,489.20001,489.20001,91736000.0
2024-02-02,489.64999,496.04999,489.29999,494.35001,494.35001,99147700.0
2024-02-05,493.70001,494.38,490.23001,492.54999,492.54999,75709900.0
2024-02-06,493.51999,494.32001,492.04999,493.98001,493.98001,55801600.0
2024-02-07,496.29001,498.53,495.35999,498.10001,498.10001,70483700.0
2024-02-08,498.10001,498.70999,497.26001,498.32001,498.32001,52234600.0
2024-02-09,498.84,501.64999,498.48999,501.20001,501.20001,63917600.0
2024-02-12,501.17001,503.5,500.23999,500.98001,500.98001,56387500.0
2024-02-13,494.53,497.09,490.72,494.07999,494.07999,112943400.0
2024-02-14,496.79001,499.07001,494.39999,498.57001,498.57001,68278800.0
2024-02-15,499.29001,502.20001,498.79999,502.01001,502.01001,61545900.0
2024-02-16,501.70001,502.87,498.75,499.51001,499.51001,75532928.0
2024-02-20,497.72,498.41,494.45001,496.76001,496.76001,71666600.0
2024-02-21,495.42001,497.37,493.56,497.20999,497.20999,59293400.0
2024-02-22,504.01001,508.48999,503.01999,507.5,507.5,76001500.0
2024-02-23,509.26999,510.13,507.10001,507.85001,507.85001,61284200.0
2024-02-26,508.29999,508.75,505.85999,505.98999,505.98999,50295100.0
2024-02-27,506.70001,507.16,504.75,506.92999,506.92999,48752300.0
2024-02-28,505.32999,506.85999,504.95999,506.26001,506.26001,56404500.0
2024-02-29,508.07001,509.73999,505.35001,508.07999,508.07999,83824300.0
2024-03-01,508.98001,513.28998,508.56,512.84998,512.84998,76805900.0
2024-03-04,512.03003,514.20001,512.0,512.29999,512.29999,49680200.0
2024-03-05,510.23999,510.70001,504.91,507.17999,507.17999,72670700.0
2024-03-06,510.54999,512.07001,508.42001,509.75,509.75,68205400.0
2024-03-07,513.14001,515.89001,509.81,514.81,514.81,58574200.0
2024-03-08,515.46002,518.21997,511.13,511.72,511.72,86425500.0
2024-03-11,510.48001,511.88,508.5,511.28,511.28,62476500.0
2024-03-12,513.45001,517.38,510.85999,516.78003,516.78003,73031700.0
2024-03-13,517.10999,517.28998,514.48999,515.96997,515.96997,55005200.0
2024-03-14,516.96997,517.13,511.82001,514.95001,514.95001,110071500.0
2024-03-15,510.20999,511.70001,508.12,509.82999,509.82999,107585800.0
2024-03-18,514.0,515.47998,512.44,512.85999,512.85999,88696900.0
2024-03-19,512.15002,516.0,511.12,515.71002,515.71002,60727100.0
2024-03-20,515.77002,520.62,515.08002,520.47998,520.47998,69348400.0
2024-03-21,523.39001,524.10999,521.90997,522.20001,522.20001,59728000.0
2024-03-22,522.10999,522.60999,520.96997,521.21002,521.21002,79023000.0
2024-03-25,519.79999,520.95001,519.60999,519.77002,519.77002,48444300.0
2024-03-26,521.22998,521.58002,518.40002,518.81,518.81,65348900.0
2024-03-27,521.71002,523.21002,519.48999,523.16998,523.16998,82881800.0
2024-03-28,523.21002,524.60999,522.7807,523.07001,523.07001,96294886.0
2024-04-01,523.83002,524.38,520.96997,522.15997,522.15997,62412000.0
2024-04-02,518.23999,518.97998,516.47998,518.84003,518.84003,74147000.0
2024-04-03,517.71997,520.95001,517.66998,519.40997,519.40997,59036800.0
2024-04-04,523.52002,523.87,512.76001,513.07001,513.07001,96724400.0
2024-04-05,514.46002,520.44,514.01001,518.42999,518.42999,74482100.0
2024-04-08,519.15002,520.17999,517.89001,518.71997,518.71997,48370000.0
2024-04-09,520.5,520.75,514.34998,519.32001,519.32001,68049200.0
2024-04-10,513.47998,516.15997,512.09003,514.12,514.12,82543700.0
2024-04-11,515.67999,519.47998,512.08002,518.0,518.0,70013300.0
2024-04-12,514.37,515.82001,509.07999,510.85001,510.85001,92469100.0
2024-04-15,515.13,515.29999,503.57999,504.45001,504.45001,91956200.0
2024-04-16,504.94,506.5,502.20999,503.53,503.53,73320600.0
2024-04-17,506.04999,506.22,499.12,500.54999,500.54999,75823500.0
2024-04-18,501.98001,504.13,498.56,499.51999,499.51999,74439100.0
2024-04-19,499.44,500.45999,493.85999,495.16,495.16,102129100.0
2024-04-22,497.82999,502.38,495.42999,499.72,499.72,67763400.0
2024-04-23,501.78,506.09,499.53,505.64999,505.64999,64505500.0
2024-04-24,506.56,507.37,503.13,505.41,505.41,55714300.0
2024-04-25,499.17999,504.26999,497.48999,503.48999,503.48999,68851100.0
2024-04-26,506.35001,509.88,505.70001,508.26001,508.26001,63283200.0
2024-04-29,510.09,510.75,507.25,510.06,510.06,45916800.0
2024-04-30,508.56,509.56,501.98001,501.98001,501.98001,77358500.0
2024-05-01,501.38,508.19,499.87,500.35001,500.35001,80091100.0
2024-05-02,504.14999,505.89001,499.54999,505.03,505.03,62417600.0
2024-05-03,511.16,512.54999,508.56,511.29001,511.29001,72756709.0
2024-05-06,513.75,516.60999,513.29999,516.57001,516.57001,47144100.0
2024-05-07,517.56,518.57001,516.45001,517.14001,517.14001,52463100.0
2024-05-08,515.26001,517.73999,515.14001,517.19,517.19,41967100.0
2024-05-09,517.38,520.21002,516.71002,520.16998,520.16998,43587400.0
2024-05-10,521.81,522.64001,519.59003,520.84003,520.84003,52142400.0
2024-05-13,522.56,522.66998,519.73999,520.90997,520.90997,36677700.0
2024-05-14,521.10999,523.83002,520.56,523.29999,523.29999,57464900.0
2024-05-15,525.83002,530.08002,525.17999,529.78003,529.78003,59388600.0
2024-05-16,529.88,531.52002,528.53998,528.69,528.69,50171700.0
2024-05-17,528.81,529.52002,527.32001,529.45001,529.45001,59137600.0
2024-05-20,529.57001,531.56,529.16998,530.06,530.06,37735600.0
2024-05-21,529.28003,531.52002,529.07001,531.35999,531.35999,33377300.0
2024-05-22,530.65002,531.38,527.59998,529.83002,529.83002,48223000.0
2024-05-23,532.96002,533.07001,524.71997,525.96002,525.96002,57162600.0
2024-05-24,527.84998,530.27002,526.88098,529.44,529.44,41291076.0
2024-05-28,530.27002,530.51001,527.10999,529.81,529.81,36227200.0
2024-05-29,525.67999,527.31,525.37,526.09998,526.09998,45049100.0
2024-05-30,524.52002,525.20001,521.33002,522.60999,522.60999,46377600.0
2024-05-31,523.59003,527.5,518.35999,527.37,527.37,90305100.0
2024-06-03,529.02002,529.31,522.59998,527.79999,527.79999,46803200.0
2024-06-04,526.46002,529.15002,524.96002,528.39001,528.39001,34568400.0
2024-06-05,530.77002,534.69,528.72998,534.66998,534.66998,47509100.0
2024-06-06,534.97998,535.41998,532.67999,534.65997,534.65997,30757900.0
2024-06-07,533.65997,536.89001,532.53998,534.01001,534.01001,43195000.0
2024-06-10,533.17999,535.98999,532.57001,535.65997,535.65997,35686100.0
2024-06-11,534.07001,537.01001,532.04999,536.95001,536.95001,30915218.0
2024-06-12,541.63,544.12,540.29999,541.35999,541.35999,63129800.0
2024-06-13,543.15002,543.33002,539.59003,542.45001,542.45001,44696900.0
2024-06-14,540.88,542.81,539.84998,542.78003,542.78003,40032000.0
2024-06-17,542.08002,548.53003,541.60999,547.09998,547.09998,55799200.0
2024-06-18,547.15997,548.61853,546.72998,548.48999,548.48999,41256174.0
2024-06-20,549.44,550.12,545.17999,547.0,547.0,70244500.0
2024-06-21,544.40002,545.65002,543.02002,544.51001,544.51001,64338600.0
2024-06-24,544.33002,546.95001,542.62,542.73999,542.73999,45499000.0
2024-06-25,543.98999,545.20001,542.44,544.83002,544.83002,37936200.0
2024-06-26,543.69,546.23999,543.03003,545.51001,545.51001,38032800.0
2024-06-27,545.37,546.96002,544.60999,546.37,546.37,34979300.0
2024-06-28,547.15997,550.28003,542.95001,544.21997,544.21997,76088500.0
2024-07-01,545.63,545.88,542.52002,545.34003,545.34003,39936800.0
2024-07-02,543.70001,549.01001,543.65002,549.01001,549.01001,40366700.0
2024-07-03,548.69,551.83002,548.65399,551.46002,551.46002,32789911.0
2024-07-05,551.77002,555.04999,551.12,554.64001,554.64001,41381300.0
2024-07-08,555.44,556.25,554.19,555.28003,555.28003,36002900.0
2024-07-09,556.26001,557.17999,555.52002,555.82001,555.82001,27289700.0
2024-07-10,557.07001,561.66998,556.77002,561.32001,561.32001,38612800.0
2024-07-11,561.44,562.33002,555.83002,556.47998,556.47998,52988700.0
2024-07-12,557.63,563.66998,557.15002,559.98999,559.98999,53029500.0
2024-07-15,562.03003,564.8371,559.63,561.53003,561.53003,35898288.0
2024-07-16,562.87,565.15997,562.09998,564.85999,564.85999,36406700.0
2024-07-17,558.79999,560.51001,556.60999,556.94,556.94,56941200.0
2024-07-18,558.51001,559.52002,550.42999,552.65997,552.65997,56155800.0
2024-07-19,552.41998,554.08002,547.90997,548.98999,548.98999,65441600.0
2024-07-22,553.0,555.27002,551.02002,554.65002,554.65002,43278900.0
2024-07-23,554.53998,556.73999,553.28003,553.78003,553.78003,34257100.0
2024-07-24,548.85999,549.16998,540.28998,541.22998,541.22998,74396200.0
2024-07-25,541.34998,547.46002,537.45001,538.40997,538.40997,61066000.0
2024-07-26,542.28003,547.19,541.48999,544.44,544.44,53698600.0
2024-07-29,546.02002,547.04999,542.71997,544.76001,544.76001,39381200.0
2024-07-30,546.26001,547.34003,538.52002,542.0,542.0,46487100.0
2024-07-31,548.97998,553.5,547.58002,550.81,550.81,65445900.0
2024-08-01,552.57001,554.87,539.42999,543.01001,543.01001,76241100.0
2024-08-02,535.75,536.98999,528.59998,532.90002,532.90002,82641600.0
2024-08-05,511.64001,523.58002,510.26999,517.38,517.38,145802400.0
2024-08-06,519.21997,529.75,517.87,522.15002,522.15002,84646600.0
2024-08-07,528.46997,531.59003,518.04999,518.65997,518.65997,70405600.0
2024-08-08,523.90997,531.28998,521.84003,530.65002,530.65002,62200000.0
2024-08-09,529.81,534.51001,528.56,532.98999,532.98999,45548300.0
2024-08-12,534.21002,535.72998,530.95001,533.27002,533.27002,42386800.0
2024-08-13,536.53003,542.28003,536.28003,542.03998,542.03998,52231900.0
2024-08-14,542.84998,544.96002,540.12,543.75,543.75,42381400.0
2024-08-15,549.5,553.35999,548.88,553.07001,553.07001,60729300.0
2024-08-16,551.41998,555.02002,551.26001,554.31,554.31,44316100.0
2024-08-19,554.72998,559.60999,553.85999,559.60999,559.60999,39052000.0
2024-08-20,559.15002,560.84003,557.33002,558.70001,558.70001,33697700.0
2024-08-21,559.77002,562.10999,554.72998,560.62,560.62,41467000.0
2024-08-22,562.56,563.17999,554.97998,556.21997,556.21997,56066100.0
2024-08-23,559.53003,563.09003,557.28998,562.13,562.13,50592900.0
2024-08-26,563.17999,563.90997,559.04999,560.78998,560.78998,35739100.0
2024-08-27,559.48999,562.06,558.32001,561.56,561.56,32627800.0
2024-08-28,561.21002,561.65002,555.03998,558.29999,558.29999,40869100.0
2024-08-29,560.31,563.67999,557.17999,558.34998,558.34998,38681700.0
2024-08-30,560.77002,564.19,557.14001,563.67999,563.67999,59016607.0
2024-09-03,560.46997,560.81,549.51001,552.08002,552.08002,60491400.0
2024-09-04,550.20001,554.42999,549.46002,550.95001,550.95001,47101300.0
2024-09-05,550.89001,553.79999,547.09998,549.60999,549.60999,44200200.0
2024-09-06,549.94,551.59998,539.44,540.35999,540.35999,68441000.0
2024-09-09,544.65002,547.71002,542.67999,546.40997,546.40997,40362400.0
2024-09-10,548.35999,549.15002,543.38,548.78998,548.78998,36302600.0
2024-09-11,548.70001,555.35999,539.96002,554.41998,554.41998,75167400.0
2024-09-12,555.01001,559.40002,552.73999,559.09003,559.09003,51819600.0
2024-09-13,559.71002,563.03003,559.45001,562.01001,562.01001,39256500.0
2024-09-16,561.73999,563.10999,559.90002,562.84003,562.84003,36599700.0
2024-09-17,565.09998,566.58002,560.78998,563.07001,563.07001,49233400.0
2024-09-18,563.73999,568.69,560.83002,561.40002,561.40002,58788300.0
2024-09-19,571.01001,572.88,568.08002,570.97998,570.97998,75210700.0
2024-09-20,567.84003,569.31,565.16998,568.25,568.25,77388700.0
2024-09-23,569.34003,570.33002,568.09998,569.66998,569.66998,44099200.0
2024-09-24,570.47998,571.35999,567.59998,571.29999,571.29999,46752900.0
2024-09-25,571.14001,571.89001,568.90997,570.03998,570.03998,38334800.0
2024-09-26,574.38,574.71002,569.90002,572.29999,572.29999,48208800.0
2024-09-27,573.39001,574.21997,570.41998,571.46997,571.46997,42047600.0
2024-09-30,570.41998,574.38,568.08002,573.76001,573.76001,63557400.0
2024-10-01,573.40002,574.06,566.0,568.62,568.62,72266400.0
2024-10-02,567.71002,569.90002,565.27002,568.85999,568.85999,38051700.0
2024-10-03,567.35999,569.79999,565.48999,567.82001,567.82001,40723300.0
2024-10-04,572.34998,573.35999,568.09998,572.97998,572.97998,42939100.0
2024-10-07,571.29999,571.96002,566.63,567.79999,567.79999,49814900.0
2024-10-08,570.41998,573.78003,569.53003,573.16998,573.16998,37318600.0
2024-10-09,573.15997,577.71002,572.54999,577.14001,577.14001,37841500.0
2024-10-10,575.77002,577.58002,574.48999,576.13,576.13,44064800.0
2024-10-11,576.04999,580.33002,575.90997,579.58002,579.58002,42226800.0
2024-10-14,581.21997,585.27002,580.72998,584.32001,584.32001,36154600.0
2024-10-15,584.59003,584.90002,578.53998,579.78003,579.78003,54111400.0
2024-10-16,579.78003,582.83002,578.96002,582.29999,582.29999,30683300.0
2024-10-17,585.90997,586.12,582.15997,582.34998,582.34998,34344200.0
2024-10-18,584.07001,585.39001,582.58002,584.59003,584.59003,37395600.0
2024-10-21,583.84998,584.84998,580.59998,583.63,583.63,36389900.0
2024-10-22,581.04999,584.5,580.38,583.32001,583.32001,33594500.0
2024-10-23,581.26001,581.71002,574.41998,577.98999,577.98999,49233100.0
2024-10-24,579.97998,580.06,576.57001,579.23999,579.23999,34916400.0
2024-10-25,581.51001,584.46002,578.08002,579.03998,579.03998,47105000.0
2024-10-28,582.58002,582.71002,580.52002,580.83002,580.83002,30141800.0
2024-10-29,579.84998,582.90997,578.42999,581.77002,581.77002,42821400.0
2024-10-30,581.28998,583.32001,579.28998,580.01001,580.01001,41247600.0
2024-10-31,575.56,575.63,568.44,568.64001,568.64001,60038800.0
2024-11-01,571.32001,575.54999,570.62,571.03998,571.03998,45540200.0
2024-11-04,571.17999,572.5,567.89001,569.81,569.81,38127800.0
2024-11-05,570.73999,576.73999,570.52002,576.70001,576.70001,39059200.0
2024-11-06,589.20001,591.92999,585.39001,591.03998,591.03998,67874600.0
2024-11-07,593.08002,596.65002,593.0,595.60999,595.60999,47125100.0
2024-11-08,596.16998,599.64001,596.16998,598.19,598.19,46399500.0
2024-11-11,599.81,600.16998,597.0,598.76001,598.76001,37515500.0
2024-11-12,598.67999,599.28998,594.37,596.90002,596.90002,42900700.0
2024-11-13,597.37,599.22998,594.96002,597.19,597.19,46969700.0
2024-11-14,597.32001,597.81,592.65002,593.34998,593.34998,38781500.0
2024-11-15,589.71997,590.20001,583.85999,585.75,585.75,75919000.0
2024-11-18,586.21997,589.48999,585.34003,588.15002,588.15002,37001700.0
2024-11-19,584.71002,591.03998,584.03003,590.29999,590.29999,49280800.0
2024-11-20,590.38,590.78998,584.63,590.5,590.5,49853700.0
2024-11-21,593.40002,595.12,587.45001,593.66998,593.66998,46565100.0
2024-11-22,593.65997,596.15002,593.15002,595.51001,595.51001,38092800.0
2024-11-25,599.52002,600.85999,595.20001,597.53003,597.53003,41941400.0
2024-11-26,598.79999,601.33002,598.07001,600.65002,600.65002,45502000.0
2024-11-27,600.46002,600.84998,597.29999,598.83002,598.83002,30181974.0
2024-11-29,599.65997,603.34998,599.38,602.54999,602.54999,30177400.0
2024-12-02,602.96997,604.32001,602.46997,603.63,603.63,31695800.0
2024-12-03,603.39001,604.15997,602.34003,603.90997,603.90997,26878100.0
2024-12-04,605.63,607.90997,604.95001,607.65997,607.65997,42648700.0
2024-12-05,607.65997,608.47998,606.29999,606.65997,606.65997,28693100.0
2024-12-06,607.44,609.07001,607.02002,607.81,607.81,31190100.0
2024-12-09,607.69,607.85999,604.08002,604.67999,604.67999,34688100.0
2024-12-10,605.37,605.79999,602.13,602.79999,602.79999,37172600.0
2024-12-11,605.78003,608.42999,605.5,607.46002,607.46002,28586600.0
2024-12-12,606.58002,607.15997,604.33002,604.33002,604.33002,31291500.0
2024-12-13,606.40002,607.13,602.81,604.21002,604.21002,35881700.0
2024-12-16,606.0,607.78003,605.21002,606.78998,606.78998,43656700.0
2024-12-17,604.19,605.16998,602.89001,604.28998,604.28998,55729500.0
2024-12-18,603.97998,606.40997,585.89001,586.28003,586.28003,107728100.0
2024-12-19,591.35999,593.0,585.84998,586.09998,586.09998,85081800.0
2024-12-20,581.77002,595.75,580.90997,591.15002,591.15002,125535900.0
2024-12-23,590.89001,595.29999,587.65997,594.69,594.69,57574000.0
2024-12-24,596.06,601.34003,595.47998,601.29999,601.29999,33160097.0
2024-12-26,599.5,602.47998,598.08002,601.34003,601.34003,41219100.0
2024-12-27,597.53998,597.78003,590.76001,595.01001,595.01001,64847900.0
2024-12-30,587.89001,591.73999,584.40997,588.21997,588.21997,56483600.0
2024-12-31,589.90503,590.63989,584.41998,586.08002,586.08002,55927780.0
2025-01-02,589.39001,591.13,580.5,584.64001,584.64001,50097400.0
2025-01-03,587.53003,592.59998,586.42999,591.95001,591.95001,37838500.0
2025-01-06,596.27002,599.70001,593.59998,595.35999,595.35999,47568100.0
2025-01-07,597.41998,597.75,586.78003,588.63,588.63,60256400.0
2025-01-08,588.70001,590.5799,585.20001,589.48999,589.48999,46716826.0
2025-01-10,585.88,585.95001,578.54999,580.48999,580.48999,73064800.0
2025-01-13,575.77002,581.75,575.34998,581.39001,581.39001,47647700.0
2025-01-14,584.35999,585.0,578.34998,582.19,582.19,48321700.0
2025-01-15,590.33002,593.94,589.20001,592.78003,592.78003,56812600.0
2025-01-16,594.16998,594.34998,590.92999,591.64001,591.64001,43265800.0
2025-01-17,596.96002,599.35992,595.60999,597.58002,597.58002,54122028.0
2025-01-21,600.66998,603.06,598.66998,603.04999,603.04999,42426600.0
2025-01-22,605.91998,607.82001,605.35999,606.44,606.44,48131200.0
2025-01-23,605.79999,609.75,605.52002,609.75,609.75,41055300.0
2025-01-24,609.81,610.78003,606.79999,607.96997,607.96997,34570500.0
2025-01-27,594.81,599.69,594.66998,599.37,599.37,61453352.0
2025-01-28,600.62,605.37,597.25,604.52002,604.52002,44343700.0
2025-01-29,603.71997,604.13,599.21997,601.81,601.81,37052500.0
2025-01-30,603.96002,606.59998,600.71997,605.03998,605.03998,39214900.0
2025-01-31,607.5,609.96002,601.04999,601.82001,601.82001,66566900.0
2025-02-03,592.66998,600.28998,590.48999,597.77002,597.77002,65693500.0
2025-02-04,597.83002,602.29999,597.28003,601.78003,601.78003,33349100.0
2025-02-05,600.64001,604.37,598.58002,604.21997,604.21997,30567900.0
2025-02-06,605.98999,606.45001,602.63,606.32001,606.32001,35726400.0
2025-02-07,606.89001,608.13,600.04999,600.77002,600.77002,50677600.0
2025-02-10,604.03003,605.5,602.73999,604.84998,604.84998,25960900.0
2025-02-11,602.54999,605.85999,602.42999,605.31,605.31,29999100.0
2025-02-12,599.20001,604.54999,598.51001,603.35999,603.35999,44987900.0
2025-02-13,604.47998,609.94,603.20001,609.72998,609.72998,40851800.0
2025-02-14,609.94,610.98999,609.07001,609.70001,609.70001,24107030.0
2025-02-18,610.88,611.48999,608.38,611.48999,611.48999,26749000.0
2025-02-19,610.08002,613.22998,609.56,612.92999,612.92999,31011100.0
2025-02-20,611.53998,611.67999,607.02002,610.38,610.38,36554000.0
2025-02-21,610.15997,610.29999,599.46997,599.94,599.94,76519800.0
2025-02-24,602.02002,603.03003,596.48999,597.21002,597.21002,50737200.0
2025-02-25,597.15002,597.89001,589.56,594.23999,594.23999,58266500.0
2025-02-26,595.92999,599.58002,591.85999,594.53998,594.53998,43321600.0
2025-02-27,596.84998,598.02002,584.65002,585.04999,585.04999,74196700.0
2025-02-28,585.56,594.71997,582.44,594.17999,594.17999,88421600.0
2025-03-03,596.17999,597.34003,579.90002,583.77002,583.77002,73753300.0
2025-03-04,579.71002,585.39001,572.25,576.85999,576.85999,109278400.0
2025-03-05,576.69,584.88,573.08002,583.06,583.06,71075800.0
2025-03-06,575.47998,580.16998,570.12,572.71002,572.71002,79758200.0
2025-03-07,570.90002,577.39001,565.63,575.91998,575.91998,81042900.0
2025-03-10,567.59003,569.53998,555.59003,560.58002,560.58002,98898700.0
2025-03-11,559.40002,564.02002,552.02002,555.91998,555.91998,87907400.0
2025-03-12,562.16998,563.10999,553.69,558.87,558.87,69437200.0
2025-03-13,558.48999,559.10999,549.67999,551.41998,551.41998,73871700.0
2025-03-14,556.10999,563.83002,551.48999,562.81,562.81,62557800.0
2025-03-17,562.78998,569.71002,562.34998,567.15002,567.15002,48918900.0
2025-03-18,564.79999,565.02002,559.06,561.02002,561.02002,65873100.0
2025-03-19,562.83002,570.95001,561.63,567.13,567.13,66392000.0
2025-03-20,563.33002,570.57001,562.59998,565.48999,565.48999,62853200.0
2025-03-21,559.28003,564.89001,558.03003,563.97998,563.97998,83666800.0
2025-03-24,570.79999,575.15002,570.20001,574.08002,574.08002,58653800.0
2025-03-25,575.29999,576.40997,573.69,575.46002,575.46002,38286800.0
2025-03-26,575.19,576.33002,567.19,568.59003,568.59003,51848300.0
2025-03-27,567.17999,570.90002,564.94,567.08002,567.08002,42046500.0
2025-03-28,565.53003,566.27002,555.07001,555.65997,555.65997,71570500.0
2025-03-31,549.83002,560.71002,546.87,559.39001,559.39001,95072700.0
2025-04-01,557.45001,562.94,553.67999,560.96997,560.96997,54432700.0
2025-04-02,555.04999,567.41998,554.81,564.52002,564.52002,74411800.0
2025-04-03,545.10999,547.96997,536.70001,536.70001,536.70001,125545300.0
2025-04-04,523.66998,525.87,505.06,505.28,505.28,216189500.0
2025-04-07,489.19,523.16998,481.79999,504.38,504.38,255966600.0
2025-04-08,521.85999,524.97998,489.16,496.48001,496.48001,164679500.0
2025-04-09,493.44,548.62,493.04999,548.62,548.62,241219700.0
2025-04-10,532.16998,533.5,509.32001,524.58002,524.58002,161958000.0
2025-04-11,523.01001,536.42999,520.07001,533.94,533.94,97741700.0
2025-04-14,544.04999,544.28003,533.85999,539.12,539.12,67814600.0
2025-04-15,539.66998,543.22998,536.81,537.60999,537.60999,56628300.0
2025-04-16,531.67999,537.89001,520.28998,525.65997,525.65997,82961100.0
2025-04-17,527.64001,531.16498,523.90997,526.40997,526.40997,74881787.0
2025-04-21,521.15997,521.70001,508.45999,513.88,513.88,69172700.0
2025-04-22,520.14001,529.29999,519.19,527.25,527.25,75370700.0
2025-04-23,540.42999,545.42999,533.88,535.41998,535.41998,90377300.0
2025-04-24,536.71997,547.42999,535.45001,546.69,546.69,63748600.0
2025-04-25,546.65002,551.04999,543.69,550.64001,550.64001,61025700.0
2025-04-28,551.39001,553.54999,545.02002,550.84998,550.84998,47476700.0
2025-04-29,548.90997,555.45001,548.54999,554.32001,554.32001,47684100.0
2025-04-30,547.57001,556.52002,541.52002,554.53998,554.53998,92678400.0
2025-05-01,560.37,564.07001,557.85999,558.46997,558.46997,62921700.0
2025-05-02,564.72998,568.38,562.38,566.76001,566.76001,60659700.0
2025-05-05,562.57001,566.65002,561.70001,563.51001,563.51001,38604400.0
2025-05-06,557.92999,563.34998,556.96002,558.79999,558.79999,48264700.0
2025-05-07,560.15002,563.82001,556.03998,561.15002,561.15002,55588000.0
2025-05-08,565.23999,570.31,561.70001,565.06,565.06,65130800.0
2025-05-09,566.47998,567.5,562.76001,564.34003,564.34003,37517500.0
2025-05-12,581.46997,583.0,577.03998,582.98999,582.98999,78879100.0
2025-05-13,583.40997,589.08002,582.84003,586.84003,586.84003,67869700.0
2025-05-14,587.81,588.97998,585.53998,587.59003,587.59003,66048400.0
2025-05-15,585.56,590.96997,585.09998,590.46002,590.46002,71191600.0
2025-05-16,591.25,594.5,589.28003,594.20001,594.20001,74899200.0
2025-05-19,588.09998,595.53998,588.09998,594.84998,594.84998,68019400.0
2025-05-20,593.09003,594.04999,589.59998,592.84998,592.84998,60446500.0
2025-05-21,588.44,592.58002,581.82001,582.85999,582.85999,95062700.0
2025-05-22,582.65997,586.62,581.40997,583.09003,583.09003,70763900.0
2025-05-23,575.97998,581.81012,575.59998,579.10999,579.10999,74615849.0
2025-05-27,586.07001,591.31,578.42999,591.15002,591.15002,72453500.0
2025-05-28,591.56,592.77002,586.98999,587.72998,587.72998,66516700.0
2025-05-29,593.06,593.20001,586.07001,590.04999,590.04999,69973300.0
2025-05-30,588.92999,591.13,583.23999,589.39001,589.39001,90471200.0
2025-06-02,587.76001,592.78998,585.06,592.71002,592.71002,61498400.0
2025-06-03,592.34003,597.08002,591.84998,596.09003,596.09003,63478600.0
2025-06-04,596.96002,597.95001,595.48999,595.92999,595.92999,57208600.0
2025-06-05,597.63,599.0,591.04999,593.04999,593.04999,92278700.0
2025-06-06,598.65997,600.83002,596.85999,599.14001,599.14001,66525400.0
2025-06-09,599.71997,601.25,598.48999,599.67999,599.67999,52920900.0
2025-06-10,600.21997,603.46997,599.09003,603.08002,603.08002,66086100.0
2025-06-11,604.19,605.06,599.27002,601.35999,601.35999,73445700.0
2025-06-12,600.01001,603.75,599.52002,603.75,603.75,63920900.0
2025-06-13,598.5,601.84998,595.47998,597.0,597.0,89385600.0
2025-06-16,600.40002,604.45001,600.21997,602.67999,602.67999,79133100.0
2025-06-17,600.21002,601.75,596.76001,597.53003,597.53003,81838800.0
2025-06-18,598.44,601.21997,596.47998,597.44,597.44,75940686.0
2025-06-20,598.38,599.46002,592.85999,594.28003,594.28003,93935200.0
2025-06-23,595.03998,600.53998,591.89001,600.15002,600.15002,86768100.0
2025-06-24,604.33002,607.84998,603.40997,606.78003,606.78003,67680200.0
2025-06-25,607.90997,608.60999,605.53998,607.12,607.12,61881800.0
2025-06-26,608.98999,612.31,608.37,611.87,611.87,78423800.0
2025-06-27,612.88,616.39001,610.83002,614.90997,614.90997,85980500.0
2025-06-30,617.38,619.21997,615.03998,617.84998,617.84998,92420700.0
2025-07-01,616.35999,618.83002,615.52002,617.65002,617.65002,69900700.0
2025-07-02,617.23999,620.48999,616.60999,620.45001,620.45001,66452900.0
2025-07-03,622.45001,626.28003,622.46503,625.34003,625.34003,51065789.0
2025-07-07,623.35999,624.03003,617.87,620.67999,620.67999,74690200.0
2025-07-08,621.34998,622.10999,619.52002,620.34003,620.34003,58909100.0
2025-07-09,622.77002,624.71997,620.90997,624.06,624.06,65990400.0
2025-07-10,624.20001,626.87,623.01001,625.82001,625.82001,57447000.0
2025-07-11,622.73999,624.85999,621.53003,623.62,623.62,63624600.0
2025-07-14,623.15997,625.15997,621.79999,624.81,624.81,51808900.0
2025-07-15,627.52002,627.85999,622.06,622.14001,622.14001,74094200.0
2025-07-16,623.73999,624.72998,618.04999,624.21997,624.21997,88837200.0
2025-07-17,624.40002,628.40002,624.17999,628.03998,628.03998,68810900.0
2025-07-18,629.29999,629.46997,626.46002,627.58002,627.58002,65532300.0
2025-07-21,628.77002,631.53998,628.34003,628.77002,628.77002,63336400.0
2025-07-22,629.09998,629.72998,626.19,628.85999,628.85999,59805900.0
2025-07-23,631.54999,634.21002,629.72998,634.21002,634.21002,70420700.0
2025-07-24,634.59998,636.15002,633.98999,634.41998,634.41998,71237500.0
2025-07-25,635.09003,637.58002,634.84003,637.09998,637.09998,56841000.0
2025-07-28,637.47998,638.03998,635.53998,636.94,636.94,54867000.0
2025-07-29,638.34998,638.66998,634.34003,635.26001,635.26001,60514000.0
2025-07-30,635.91998,637.67999,631.53998,634.46002,634.46002,79942700.0
2025-07-31,639.46002,639.84998,630.77002,632.08002,632.08002,103081600.0
2025-08-01,626.29999,626.34003,619.28998,621.71997,621.71997,139951500.0
2025-08-04,625.66998,631.21997,625.58002,631.16998,631.16998,73106700.0
2025-08-05,631.78998,632.60999,627.03998,627.96997,627.96997,67946900.0
2025-08-06,629.04999,633.44,628.13,632.78003,632.78003,64117100.0
2025-08-07,636.23999,636.97998,629.10999,632.25,632.25,74108400.0
2025-08-08,634.06,637.65002,633.73999,637.17999,637.17999,63902600.0
2025-08-11,637.46002,638.95001,634.65997,635.91998,635.91998,58616000.0
2025-08-12,638.28998,642.84998,636.78998,642.69,642.69,64730800.0
2025-08-13,644.90997,646.19,642.67999,644.89001,644.89001,60044700.0
2025-08-14,642.78998,645.62,642.34003,644.95001,644.95001,59274300.0
2025-08-15,645.98999,646.09003,642.52002,643.44,643.44,68464600.0
2025-08-18,642.85999,644.0,642.17999,643.29999,643.29999,43725100.0
2025-08-19,643.12,644.10999,638.47998,639.81,639.81,69455900.0
2025-08-20,639.40002,639.65997,632.95001,638.10999,638.10999,88798700.0
2025-08-21,636.28003,637.96997,633.81,635.54999,635.54999,54716800.0
2025-08-22,637.76001,646.5,637.25,645.31,645.31,84018300.0
2025-08-25,644.03998,645.28998,642.34998,642.46997,642.46997,51204800.0
2025-08-26,642.20001,645.51001,641.57001,645.15997,645.15997,51534700.0
2025-08-27,644.57001,647.37,644.41998,646.63,646.63,48249600.0
2025-08-28,647.23999,649.47998,645.34003,648.91998,648.91998,61458900.0
2025-08-29,647.46997,647.83002,643.14001,645.04999,645.04999,66509273.0
2025-09-02,637.5,640.48999,634.91998,640.27002,640.27002,81848800.0
2025-09-03,642.66998,644.21002,640.46002,643.73999,643.73999,70741100.0
2025-09-04,644.41998,649.15002,643.51001,649.12,649.12,65124700.0
2025-09-05,651.47998,652.21002,643.33002,647.23999,647.23999,84970600.0
2025-09-08,648.62,649.84003,647.22998,648.83002,648.83002,63063100.0
2025-09-09,648.96997,650.85999,647.21997,650.33002,650.33002,65739200.0
2025-09-10,653.62,654.54999,650.63,652.21002,652.21002,77795900.0
2025-09-11,654.17999,658.33002,653.59003,657.63,657.63,69863700.0
2025-09-12,657.59998,659.10999,656.90002,657.40997,657.40997,72708800.0
2025-09-15,659.64001,661.03998,659.34003,660.90997,660.90997,63652300.0
2025-09-16,661.46997,661.78003,659.21002,660.0,660.0,56731221.0
2025-09-17,660.01001,661.71997,654.29999,659.17999,659.17999,101648200.0
2025-09-18,661.89001,664.89001,660.27002,662.26001,662.26001,90345300.0
2025-09-19,662.33002,664.54999,660.37,663.70001,663.70001,97853200.0
2025-09-22,662.20001,667.28998,662.16998,666.84003,666.84003,69395900.0
2025-09-23,666.71997,667.34003,661.97998,663.21002,663.21002,81620100.0
2025-09-24,664.51001,664.60999,659.66998,661.09998,661.09998,68015100.0
2025-09-25,657.94,659.40997,654.40997,658.04999,658.04999,89457300.0
2025-09-26,659.51001,662.37,657.88,661.82001,661.82001,69142300.0
2025-09-29,664.35999,665.28003,661.85999,663.67999,663.67999,73415500.0
2025-09-30,662.92999,666.65002,661.60999,666.17999,666.17999,86116500.0
2025-10-01,663.16998,669.37,663.06,668.45001,668.45001,72454700.0
2025-10-02,670.45001,670.57001,666.78003,669.21997,669.21997,56834300.0
2025-10-03,669.98999,672.67999,668.15997,669.21002,669.21002,70419500.0
2025-10-06,671.62,672.51001,669.46002,671.60999,671.60999,54491800.0
2025-10-07,672.53998,672.98999,667.66998,669.12,669.12,71902100.0
2025-10-08,670.25,673.21002,669.41998,673.10999,673.10999,60631200.0
2025-10-09,673.53003,673.94,669.21002,671.15997,671.15997,66420200.0
2025-10-10,672.13,673.95001,652.84003,653.02002,653.02002,158562200.0
2025-10-13,660.65002,665.13,659.77002,663.03998,663.03998,79489000.0
2025-10-14,657.16998,665.83002,653.16998,662.22998,662.22998,88649600.0
2025-10-15,666.82001,670.22998,658.92999,665.16998,665.16998,81602900.0
2025-10-16,666.82001,668.71002,657.10999,660.64001,660.64001,110409600.0
2025-10-17,659.5,665.76001,658.14001,664.39001,664.39001,96386200.0
2025-10-20,667.32001,672.21002,667.27002,671.29999,671.29999,60409500.0
2025-10-21,671.44,672.98999,669.97998,671.28998,671.28998,56162000.0
2025-10-22,672.0,672.0,663.29999,667.79999,667.79999,80463500.0
2025-10-23,668.12,672.71002,667.79999,671.76001,671.76001,65563700.0
2025-10-24,676.46002,678.46997,675.65002,677.25,677.25,74306200.0
2025-10-27,682.72998,685.53998,682.12,685.23999,685.23999,63257900.0
2025-10-28,687.04999,688.90997,684.83002,687.06,687.06,61665400.0
2025-10-29,688.71997,689.70001,682.87,687.39001,687.39001,85657100.0
2025-10-30,683.90002,685.94,679.83002,679.83002,679.83002,76183600.0
2025-10-31,685.03998,685.08002,679.23999,682.06,682.06,87119400.0
2025-11-03,685.66998,685.79999,679.94,683.34003,683.34003,57176600.0
2025-11-04,676.10999,679.96002,674.58002,675.23999,675.23999,78147200.0
2025-11-05,674.97998,680.85999,674.16998,677.58002,677.58002,74149900.0
2025-11-06,676.46997,677.38,668.71997,670.31,670.31,84809500.0
2025-11-07,667.90997,671.08002,661.21002,670.96997,670.96997,100516700.0
2025-11-10,677.23999,682.17999,675.03003,681.44,681.44,75709700.0
2025-11-11,679.95001,683.57001,678.72998,683.0,683.0,58827500.0
2025-11-12,684.78998,684.96002,680.95001,683.38,683.38,62136300.0
2025-11-13,680.5,680.85999,670.52002,672.03998,672.03998,103193400.0
2025-11-14,665.38,675.65997,663.27002,671.92999,671.92999,96733700.0
2025-11-17,669.70001,673.71002,662.16998,665.66998,665.66998,90216000.0
2025-11-18,662.09998,665.12,655.85999,660.08002,660.08002,114293600.0
2025-11-19,660.78003,667.34003,658.75,662.63,662.63,94255800.0
2025-11-20,672.90997,675.56,651.89001,652.53003,652.53003,164875600.0
2025-11-21,655.04999,664.54999,650.84998,659.03003,659.03003,123872700.0
2025-11-24,662.69,670.06,661.59003,668.72998,668.72998,80312200.0
2025-11-25,668.63,676.21002,664.47998,675.02002,675.02002,80945600.0
2025-11-26,677.63,681.70001,676.71997,679.67999,679.67999,71439356.0
2025-11-28,680.85999,683.66998,680.5,683.39001,683.39001,49212000.0
2025-12-01,678.81,682.98999,678.73999,680.27002,680.27002,61115900.0
2025-12-02,681.91998,683.82001,679.33002,681.53003,681.53003,62892400.0
2025-12-03,680.57001,684.90997,679.69,683.89001,683.89001,57180800.0
2025-12-04,685.29999,685.37,681.34003,684.39001,684.39001,61854200.0
2025-12-05,685.46997,688.39001,684.58002,685.69,685.69,79205800.0
2025-12-08,686.59003,686.64001,681.57001,683.63,683.63,54664100.0
2025-12-09,683.15002,685.39001,682.59003,683.03998,683.03998,58193000.0
2025-12-10,682.56,688.96997,681.31,687.57001,687.57001,85393700.0
2025-12-11,685.14001,689.25,682.16998,689.16998,689.16998,86072400.0
2025-12-12,688.16998,688.88,679.17438,681.76001,681.76001,110875537.0
2025-12-15,685.73999,685.76001,679.25,680.72998,680.72998,90667700.0
2025-12-16,679.22998,681.08002,674.97998,678.87,678.87,121890700.0
2025-12-17,679.89001,680.44,671.20001,671.40002,671.40002,109356100.0
2025-12-18,677.59998,680.73999,674.90002,676.46997,676.46997,108364200.0
2025-12-19,676.59003,681.09003,676.46997,680.59003,680.59003,103506100.0
2025-12-22,683.94,685.35999,680.59003,684.83002,684.83002,69475300.0
2025-12-23,683.91998,688.20001,683.87,687.96002,687.96002,64769000.0
2025-12-24,687.95001,690.83002,687.79999,690.38,690.38,39445560.0
2025-12-26,690.64001,691.65997,689.27002,690.31,690.31,41588400.0
2025-12-29,687.53998,689.20001,686.07001,687.84998,687.84998,62509300.0
2025-12-30,687.45001,688.56,686.58002,687.01001,687.01001,47078600.0
2025-12-31,687.14001,687.35999,681.71002,681.91998,681.91998,72009907.0
2026-01-02,685.71002,686.87,679.82001,683.16998,683.16998,89310400.0
2026-01-05,686.53998,689.42999,686.38,687.71997,687.71997,71803800.0
2026-01-06,687.92999,692.32001,687.78003,691.81,691.81,69171600.0
2026-01-07,692.19,693.96002,689.32001,689.58002,689.58002,75531500.0
2026-01-08,688.82001,690.62,687.48999,689.51001,689.51001,63895800.0
2026-01-09,690.63,695.31,689.17999,694.07001,694.07001,80049600.0
2026-01-12,690.67999,696.09003,690.63,695.15997,695.15997,63863300.0
2026-01-13,695.48999,696.09003,691.34998,693.77002,693.77002,78238900.0
2026-01-14,691.0,691.71997,686.03998,690.35999,690.35999,94544300.0
2026-01-15,694.57001,695.45001,691.25,692.23999,692.23999,77777000.0
2026-01-16,693.65997,694.25,690.09998,691.65997,691.65997,70483132.0
2026-01-20,681.48999,684.77002,676.57001,677.58002,677.58002,111394100.0
2026-01-21,679.65002,688.73999,678.13,685.40002,685.40002,127756400.0
2026-01-22,689.84998,691.13,686.91998,688.97998,688.97998,76888700.0
2026-01-23,688.15002,690.96002,687.15997,689.22998,689.22998,63016300.0
2026-01-26,690.48999,694.13,689.91998,692.72998,692.72998,60400200.0
2026-01-27,694.17999,696.53003,693.57001,695.48999,695.48999,55401200.0
2026-01-28,697.04999,697.84003,693.94,695.41998,695.41998,60827800.0
2026-01-29,696.39001,697.06,684.83002,694.03998,694.03998,97338600.0
2026-01-30,691.78998,694.21002,687.12,691.96997,691.96997,101750300.0
2026-02-02,689.58002,696.92999,689.41998,695.40997,695.40997,79163700.0
2026-02-03,696.21002,696.96002,684.03003,689.53003,689.53003,107782300.0
2026-02-04,690.34998,691.45001,681.76001,686.19,686.19,105040300.0
2026-02-05,680.94,683.69,675.78998,677.62,677.62,113140100.0
2026-02-06,681.46002,692.31,680.84998,690.62,690.62,88754500.0
2026-02-09,689.41998,695.87,688.34003,693.95001,693.95001,73570500.0
2026-02-10,694.95001,696.53998,691.65997,692.12,692.12,64943900.0
2026-02-11,696.39001,697.14001,689.17999,691.96002,691.96002,76236200.0
2026-02-12,694.23999,695.34998,680.37,681.27002,681.27002,118276500.0
2026-02-13,681.69,686.27991,677.52002,681.75,681.75,85847750.0
2026-02-17,680.14001,684.94,675.78003,682.84998,682.84998,81244100.0
2026-02-18,684.02002,689.15002,682.83002,686.28998,686.28998,73434200.0
2026-02-19,683.84003,686.17999,681.54999,684.47998,684.47998,58530500.0
2026-02-20,682.32001,690.06,681.72998,689.42999,689.42999,99952100.0
2026-02-23,687.83002,690.0,680.37,682.39001,682.39001,90421900.0
2026-02-24,681.90002,688.34998,680.0,687.34998,687.34998,73717500.0
2026-02-25,690.17999,693.67999,690.09998,693.15002,693.15002,56153200.0
2026-02-26,693.28003,693.29999,684.34998,689.29999,689.29999,71311200.0
2026-02-27,683.09003,686.85999,681.64001,685.98999,685.98999,83105100.0
2026-03-02,678.70001,688.62,678.02002,686.38,686.38,87245200.0
2026-03-03,675.06,682.60999,669.65997,680.33002,680.33002,104737700.0
2026-03-04,681.63,687.09003,679.62,685.13,685.13,79182200.0
2026-03-05,682.08002,685.53003,675.60999,681.31,681.31,106241400.0
2026-03-06,673.40997,676.10999,669.76001,672.38,672.38,100509800.0
2026-03-09,666.39001,679.91998,662.39001,678.27002,678.27002,102334700.0
2026-03-10,677.71997,683.35999,674.76001,677.17999,677.17999,81381400.0
2026-03-11,677.58002,680.08002,673.34003,676.33002,676.33002,67758700.0
2026-03-12,671.15997,671.65002,665.87,666.06,666.06,107906562.0
2026-03-13,669.27002,672.33502,661.35999,662.28998,662.28998,83073510.0
2026-03-16,668.38,672.07001,667.12,669.03003,669.03003,81253874.0
2026-03-17,672.39001,674.44,669.84998,670.78998,670.78998,64870042.0
2026-03-18,668.35999,669.71997,661.22998,661.42999,661.42999,80910028.0
2026-03-19,656.96997,662.97998,655.16998,659.79999,659.79999,110067392.0
2026-03-20,656.51001,656.69,644.71997,648.57001,648.57001,138283514.0
2026-03-23,658.07001,662.61499,653.94,655.38,655.38,125203779.0
2026-03-24,651.32001,657.02002,649.88,653.17999,653.17999,95310078.0
2026-03-25,658.66998,660.89001,654.23999,656.82001,656.82001,86252891.0
2026-03-26,652.06,654.84998,644.82001,645.09003,645.09003,96353600.0
2026-03-27,642.5,642.65997,633.10999,634.09003,634.09003,102725900.0
2026-03-30,640.10999,640.37,629.28003,631.96997,631.96997,99080400.0
2026-03-31,638.94,651.53998,637.97998,650.34003,650.34003,152197200.0
2026-04-01,653.90002,658.52002,653.0,655.23999,655.23999,97734200.0
2026-04-02,646.41998,657.91998,645.10999,655.83002,655.83002,67984061.0
2026-04-06,655.85999,659.71997,655.52002,658.92999,658.92999,38994200.0
2026-04-07,656.65002,659.60999,651.06,659.21997,659.21997,65209600.0
2026-04-08,676.39001,677.08002,671.46002,676.01001,676.01001,93333700.0
2026-04-09,674.84003,681.15997,673.77002,679.90997,679.90997,56969200.0
2026-04-10,681.32001,682.03003,678.45001,679.46002,679.46002,41916700.0
2026-04-13,677.40997,686.29999,676.58002,686.09998,686.09998,54083800.0
2026-04-14,687.69,694.58002,687.65997,694.46002,694.46002,63310200.0
2026-04-15,695.26001,700.28003,694.20001,699.94,699.94,58138100.0
2026-04-16,701.06,702.78003,698.53003,701.65997,701.65997,49873200.0
2026-04-17,706.14001,712.39001,705.76001,710.14001,710.14001,70538900.0
2026-04-20,708.78003,709.90997,706.14001,708.71997,708.71997,43484600.0
2026-04-21,710.28003,711.28003,702.64001,704.08002,704.08002,58571700.0
2026-04-22,709.15002,711.45001,708.21997,711.21002,711.21002,42473500.0
2026-04-23,709.5,712.35999,702.28003,708.45001,708.45001,56047300.0
2026-04-24,710.75,714.46997,709.01001,713.94,713.94,45123600.0
2026-04-27,713.16998,715.63,712.29999,715.16998,715.16998,33060400.0
2026-04-28,711.82001,712.88,709.25,711.69,711.69,43066700.0
2026-04-29,711.0,712.20001,708.37,711.58002,711.58002,41042300.0
2026-04-30,714.63,719.78998,710.45001,718.65997,718.65997,67093100.0
2026-05-01,721.25,724.87,720.46997,720.65002,720.65002,42888700.0
2026-05-04,720.07001,722.12,714.98999,718.01001,718.01001,51881100.0
2026-05-05,721.77002,725.03998,721.48999,723.77002,723.77002,36643400.0
2026-05-06,728.15997,734.59003,727.82001,733.83002,733.83002,53209000.0
