Date,Open,High,Low,Close,Adj Close,Volume
2009-06-25,1.12625,1.21042,1.12625,1.20556,1.17308,2577600.0
2009-06-26,1.19528,1.21306,1.17736,1.19931,1.167,13104000.0
2009-06-29,1.20833,1.23611,1.19139,1.23333,1.20011,8690400.0
2009-06-30,1.23333,1.2433299999999998,1.17639,1.20389,1.17146,17128800.0
2009-07-01,1.2184700000000002,1.25292,1.21361,1.21681,1.18403,12038400.0
2009-07-02,1.16931,1.16986,1.11597,1.11639,1.0863200000000002,29275200.0
2009-07-06,1.08556,1.12069,1.07431,1.11944,1.08929,22572000.0
2009-07-07,1.11403,1.11681,1.04972,1.04972,1.02145,29016000.0
2009-07-08,1.07014,1.07653,1.01389,1.0509700000000002,1.02266,49824000.0
2009-07-09,1.06944,1.08167,1.04625,1.0575,1.02902,45892800.0
2009-07-10,1.03861,1.06569,1.02639,1.04736,1.01915,51199200.0
2009-07-13,1.06,1.12569,1.035,1.12389,1.09362,43675200.0
2009-07-14,1.1352799999999998,1.14694,1.11028,1.14694,1.11605,38700000.0
2009-07-15,1.18903,1.25236,1.18444,1.245,1.21147,36921600.0
2009-07-16,1.2325,1.2925,1.22625,1.27833,1.2439,46396800.0
2009-07-17,1.2745799999999998,1.28472,1.25403,1.27611,1.24174,27374400.0
2009-07-20,1.30194,1.32514,1.28125,1.31486,1.27945,37195200.0
2009-07-21,1.34889,1.35125,1.28917,1.33667,1.30066,45237600.0
2009-07-22,1.31083,1.35958,1.30861,1.33417,1.29823,37634400.0
2009-07-23,1.33819,1.44167,1.3370799999999998,1.42278,1.38446,55022400.0
2009-07-24,1.4,1.44403,1.38153,1.44139,1.40257,60127200.0
2009-07-27,1.43694,1.45667,1.41069,1.45361,1.41446,44935200.0
2009-07-28,1.42403,1.455,1.39764,1.44125,1.4024299999999998,46476000.0
2009-07-29,1.41361,1.43556,1.39417,1.42208,1.38378,55908000.0
2009-07-30,1.47653,1.51764,1.46486,1.46653,1.42703,55886400.0
2009-07-31,1.46806,1.50361,1.45486,1.47083,1.4312200000000002,54871200.0
2009-08-03,1.52292,1.55042,1.49694,1.54486,1.50325,39600000.0
2009-08-04,1.52597,1.56528,1.51694,1.55972,1.51771,34984800.0
2009-08-05,1.56347,1.5658299999999998,1.50681,1.54861,1.5069,62568000.0
2009-08-06,1.56792,1.57264,1.5,1.51958,1.47865,69249600.0
2009-08-07,1.57014,1.61847,1.54431,1.57986,1.53731,44042400.0
2009-08-10,1.55944,1.58139,1.53819,1.56889,1.52663,46512000.0
2009-08-11,1.55069,1.5525,1.5,1.50917,1.46852,48729600.0
2009-08-12,1.50292,1.59486,1.50292,1.56167,1.5196,71791200.0
2009-08-13,1.58333,1.59847,1.53736,1.59694,1.55393,100713600.0
2009-08-14,1.59819,1.59819,1.50819,1.55875,1.5167700000000002,72115200.0
2009-08-17,1.46958,1.47264,1.43583,1.44292,1.40405,84139200.0
2009-08-18,1.45569,1.4933299999999998,1.44639,1.4825,1.44257,53431200.0
2009-08-19,1.44292,1.53181,1.44069,1.51653,1.47568,61682400.0
2009-08-20,1.52028,1.57431,1.51389,1.56611,1.52393,51573600.0
2009-08-21,1.60264,1.66403,1.5940299999999998,1.6536099999999998,1.60907,61516800.0
2009-08-24,1.67569,1.70333,1.6383299999999998,1.65333,1.6088,60307200.0
2009-08-25,1.6761099999999998,1.7130599999999998,1.65514,1.66431,1.61948,85644000.0
2009-08-26,1.64986,1.68875,1.63444,1.66389,1.61907,83944800.0
2009-08-27,1.6606900000000002,1.6925,1.60736,1.67931,1.63407,111304800.0
2009-08-28,1.71764,1.7230599999999998,1.64153,1.67333,1.62826,84880800.0
2009-08-31,1.62569,1.63542,1.60069,1.63222,1.58826,103269600.0
2009-09-01,1.60806,1.66667,1.5133299999999998,1.52069,1.47973,137505600.0
2009-09-02,1.50361,1.53319,1.49375,1.50625,1.46568,67384800.0
2009-09-03,1.53083,1.54778,1.49556,1.53958,1.49811,53100000.0
2009-09-04,1.55153,1.60833,1.53847,1.60694,1.56366,63266400.0
2009-09-08,1.65375,1.65444,1.62333,1.64917,1.60475,63734400.0
2009-09-09,1.65847,1.70403,1.64306,1.68792,1.64245,54424800.0
2009-09-10,1.68931,1.74194,1.6631900000000002,1.73931,1.69246,64742400.0
2009-09-11,1.74833,1.76417,1.71389,1.73681,1.69003,66132000.0
2009-09-14,1.6931900000000002,1.77181,1.6931900000000002,1.7661099999999998,1.7185400000000002,56160000.0
2009-09-15,1.77306,1.80542,1.73778,1.78625,1.7381400000000002,76881600.0
2009-09-16,1.80375,1.86708,1.78639,1.86556,1.81531,71560800.0
2009-09-17,1.86069,1.905,1.82806,1.85667,1.80666,96328800.0
2009-09-18,1.88333,1.88375,1.84514,1.86208,1.81193,87868800.0
2009-09-21,1.81819,1.86083,1.80722,1.84639,1.79666,58125600.0
2009-09-22,1.88083,1.89458,1.85556,1.88111,1.83044,56448000.0
2009-09-23,1.89389,1.92917,1.82306,1.83069,1.78138,108964800.0
2009-09-24,1.84458,1.85458,1.74792,1.77069,1.72382,98856000.0
2009-09-25,1.75875,1.78708,1.7244400000000002,1.74347,1.6973200000000002,92296800.0
2009-09-28,1.76181,1.84722,1.76181,1.83431,1.78575,62006400.0
2009-09-29,1.84653,1.87167,1.80792,1.82389,1.77561,75484800.0
2009-09-30,1.84014,1.84194,1.7486099999999998,1.7998599999999998,1.75222,139968000.0
2009-10-01,1.78667,1.78667,1.66333,1.66375,1.61971,97999200.0
2009-10-02,1.61681,1.6695799999999998,1.61625,1.64528,1.60173,89899200.0
2009-10-05,1.66042,1.72792,1.64542,1.71403,1.6686599999999998,49507200.0
2009-10-06,1.7513900000000002,1.81667,1.74958,1.78944,1.74208,73785600.0
2009-10-07,1.77486,1.80819,1.76639,1.80319,1.7554599999999998,55281600.0
2009-10-08,1.84292,1.87181,1.82042,1.84681,1.79792,74073600.0
2009-10-09,1.84597,1.87681,1.83194,1.87639,1.82672,33156000.0
2009-10-12,1.90514,1.92014,1.87833,1.90056,1.85025,29340000.0
2009-10-13,1.88347,1.89736,1.85042,1.89042,1.84038,68198400.0
2009-10-14,1.95361,1.99097,1.92944,1.98653,1.93395,78012000.0
2009-10-15,1.95722,2.00569,1.95333,2.00444,1.95139,90856800.0
2009-10-16,1.95736,1.98139,1.92486,1.96153,1.90961,91382400.0
2009-10-19,1.97083,2.02778,1.95375,2.01,1.9568,77212800.0
2009-10-20,2.01972,2.01972,1.94875,1.98014,1.92773,87177600.0
2009-10-21,1.96611,2.0363900000000004,1.92042,1.92597,1.87499,77695200.0
2009-10-22,1.92222,2.0,1.88472,1.98097,1.92854,75686400.0
2009-10-23,2.00292,2.00431,1.89,1.91514,1.86445,115192800.0
2009-10-26,1.91986,1.97875,1.83569,1.84764,1.79873,88538400.0
2009-10-27,1.85903,1.87625,1.81347,1.82514,1.77683,97394400.0
2009-10-28,1.81194,1.82681,1.71875,1.72278,1.67718,97768800.0
2009-10-29,1.75903,1.84278,1.74944,1.83208,1.7835900000000002,112082400.0
2009-10-30,1.81903,1.83056,1.66708,1.67569,1.63134,218232000.0
2009-11-02,1.70028,1.7630599999999998,1.6495799999999998,1.70972,1.66447,200491200.0
2009-11-03,1.6805599999999998,1.73347,1.67264,1.72653,1.6808299999999998,151660800.0
2009-11-04,1.76944,1.80917,1.72694,1.7356900000000002,1.68975,156412800.0
2009-11-05,1.77528,1.83625,1.7661099999999998,1.83417,1.78562,77932800.0
2009-11-06,1.80181,1.86403,1.7943099999999998,1.85208,1.80306,125359200.0
2009-11-09,1.89472,1.97694,1.88889,1.97639,1.92408,78343200.0
2009-11-10,1.96278,1.99583,1.94431,1.97472,1.92245,128397600.0
2009-11-11,2.01583,2.04389,1.97917,2.0076400000000003,1.9545,155808000.0
2009-11-12,1.99917,2.03097,1.93097,1.94375,1.8923,165405600.0
2009-11-13,1.96181,2.00292,1.93208,1.97917,1.92678,70128000.0
2009-11-16,2.01931,2.08986,2.01569,2.06375,2.00912,96984000.0
2009-11-17,2.04875,2.07292,2.02528,2.07125,2.01642,76082400.0
2009-11-18,2.0672200000000003,2.07611,2.02903,2.06847,2.01372,75031200.0
2009-11-19,2.02528,2.02736,1.94861,1.98722,1.93462,76024800.0
2009-11-20,1.95556,1.98236,1.94194,1.96958,1.91745,58572000.0
2009-11-23,2.03556,2.08361,2.02806,2.04264,1.98857,78148800.0
2009-11-24,2.04833,2.05681,1.99903,2.04792,1.99371,88812000.0
2009-11-25,2.05778,2.07708,2.0388900000000003,2.06903,2.01426,62359200.0
2009-11-27,1.90181,2.0101400000000003,1.89681,1.96903,1.91691,68860800.0
2009-11-30,1.96278,1.99931,1.93889,1.99056,1.93787,116668800.0
2009-12-01,2.04361,2.0825,2.03167,2.05597,2.00155,83836800.0
2009-12-02,2.06181,2.10208,2.0413900000000003,2.06181,2.00723,101016000.0
2009-12-03,2.07653,2.11111,2.00611,2.01264,1.95937,102844800.0
2009-12-04,2.09181,2.12,1.99208,2.0444400000000003,1.99033,165535200.0
2009-12-07,2.04,2.07347,2.01722,2.035,1.98114,75657600.0
2009-12-08,1.99514,2.00278,1.95028,1.97083,1.91867,80539200.0
2009-12-09,1.96611,1.99819,1.93639,1.98778,1.93516,91771200.0
2009-12-10,2.02639,2.04861,2.01347,2.02236,1.96883,71726400.0
2009-12-11,2.05236,2.06292,2.02167,2.05222,1.9979,125503200.0
2009-12-14,2.09167,2.09792,2.06361,2.09069,2.03535,74368800.0
2009-12-15,2.06778,2.09389,2.04264,2.06014,2.00561,85053600.0
2009-12-16,2.08875,2.10569,2.05792,2.06944,2.01467,103140000.0
2009-12-17,2.0275,2.03833,1.99083,1.99722,1.94436,123537600.0
2009-12-18,2.02819,2.03486,1.97917,2.02875,1.97505,98236800.0
2009-12-21,2.06083,2.11153,2.06083,2.08792,2.03265,96631200.0
2009-12-22,2.105,2.12736,2.09722,2.11278,2.05685,44827200.0
2009-12-23,2.12986,2.1331900000000004,2.09972,2.12597,2.07103,41803200.0
2009-12-24,2.13944,2.16111,2.13861,2.15931,2.10351,21254400.0
2009-12-28,2.18611,2.18611,2.14583,2.17361,2.11744,39225600.0
2009-12-29,2.1875,2.1875,2.1579200000000003,2.15931,2.10351,39398400.0
2009-12-30,2.13972,2.1625,2.13611,2.1526400000000003,2.09701,30492000.0
2009-12-31,2.17042,2.17083,2.09236,2.0926400000000003,2.03856,27072000.0
2010-01-04,2.14708,2.20292,2.14597,2.19792,2.14112,102592800.0
2010-01-05,2.19681,2.2204200000000003,2.17431,2.21681,2.15952,108986400.0
2010-01-06,2.21014,2.23681,2.20528,2.22319,2.16574,107920800.0
2010-01-07,2.20986,2.25694,2.19111,2.25028,2.19213,76939200.0
2010-01-08,2.23083,2.27444,2.21847,2.27222,2.2135,89388000.0
2010-01-11,2.30264,2.30528,2.25264,2.28028,2.22135,105076800.0
2010-01-12,2.23667,2.25056,2.19194,2.21833,2.16101,88200000.0
2010-01-13,2.2347200000000003,2.29236,2.20097,2.27486,2.21607,118764000.0
2010-01-14,2.26486,2.30417,2.26222,2.29181,2.23258,94356000.0
2010-01-15,2.28153,2.285,2.1891700000000003,2.21583,2.15857,183794400.0
2010-01-19,2.21167,2.31264,2.21125,2.29889,2.23948,101340000.0
2010-01-20,2.25097,2.25208,2.17347,2.22931,2.1717,150494400.0
2010-01-21,2.22806,2.24917,2.09097,2.09875,2.04451,237016800.0
2010-01-22,2.07236,2.09431,1.95361,1.96264,1.91192,253692000.0
2010-01-25,2.01333,2.02208,1.97056,1.98681,1.93546,90705600.0
2010-01-26,1.965,2.02556,1.94875,1.96181,1.91111,100224000.0
2010-01-27,1.95708,2.00278,1.91042,1.99111,1.93966,132120000.0
2010-01-28,2.01111,2.0125,1.88694,1.92139,1.87174,116942400.0
2010-01-29,1.94681,1.98611,1.84958,1.85847,1.81045,104724000.0
2010-02-01,1.89958,1.94625,1.89486,1.94542,1.89514,91778400.0
2010-02-02,1.95764,2.02875,1.93694,2.0175,1.96536,88898400.0
2010-02-03,1.99028,2.01931,1.96931,1.9875,1.93614,71056800.0
2010-02-04,1.94028,1.94264,1.80125,1.80514,1.75849,222825600.0
2010-02-05,1.80847,1.82472,1.70764,1.81556,1.7686400000000002,253101600.0
2010-02-08,1.81722,1.84722,1.76944,1.77653,1.73062,132141600.0
2010-02-09,1.83639,1.88694,1.7925,1.84069,1.79313,193636800.0
2010-02-10,1.83333,1.86083,1.78319,1.83056,1.78325,125510400.0
2010-02-11,1.82208,1.89306,1.7911099999999998,1.88542,1.83669,110772000.0
2010-02-12,1.82694,1.88347,1.8025,1.88028,1.83169,133977600.0
2010-02-16,1.92583,1.97722,1.90153,1.97014,1.91923,102261600.0
2010-02-17,1.99958,2.00708,1.97194,1.99764,1.94602,101095200.0
2010-02-18,1.98917,2.04625,1.98722,2.03542,1.98282,98856000.0
2010-02-19,2.0194400000000003,2.0701400000000003,2.00361,2.04875,1.99581,82656000.0
2010-02-22,2.06944,2.07042,2.03028,2.04542,1.99256,112665600.0
2010-02-23,2.03,2.04958,1.9575,1.97181,1.92085,90252000.0
2010-02-24,1.98917,2.03556,1.97556,2.02722,1.97483,99050400.0
2010-02-25,1.93944,2.02222,1.92333,2.02042,1.96821,88531200.0
2010-02-26,2.02361,2.0425,1.98833,2.02458,1.97226,75477600.0
2010-03-01,2.04708,2.09222,2.04653,2.08556,2.03166,72648000.0
2010-03-02,2.11278,2.1331900000000004,2.09236,2.1,2.04573,93420000.0
2010-03-03,2.12097,2.14583,2.09375,2.10833,2.05385,94730400.0
2010-03-04,2.11736,2.13667,2.09347,2.1269400000000003,2.07198,74052000.0
2010-03-05,2.17125,2.22403,2.15389,2.21944,2.16209,75679200.0
2010-03-08,2.2206900000000003,2.23528,2.20986,2.21917,2.16182,57024000.0
2010-03-09,2.19681,2.26208,2.19681,2.23028,2.1726400000000003,81633600.0
2010-03-10,2.23403,2.27792,2.22917,2.26056,2.20214,89546400.0
2010-03-11,2.24542,2.29042,2.2238900000000004,2.28972,2.23055,92678400.0
2010-03-12,2.31903,2.31917,2.27222,2.28806,2.22893,71625600.0
2010-03-15,2.27792,2.29708,2.23889,2.29181,2.23258,71884800.0
2010-03-16,2.31014,2.35264,2.2925,2.34653,2.28589,97365600.0
2010-03-17,2.36625,2.41083,2.36458,2.38681,2.32513,54525600.0
2010-03-18,2.38708,2.39875,2.35639,2.38486,2.32323,70473600.0
2010-03-19,2.34611,2.40847,2.32028,2.34611,2.28548,103147200.0
2010-03-22,2.30833,2.39806,2.30389,2.38431,2.32269,67068000.0
2010-03-23,2.39639,2.44125,2.37306,2.43681,2.37383,73396800.0
2010-03-24,2.40694,2.42944,2.38361,2.40083,2.33964,85197600.0
2010-03-25,2.44917,2.47722,2.37861,2.38667,2.3258400000000004,77551200.0
2010-03-26,2.40111,2.43583,2.35569,2.3879200000000003,2.32706,93888000.0
2010-03-29,2.42056,2.44153,2.40708,2.42889,2.36699,54604800.0
2010-03-30,2.43681,2.45917,2.40278,2.43319,2.37118,76132800.0
2010-03-31,2.40375,2.44,2.38375,2.40639,2.34506,97776000.0
2010-04-01,2.45986,2.48278,2.41472,2.4575,2.39487,57888000.0
2010-04-05,2.48653,2.5219400000000003,2.46528,2.51542,2.45131,83304000.0
2010-04-06,2.49722,2.54833,2.48917,2.53375,2.46917,51912000.0
2010-04-07,2.52069,2.5375,2.45722,2.49361,2.43006,147052800.0
2010-04-08,2.46097,2.52931,2.44347,2.51542,2.45131,121665600.0
2010-04-09,2.53361,2.56972,2.52,2.56514,2.49976,107841600.0
2010-04-12,2.57681,2.59778,2.56708,2.57958,2.51384,115812000.0
2010-04-13,2.56944,2.59722,2.53167,2.58764,2.52169,92160000.0
2010-04-14,2.61403,2.6725,2.60069,2.67056,2.60249,104803200.0
2010-04-15,2.65764,2.6951400000000003,2.65722,2.68083,2.61251,100440000.0
2010-04-16,2.65222,2.66514,2.51181,2.55278,2.48772,197308800.0
2010-04-19,2.52778,2.58583,2.49319,2.57667,2.511,161107200.0
2010-04-20,2.62875,2.65417,2.60361,2.64681,2.57935,77184000.0
2010-04-21,2.65375,2.67083,2.59111,2.63208,2.565,111247200.0
2010-04-22,2.57764,2.66667,2.53306,2.65639,2.58869,105069600.0
2010-04-23,2.65194,2.71125,2.63139,2.70875,2.63971,96012000.0
2010-04-26,2.71319,2.73097,2.67167,2.67708,2.60885,78444000.0
2010-04-27,2.6325,2.67333,2.47458,2.4875,2.4241,154764000.0
2010-04-28,2.52569,2.56472,2.47708,2.54111,2.47635,176184000.0
2010-04-29,2.59222,2.6556900000000003,2.58917,2.63847,2.57123,79070400.0
2010-04-30,2.64181,2.65083,2.50361,2.50458,2.44075,95918400.0
2010-05-03,2.54278,2.62361,2.5301400000000003,2.60514,2.53874,89179200.0
2010-05-04,2.51458,2.51569,2.38153,2.41708,2.35548,137937600.0
2010-05-05,2.35569,2.43583,2.32514,2.37681,2.31623,123739200.0
2010-05-06,2.34597,2.385,1.49236,2.14,2.08546,198439200.0
2010-05-07,2.12236,2.18514,1.94778,2.04569,1.99356,148730400.0
2010-05-10,2.2944400000000003,2.33986,2.24417,2.31097,2.25207,184773600.0
2010-05-11,2.24583,2.38458,2.23958,2.29097,2.23258,108302400.0
2010-05-12,2.32208,2.39722,2.30917,2.3881900000000003,2.32733,91735200.0
2010-05-13,2.37347,2.40278,2.29361,2.29931,2.24071,71352000.0
2010-05-14,2.2494400000000003,2.25972,2.1131900000000003,2.1751400000000003,2.1197,127929600.0
2010-05-17,2.19319,2.21014,2.0531900000000003,2.1775,2.122,124430400.0
2010-05-18,2.23042,2.25042,2.06625,2.09069,2.03741,116820000.0
2010-05-19,2.05292,2.10931,1.97514,2.05347,2.0011400000000004,139168800.0
2010-05-20,1.92181,1.94778,1.81653,1.81806,1.7717200000000002,212227200.0
2010-05-21,1.73597,1.91278,1.72361,1.88417,1.83615,175809600.0
2010-05-24,1.86542,1.91278,1.82056,1.82583,1.7793,134128800.0
2010-05-25,1.6925,1.83292,1.6565299999999998,1.83194,1.78525,173707200.0
2010-05-26,1.86583,1.91514,1.78125,1.79403,1.7483,179906400.0
2010-05-27,1.90111,1.98,1.87861,1.97792,1.92751,153000000.0
2010-05-28,1.97028,1.97333,1.87639,1.89972,1.8513,154310400.0
2010-06-01,1.84778,1.93319,1.7994400000000002,1.80819,1.7621099999999998,171172800.0
2010-06-02,1.83625,1.94875,1.81194,1.94653,1.89692,147067200.0
2010-06-03,1.96778,1.98667,1.90958,1.96667,1.91654,136720800.0
2010-06-04,1.85806,1.89417,1.74208,1.76903,1.7239400000000002,209260800.0
2010-06-07,1.78,1.79931,1.69097,1.69583,1.65261,168768000.0
2010-06-08,1.69917,1.75917,1.65472,1.745,1.70053,173419200.0
2010-06-09,1.7826400000000002,1.83056,1.7018099999999998,1.7186099999999995,1.67481,208231200.0
2010-06-10,1.80736,1.87778,1.80028,1.87347,1.82572,134640000.0
2010-06-11,1.82278,1.90264,1.81861,1.89806,1.84968,158551200.0
2010-06-14,1.94361,1.97375,1.88431,1.89194,1.84373,236232000.0
2010-06-15,1.93069,2.02417,1.92042,2.01778,1.96635,143294400.0
2010-06-16,1.99056,2.04153,1.97611,2.0159700000000003,1.96459,187761600.0
2010-06-17,2.03431,2.03736,1.96806,2.02556,1.97393,248169600.0
2010-06-18,2.03833,2.05514,2.01361,2.03181,1.98002,130492800.0
2010-06-21,2.10861,2.1131900000000003,1.98194,2.01194,1.96067,141696000.0
2010-06-22,2.01444,2.03917,1.90542,1.9125,1.86601,198057600.0
2010-06-23,1.91667,1.93667,1.85556,1.89444,1.84839,169740000.0
2010-06-24,1.86653,1.87403,1.78653,1.8011099999999998,1.7573299999999998,242352000.0
2010-06-25,1.81653,1.85028,1.76778,1.83556,1.7909400000000002,186148800.0
2010-06-28,1.83097,1.84542,1.78611,1.80361,1.75977,131824800.0
2010-06-29,1.7302799999999998,1.73125,1.60639,1.6394400000000002,1.59959,249472800.0
2010-06-30,1.62444,1.6695799999999998,1.575,1.58278,1.5443,158832000.0
2010-07-01,1.58764,1.60306,1.49431,1.57264,1.53441,290347200.0
2010-07-02,1.58694,1.59944,1.51708,1.54528,1.5077200000000002,142315200.0
2010-07-06,1.60861,1.6418099999999998,1.52931,1.5740299999999998,1.53577,167292000.0
2010-07-07,1.58528,1.72792,1.58056,1.7226400000000002,1.68077,159890400.0
2010-07-08,1.76361,1.77958,1.71278,1.77319,1.73009,136944000.0
2010-07-09,1.77403,1.81292,1.76194,1.81153,1.7674900000000002,72424800.0
2010-07-12,1.79403,1.82667,1.77222,1.81681,1.7726400000000002,66196800.0
2010-07-13,1.87375,1.92028,1.86306,1.89917,1.853,123415200.0
2010-07-14,1.88194,1.91986,1.85847,1.89847,1.85232,72554400.0
2010-07-15,1.89764,1.91833,1.82139,1.89986,1.85368,98020800.0
2010-07-16,1.86653,1.87181,1.7313900000000002,1.74278,1.70042,149608800.0
2010-07-19,1.7625,1.78931,1.72042,1.7751400000000002,1.73199,125013600.0
2010-07-20,1.7025,1.83583,1.7,1.83167,1.7871400000000002,131623200.0
2010-07-21,1.86056,1.86181,1.73792,1.76278,1.71993,156614400.0
2010-07-22,1.82444,1.90167,1.82306,1.87889,1.83322,127382400.0
2010-07-23,1.86944,1.93528,1.85111,1.92722,1.88038,121759200.0
2010-07-26,1.93472,1.99347,1.92111,1.99,1.94163,101412000.0
2010-07-27,2.02181,2.02639,1.9625,1.98611,1.93783,100569600.0
2010-07-28,1.97361,1.99167,1.92889,1.94875,1.90138,80899200.0
2010-07-29,1.98264,1.99889,1.87389,1.91986,1.87319,120808800.0
2010-07-30,1.86111,1.94847,1.85125,1.91792,1.8713,117432000.0
2010-08-02,2.00903,2.0575,1.98486,2.0475,1.99773,74080800.0
2010-08-03,2.03333,2.04889,1.99889,2.01903,1.96995,79581600.0
2010-08-04,2.03583,2.06778,2.015,2.05875,2.00871,81979200.0
2010-08-05,2.02208,2.05569,2.01111,2.05139,2.00152,80798400.0
2010-08-06,1.99194,2.03736,1.94764,2.02597,1.97673,101037600.0
2010-08-09,2.05569,2.07028,2.02431,2.05819,2.00816,48412800.0
2010-08-10,2.00736,2.05903,1.97194,2.02847,1.97916,112435200.0
2010-08-11,1.93056,1.93403,1.85056,1.86111,1.81587,114717600.0
2010-08-12,1.77486,1.84486,1.77292,1.82736,1.7829400000000002,77479200.0
2010-08-13,1.80833,1.84181,1.80278,1.80722,1.7632900000000002,76118400.0
2010-08-16,1.77375,1.82333,1.75278,1.80667,1.76275,89316000.0
2010-08-17,1.85153,1.91222,1.83708,1.86889,1.82346,97149600.0
2010-08-18,1.86986,1.9125,1.83792,1.88194,1.8362,81288000.0
2010-08-19,1.85431,1.86681,1.76167,1.78528,1.74188,151228800.0
2010-08-20,1.7673599999999998,1.77528,1.72806,1.76875,1.72576,103824000.0
2010-08-23,1.7926400000000002,1.81792,1.7433299999999998,1.74514,1.70272,83736000.0
2010-08-24,1.6873599999999995,1.71056,1.6418099999999998,1.6705599999999998,1.62995,126777600.0
2010-08-25,1.6401400000000002,1.70556,1.60917,1.6843099999999998,1.64336,104140800.0
2010-08-26,1.7073599999999998,1.71764,1.63639,1.65139,1.61125,97862400.0
2010-08-27,1.6843099999999998,1.73375,1.60972,1.72917,1.68714,119548800.0
2010-08-30,1.71639,1.7313900000000002,1.65389,1.655,1.61477,95306400.0
2010-08-31,1.63486,1.685,1.61611,1.65972,1.6193799999999998,132163200.0
2010-09-01,1.72292,1.80931,1.7188900000000005,1.80319,1.7593599999999998,104781600.0
2010-09-02,1.81694,1.85361,1.80528,1.85361,1.80855,74505600.0
2010-09-03,1.90903,1.93028,1.87806,1.92403,1.87726,100036800.0
2010-09-07,1.89764,1.90458,1.85611,1.86278,1.8175,83548800.0
2010-09-08,1.87083,1.92097,1.86847,1.89903,1.85287,84024000.0
2010-09-09,1.9625,1.96556,1.91111,1.92569,1.87889,67118400.0
2010-09-10,1.93694,1.96139,1.92361,1.95569,1.90816,58838400.0
2010-09-13,2.01306,2.03208,1.98958,2.0194400000000003,1.97036,75981600.0
2010-09-14,2.00847,2.05,1.98528,2.015,1.96602,74988000.0
2010-09-15,1.99875,2.04611,1.98028,2.04125,1.99163,63849600.0
2010-09-16,2.01931,2.0413900000000003,1.99931,2.0375,1.98797,76989600.0
2010-09-17,2.06778,2.07431,2.02333,2.03903,1.98946,68061600.0
2010-09-20,2.06333,2.14708,2.0472200000000003,2.13597,2.08405,80690400.0
2010-09-21,2.13653,2.16667,2.09222,2.11681,2.06714,155930400.0
2010-09-22,2.11111,2.14347,2.07,2.09,2.04096,93009600.0
2010-09-23,2.03528,2.10097,2.01958,2.03694,1.98915,108410400.0
2010-09-24,2.10528,2.16556,2.09944,2.15903,2.10837,78400800.0
2010-09-27,2.16403,2.17167,2.125,2.13194,2.08192,71712000.0
2010-09-28,2.14042,2.17347,2.07056,2.15444,2.1038900000000003,124761600.0
2010-09-29,2.13722,2.16625,2.11667,2.13861,2.08843,102744000.0
2010-09-30,2.17292,2.21347,2.0926400000000003,2.12167,2.07189,151430400.0
2010-10-01,2.16958,2.17681,2.11056,2.14861,2.0982,74469600.0
2010-10-04,2.13361,2.16208,2.06875,2.10167,2.05236,99756000.0
2010-10-05,2.15958,2.24236,2.15097,2.22625,2.17402,70228800.0
2010-10-06,2.22653,2.24264,2.20028,2.22778,2.17551,75204000.0
2010-10-07,2.25556,2.25556,2.17847,2.21889,2.16683,70156800.0
2010-10-08,2.22931,2.27431,2.2025,2.25389,2.20101,69703200.0
2010-10-11,2.2675,2.27958,2.2381900000000003,2.26139,2.20833,43848000.0
2010-10-12,2.23931,2.30278,2.20264,2.28375,2.23017,101052000.0
2010-10-13,2.32236,2.3725,2.30417,2.33333,2.2785900000000003,74937600.0
2010-10-14,2.32931,2.34028,2.2659700000000003,2.31792,2.26353,97329600.0
2010-10-15,2.35819,2.36042,2.26764,2.32403,2.2695,91850400.0
2010-10-18,2.32681,2.37944,2.29153,2.29153,2.23776,53258400.0
2010-10-19,2.29042,2.33028,2.22125,2.25958,2.20657,107337600.0
2010-10-20,2.27861,2.36236,2.2725,2.33014,2.27547,87055200.0
2010-10-21,2.36333,2.40083,2.29,2.3426400000000003,2.28767,101599200.0
2010-10-22,2.35542,2.36764,2.33681,2.36042,2.30503,51832800.0
2010-10-25,2.40278,2.44125,2.37319,2.37486,2.31914,90208800.0
2010-10-26,2.34083,2.38611,2.3284700000000003,2.37778,2.32199,51638400.0
2010-10-27,2.32944,2.36681,2.29361,2.35944,2.30408,87897600.0
2010-10-28,2.39653,2.4025,2.32583,2.36292,2.30748,67708800.0
2010-10-29,2.35181,2.37833,2.34097,2.36444,2.30897,40420800.0
2010-11-01,2.40333,2.44,2.32792,2.36653,2.311,75859200.0
2010-11-02,2.42,2.4394400000000003,2.40111,2.42028,2.36349,42919200.0
2010-11-03,2.43708,2.45583,2.36,2.45167,2.39414,78602400.0
2010-11-04,2.53236,2.59708,2.52431,2.5925,2.53167,66448800.0
2010-11-05,2.59792,2.6356900000000003,2.5901400000000003,2.6266700000000003,2.56504,69948000.0
2010-11-08,2.59958,2.61944,2.57361,2.61083,2.54957,64987200.0
2010-11-09,2.63042,2.63667,2.52014,2.55194,2.49207,78400800.0
2010-11-10,2.55028,2.58542,2.49264,2.58111,2.52055,96710400.0
2010-11-11,2.51417,2.56403,2.49306,2.54958,2.48976,60667200.0
2010-11-12,2.50069,2.53431,2.42958,2.46056,2.40282,128419200.0
2010-11-15,2.48625,2.51375,2.44861,2.45167,2.39414,63424800.0
2010-11-16,2.40667,2.41806,2.30278,2.33639,2.28157,144237600.0
2010-11-17,2.34069,2.36806,2.31903,2.34,2.2851,65390400.0
2010-11-18,2.4079200000000003,2.4675,2.40778,2.4425,2.38519,56966400.0
2010-11-19,2.43458,2.46528,2.39931,2.46111,2.40337,47980800.0
2010-11-22,2.42736,2.45861,2.37069,2.45736,2.3997,83275200.0
2010-11-23,2.37153,2.38417,2.32417,2.34722,2.29215,119145600.0
2010-11-24,2.39583,2.45458,2.39431,2.44931,2.39184,53625600.0
2010-11-26,2.39014,2.42917,2.375,2.38528,2.32931,31269600.0
2010-11-29,2.35611,2.40889,2.30472,2.39,2.33392,94694400.0
2010-11-30,2.31806,2.39042,2.30792,2.345,2.28998,88574400.0
2010-12-01,2.45208,2.51208,2.45167,2.49694,2.43836,70610400.0
2010-12-02,2.51042,2.60014,2.50708,2.59417,2.5333,56764800.0
2010-12-03,2.56944,2.6238900000000003,2.56569,2.61431,2.55297,54331200.0
2010-12-06,2.60083,2.62458,2.59028,2.60583,2.54469,40816800.0
2010-12-07,2.68111,2.68722,2.60806,2.61,2.54876,82742400.0
2010-12-08,2.62083,2.64583,2.58625,2.63861,2.5767,55425600.0
2010-12-09,2.68306,2.6869400000000003,2.63292,2.67278,2.61007,42372000.0
2010-12-10,2.69542,2.72528,2.66958,2.71861,2.65482,44834400.0
2010-12-13,2.75972,2.76583,2.72139,2.72403,2.66011,52372800.0
2010-12-14,2.73681,2.76667,2.70569,2.73014,2.66608,52286400.0
2010-12-15,2.71583,2.74792,2.68083,2.69194,2.62878,66268800.0
2010-12-16,2.70819,2.745,2.66889,2.73889,2.67463,68493600.0
2010-12-17,2.73264,2.7581900000000004,2.71667,2.75069,2.68615,39232800.0
2010-12-20,2.77222,2.78819,2.72778,2.76431,2.69945,55670400.0
2010-12-21,2.79569,2.825,2.7859700000000003,2.81778,2.75166,39657600.0
2010-12-22,2.82667,2.84972,2.82222,2.84625,2.77947,37598400.0
2010-12-23,2.83736,2.84708,2.81403,2.83333,2.76685,26740800.0
2010-12-27,2.80264,2.84444,2.79597,2.83333,2.76685,18244800.0
2010-12-28,2.85403,2.85611,2.82764,2.84903,2.78218,21477600.0
2010-12-29,2.85806,2.87431,2.855,2.85583,2.78883,19663200.0
2010-12-30,2.84653,2.86625,2.82958,2.84458,2.7778400000000003,30816000.0
2010-12-31,2.82861,2.85208,2.81514,2.84597,2.7792,26402400.0
2011-01-03,2.90681,2.9681900000000003,2.90486,2.92875,2.86003,49917600.0
2011-01-04,2.95167,2.95264,2.87319,2.91958,2.85108,66038400.0
2011-01-05,2.89611,2.9763900000000003,2.89069,2.96903,2.89937,42400800.0
2011-01-06,2.97319,2.98403,2.92889,2.95153,2.88228,51228000.0
2011-01-07,2.96722,2.97986,2.86875,2.93542,2.86654,49204800.0
2011-01-10,2.90139,2.93708,2.87222,2.92611,2.85746,62920800.0
2011-01-11,2.96125,2.97653,2.92292,2.95375,2.88445,63856800.0
2011-01-12,3.01028,3.04486,2.99389,3.03681,2.96555,68270400.0
2011-01-13,3.03736,3.04319,2.99833,3.02694,2.95592,67694400.0
2011-01-14,3.00792,3.08764,3.00222,3.07958,3.00733,67075200.0
2011-01-18,3.07819,3.11028,3.06708,3.10347,3.03065,37785600.0
2011-01-19,3.09653,3.10069,2.98639,3.09986,3.02713,66902400.0
2011-01-20,2.98958,3.02042,2.93306,2.99972,2.9293400000000003,89978400.0
2011-01-21,3.05403,3.07403,3.00889,3.02292,2.9519900000000003,57024000.0
2011-01-24,3.01278,3.08028,3.0106900000000003,3.06986,2.99783,46274400.0
2011-01-25,3.04153,3.07639,2.9994400000000003,3.07389,3.00177,66736800.0
2011-01-26,3.09444,3.13597,3.07875,3.11097,3.03798,59601600.0
2011-01-27,3.11056,3.14722,3.0954200000000003,3.1325,3.059,52632000.0
2011-01-28,3.14569,3.15778,2.95444,2.96708,2.89747,97848000.0
2011-01-31,2.99389,3.04125,2.97056,3.03278,2.96162,50198400.0
2011-02-01,3.08792,3.1956900000000004,3.085,3.1775,3.10295,47196000.0
2011-02-02,3.16069,3.18667,3.15042,3.16,3.08586,41457600.0
2011-02-03,3.14681,3.19653,3.0956900000000003,3.18,3.1053900000000003,37684800.0
2011-02-04,3.18597,3.21417,3.14264,3.21208,3.13672,38253600.0
2011-02-07,3.23181,3.30167,3.23125,3.26986,3.19314,32925600.0
2011-02-08,3.28111,3.31917,3.25333,3.3144400000000003,3.23668,31161600.0
2011-02-09,3.28819,3.31819,3.245,3.29167,3.21443,50392800.0
2011-02-10,3.24042,3.30556,3.22014,3.29639,3.21905,34560000.0
2011-02-11,3.25458,3.36722,3.25458,3.35514,3.27642,42177600.0
2011-02-14,3.3520800000000004,3.3851400000000003,3.3377800000000004,3.37347,3.29432,29714400.0
2011-02-15,3.3456900000000003,3.36306,3.31958,3.34736,3.2688200000000003,36338400.0
2011-02-16,3.37875,3.4208300000000005,3.35931,3.40444,3.32457,49910400.0
2011-02-17,3.37861,3.45139,3.37056,3.44042,3.35969,28634400.0
2011-02-18,3.44708,3.47319,3.42444,3.46167,3.38045,36612000.0
2011-02-22,3.35042,3.40917,3.22542,3.25542,3.17903,68061600.0
2011-02-23,3.24458,3.26972,3.13181,3.20153,3.12641,58190400.0
2011-02-24,3.18125,3.22181,3.095,3.18986,3.11502,208296000.0
2011-02-25,3.22875,3.2920800000000003,3.21875,3.2825,3.20548,27098400.0
2011-02-28,3.3208300000000004,3.35958,3.29042,3.34792,3.26937,30492000.0
2011-03-01,3.3808300000000004,3.3883300000000003,3.18,3.18,3.1053900000000003,58567200.0
2011-03-02,3.16667,3.24417,3.15583,3.19667,3.12166,39844800.0
2011-03-03,3.28875,3.37583,3.28542,3.36167,3.2827900000000003,28646400.0
2011-03-04,3.36167,3.36458,3.225,3.29083,3.21362,40459200.0
2011-03-07,3.3170800000000003,3.3408300000000004,3.16042,3.20708,3.13184,27813600.0
2011-03-08,3.22458,3.3258300000000003,3.18458,3.2920800000000003,3.21484,22785600.0
2011-03-09,3.27333,3.31167,3.2225,3.28125,3.20426,22900800.0
2011-03-10,3.18167,3.18167,3.09,3.0975,3.02482,36660000.0
2011-03-11,3.0625,3.195,3.0625,3.1625,3.0883,29316000.0
2011-03-14,3.09708,3.13667,3.0329200000000003,3.1066700000000003,3.03377,28862400.0
2011-03-15,2.8525,3.05208,2.85,3.0025,2.93205,45237600.0
2011-03-16,2.97292,2.99917,2.76958,2.8325,2.7660400000000003,71006400.0
2011-03-17,2.95167,2.97667,2.89167,2.93708,2.86817,30547200.0
2011-03-18,3.04917,3.05208,2.95833,2.97708,2.90723,30520800.0
2011-03-21,3.08958,3.13125,3.07625,3.11167,3.03866,21225600.0
2011-03-22,3.11375,3.12333,3.07167,3.08167,3.00936,23695200.0
2011-03-23,3.05375,3.13,3.0125,3.10625,3.03337,24724800.0
2011-03-24,3.1625,3.20833,3.10625,3.19375,3.11881,29524800.0
2011-03-25,3.2175,3.26625,3.2,3.22083,3.14526,26227200.0
2011-03-28,3.24875,3.27,3.19917,3.20125,3.1261400000000004,27482400.0
2011-03-29,3.19417,3.26583,3.16208,3.26417,3.18758,22476000.0
2011-03-30,3.3179199999999995,3.3604199999999995,3.3025,3.33125,3.2530900000000003,21813600.0
2011-03-31,3.3233300000000003,3.35,3.30792,3.32125,3.24332,14479200.0
2011-04-01,3.38542,3.40792,3.3370800000000003,3.35875,3.2799400000000003,24182400.0
2011-04-04,3.38375,3.3995800000000003,3.3404199999999995,3.36875,3.28971,18060000.0
2011-04-05,3.34875,3.41292,3.34458,3.36917,3.2901199999999995,22132800.0
2011-04-06,3.41667,3.42417,3.35917,3.39417,3.3145300000000004,21297600.0
2011-04-07,3.3804199999999995,3.42,3.32458,3.37292,3.2937800000000004,31303200.0
2011-04-08,3.415,3.42167,3.29625,3.3425,3.26407,21180000.0
2011-04-11,3.3470800000000005,3.38167,3.28375,3.31042,3.23274,15724800.0
2011-04-12,3.25083,3.26917,3.19583,3.23708,3.16113,31075200.0
2011-04-13,3.2779199999999995,3.285,3.19375,3.2316700000000003,3.15584,21573600.0
2011-04-14,3.17458,3.25292,3.14333,3.23917,3.16317,22857600.0
2011-04-15,3.25458,3.29667,3.22833,3.26625,3.18961,26704800.0
2011-04-18,3.1625,3.18292,3.08542,3.16792,3.0935900000000003,36364800.0
2011-04-19,3.17875,3.21958,3.15417,3.21375,3.13835,15225600.0
2011-04-20,3.3325,3.3695800000000005,3.32542,3.35083,3.27221,29793600.0
2011-04-21,3.39833,3.4029199999999995,3.3525,3.4,3.3202300000000005,16149600.0
2011-04-25,3.39417,3.4029199999999995,3.35542,3.3875,3.3080199999999995,13687200.0
2011-04-26,3.41792,3.49542,3.4120800000000004,3.47667,3.39509,20781600.0
2011-04-27,3.4995800000000004,3.5591699999999995,3.4541699999999995,3.54167,3.45857,22536000.0
2011-04-28,3.51875,3.5904199999999995,3.51875,3.57667,3.49275,19104000.0
2011-04-29,3.58333,3.61333,3.56917,3.61125,3.52652,16896000.0
2011-05-02,3.66667,3.66667,3.56542,3.58417,3.50007,24660000.0
2011-05-03,3.56875,3.58542,3.495,3.5483300000000004,3.4650800000000004,23256000.0
2011-05-04,3.54542,3.54708,3.42958,3.47875,3.39713,26064000.0
2011-05-05,3.41833,3.4858300000000004,3.33625,3.3883300000000003,3.3088300000000004,34504800.0
2011-05-06,3.48417,3.535,3.38792,3.42417,3.34383,31212000.0
2011-05-09,3.4325,3.4945800000000005,3.4108300000000003,3.4720800000000005,3.39062,15364800.0
2011-05-10,3.50292,3.57458,3.48875,3.5591699999999995,3.47566,18667200.0
2011-05-11,3.54125,3.54125,3.39583,3.4420800000000003,3.36132,31363200.0
2011-05-12,3.41542,3.5125,3.36375,3.49208,3.41015,24645600.0
2011-05-13,3.4995800000000004,3.51167,3.37625,3.4075,3.32755,24816000.0
2011-05-16,3.36792,3.4541699999999995,3.3291699999999995,3.34667,3.2681400000000003,19980000.0
2011-05-17,3.3058300000000003,3.35667,3.26458,3.34667,3.2681400000000003,24033600.0
2011-05-18,3.3470800000000005,3.4425,3.3275,3.4370800000000004,3.35644,17476800.0
2011-05-19,3.4654199999999995,3.4833300000000005,3.4029199999999995,3.4595800000000003,3.37841,19845600.0
2011-05-20,3.43,3.44375,3.3575,3.37542,3.29622,24391200.0
2011-05-23,3.25,3.2870800000000004,3.22208,3.25667,3.18026,26400000.0
2011-05-24,3.2870800000000004,3.30667,3.23042,3.25208,3.17578,20001600.0
2011-05-25,3.21083,3.32167,3.20708,3.28125,3.20426,20013600.0
2011-05-26,3.25583,3.34375,3.23625,3.32125,3.24332,29623200.0
2011-05-27,3.3520800000000004,3.39125,3.34125,3.36375,3.2848300000000004,19747200.0
2011-05-31,3.45792,3.46958,3.38917,3.46917,3.38777,23049600.0
2011-06-01,3.43625,3.44458,3.22667,3.24125,3.1652,45136800.0
2011-06-02,3.24167,3.26167,3.16792,3.22333,3.1477,27040800.0
2011-06-03,3.10625,3.20125,3.10375,3.13083,3.05737,33338400.0
2011-06-06,3.1066700000000003,3.12375,3.01708,3.0275,2.95647,26349600.0
2011-06-07,3.07875,3.10083,3.01708,3.02042,2.94955,23354400.0
2011-06-08,3.01,3.03833,2.9675,2.98458,2.91456,32959200.0
2011-06-09,3.00833,3.08833,2.98792,3.0475,2.9760000000000004,19346400.0
2011-06-10,3.00875,3.01917,2.9,2.925,2.85637,49020000.0
2011-06-13,2.94292,2.96625,2.8875,2.93,2.86125,24650400.0
2011-06-14,3.01,3.0725,3.00833,3.04167,2.9703,28005600.0
2011-06-15,2.96458,2.99208,2.85708,2.87958,2.81202,55430400.0
2011-06-16,2.88417,2.94375,2.8325,2.89458,2.82667,42664800.0
2011-06-17,2.98583,2.98583,2.89583,2.92333,2.85474,35431200.0
2011-06-20,2.89542,2.98708,2.89208,2.97167,2.90194,32119200.0
2011-06-21,3.01625,3.10833,3.00333,3.08958,3.01709,34893600.0
2011-06-22,3.0625,3.11583,3.02917,3.03667,2.96542,28471200.0
2011-06-23,2.92667,3.01208,2.85958,3.00875,2.93816,71925600.0
2011-06-24,3.00875,3.0125,2.89125,2.90417,2.83603,48458400.0
2011-06-27,2.9079200000000003,3.01375,2.89375,2.98,2.91008,25560000.0
2011-06-28,3.01458,3.09667,3.005,3.09625,3.0236,23107200.0
2011-06-29,3.13958,3.19083,3.10458,3.17667,3.10213,33981600.0
2011-06-30,3.2075,3.28208,3.1975,3.26542,3.1888,26059200.0
2011-07-01,3.26917,3.42417,3.25292,3.4120800000000004,3.3320199999999995,28293600.0
2011-07-05,3.40125,3.42417,3.37125,3.39833,3.3186,32162400.0
2011-07-06,3.37583,3.42625,3.35,3.41125,3.33121,34516800.0
2011-07-07,3.50708,3.5483300000000004,3.4858300000000004,3.5279199999999995,3.4451400000000003,39525600.0
2011-07-08,3.40417,3.45,3.36708,3.45,3.36905,48180000.0
2011-07-11,3.3183300000000004,3.3525,3.23708,3.26792,3.19124,58828800.0
2011-07-12,3.23792,3.31958,3.21417,3.21917,3.14364,52980000.0
2011-07-13,3.26708,3.35042,3.22708,3.25458,3.17822,37298400.0
2011-07-14,3.27667,3.31875,3.16417,3.18583,3.11108,74971200.0
2011-07-15,3.23375,3.25,3.17167,3.23292,3.15706,44217600.0
2011-07-18,3.19167,3.20583,3.08667,3.1575,3.08341,50911200.0
2011-07-19,3.21042,3.32167,3.20792,3.3091699999999995,3.23152,41359200.0
2011-07-20,3.33583,3.34208,3.2875,3.3033300000000003,3.22583,30609600.0
2011-07-21,3.35625,3.4658300000000004,3.34,3.4395800000000003,3.35888,48873600.0
2011-07-22,3.4433300000000004,3.45917,3.3858300000000003,3.44792,3.36702,31514400.0
2011-07-25,3.35,3.4408300000000005,3.34,3.39042,3.3108699999999995,29196000.0
2011-07-26,3.3825,3.4,3.32875,3.35292,3.27425,30518400.0
2011-07-27,3.29875,3.29875,3.13542,3.15125,3.07731,60103200.0
2011-07-28,3.14708,3.22958,3.10458,3.12375,3.05046,45201600.0
2011-07-29,3.02667,3.14208,2.98542,3.05667,2.98495,75024000.0
2011-08-01,3.16458,3.17125,2.9275,3.01417,2.94345,93050400.0
2011-08-02,2.94958,2.995,2.78458,2.79083,2.72535,104721600.0
2011-08-03,2.79667,2.8375,2.65542,2.83042,2.76401,113740800.0
2011-08-04,2.71,2.725,2.41792,2.43,2.37299,141955200.0
2011-08-05,2.52042,2.54,2.22542,2.41958,2.36281,165196800.0
2011-08-08,2.22458,2.31375,1.93417,1.94167,1.89611,182793600.0
2011-08-09,2.03958,2.2225,1.84167,2.21167,2.15977,177640800.0
2011-08-10,2.08708,2.14583,1.90458,1.92125,1.87617,166279200.0
2011-08-11,1.97167,2.26083,1.95417,2.1775,2.12641,106670400.0
2011-08-12,2.24083,2.28333,2.1775,2.22542,2.1732,148521600.0
2011-08-15,2.28333,2.36958,2.2725,2.35833,2.303,93854400.0
2011-08-16,2.29542,2.3675,2.22708,2.30083,2.24685,119349600.0
2011-08-17,2.34,2.39542,2.25333,2.30708,2.25295,95767200.0
2011-08-18,2.12417,2.13083,1.945,2.00625,1.95918,160156800.0
2011-08-19,1.92625,2.07917,1.9025,1.91333,1.86844,124082400.0
2011-08-22,2.03792,2.04042,1.89708,1.91583,1.87088,108662400.0
2011-08-23,1.93583,2.10542,1.90583,2.09958,2.05032,121389600.0
2011-08-24,2.08833,2.19792,2.07292,2.19,2.13862,113325600.0
2011-08-25,2.22875,2.26542,2.06875,2.09,2.04096,122409600.0
2011-08-26,2.05833,2.21125,1.96125,2.18167,2.13048,141460800.0
2011-08-29,2.27,2.37292,2.265,2.37,2.31439,80582400.0
2011-08-30,2.33917,2.43292,2.28667,2.3825,2.3266,116347200.0
2011-08-31,2.43458,2.49667,2.36708,2.41208,2.35549,130886400.0
2011-09-01,2.42542,2.48958,2.33583,2.345,2.28998,111873600.0
2011-09-02,2.19958,2.23583,2.14042,2.16458,2.1137900000000003,108655200.0
2011-09-06,1.97458,2.12583,1.97458,2.11667,2.067,131109600.0
2011-09-07,2.21542,2.29833,2.19167,2.2941700000000003,2.24034,96220800.0
2011-09-08,2.25292,2.3325,2.20833,2.22208,2.16995,122042400.0
2011-09-09,2.14708,2.17042,2.01375,2.05,2.0019,161644800.0
2011-09-12,1.97042,2.0925,1.95,2.08875,2.03974,136869600.0
2011-09-13,2.10625,2.16833,2.06333,2.14083,2.0906,130147200.0
2011-09-14,2.17667,2.31042,2.09,2.2325,2.18012,136783200.0
2011-09-15,2.30458,2.35125,2.24583,2.34958,2.29445,133060800.0
2011-09-16,2.3775,2.41667,2.3225,2.38958,2.33352,108820800.0
2011-09-19,2.27375,2.3566700000000003,2.2275,2.31875,2.26434,143988000.0
2011-09-20,2.35,2.41708,2.30375,2.31208,2.25783,121622400.0
2011-09-21,2.31542,2.33583,2.09792,2.10125,2.05321,150480000.0
2011-09-22,1.92583,1.97625,1.81958,1.90208,1.85859,221330400.0
2011-09-23,1.86417,1.96667,1.85917,1.93083,1.88669,123686400.0
2011-09-26,1.99042,2.08167,1.90792,2.07,2.02267,171187200.0
2011-09-27,2.19625,2.25125,2.10583,2.13542,2.08659,140376000.0
2011-09-28,2.1575,2.195,2.0025,2.00667,1.9607900000000005,122985600.0
2011-09-29,2.11167,2.14292,1.95,2.05833,2.01127,141840000.0
2011-09-30,1.97458,2.0275,1.90417,1.91167,1.86796,142104000.0
2011-10-03,1.87417,1.945,1.73958,1.74208,1.70225,245954400.0
2011-10-04,1.66708,1.86667,1.62375,1.84583,1.80363,261033600.0
2011-10-05,1.86917,1.97375,1.81833,1.95833,1.91356,179157600.0
2011-10-06,1.9575,2.07333,1.91417,2.0641700000000003,2.01697,125124000.0
2011-10-07,2.10208,2.10542,1.98958,2.02167,1.97544,180163200.0
2011-10-10,2.12625,2.22833,2.12542,2.22833,2.17738,84710400.0
2011-10-11,2.18875,2.2525,2.18125,2.23,2.17901,87741600.0
2011-10-12,2.28583,2.36917,2.26917,2.29333,2.2409,115944000.0
2011-10-13,2.25,2.2975,2.2,2.27625,2.22421,111033600.0
2011-10-14,2.35792,2.39833,2.32042,2.39333,2.33861,97449600.0
2011-10-17,2.35958,2.36625,2.24125,2.25667,2.20507,85728000.0
2011-10-18,2.25333,2.44333,2.20125,2.39,2.33535,138604800.0
2011-10-19,2.37958,2.42,2.28167,2.30583,2.25311,119508000.0
2011-10-20,2.32333,2.36,2.23125,2.33375,2.28039,108374400.0
2011-10-21,2.41792,2.47583,2.39625,2.46583,2.40945,81775200.0
2011-10-24,2.47958,2.57667,2.47292,2.5625,2.50391,66816000.0
2011-10-25,2.52417,2.52583,2.39333,2.41042,2.3553,70898400.0
2011-10-26,2.48708,2.50958,2.36125,2.48292,2.42615,104565600.0
2011-10-27,2.68542,2.78958,2.62292,2.73667,2.67409,106178400.0
2011-10-28,2.70333,2.75625,2.69083,2.74708,2.68427,62932800.0
2011-10-31,2.64833,2.65458,2.53375,2.535,2.47704,78352800.0
2011-11-01,2.33,2.42083,2.30125,2.33125,2.27795,160514400.0
2011-11-02,2.43458,2.46667,2.375,2.44333,2.38747,92054400.0
2011-11-03,2.52958,2.59042,2.42042,2.57458,2.51572,113390400.0
2011-11-04,2.51375,2.54167,2.43958,2.52875,2.47093,78249600.0
2011-11-07,2.52708,2.58292,2.45208,2.57458,2.51572,79939200.0
2011-11-08,2.61667,2.68292,2.54167,2.67417,2.61302,76888800.0
2011-11-09,2.48917,2.52333,2.36125,2.37958,2.32518,160219200.0
2011-11-10,2.47458,2.48125,2.37167,2.44458,2.38869,99688800.0
2011-11-11,2.53333,2.60292,2.5325,2.58625,2.52712,106538400.0
2011-11-14,2.55625,2.56542,2.47792,2.50875,2.45139,74474400.0
2011-11-15,2.49542,2.58792,2.46625,2.55,2.4917,96412800.0
2011-11-16,2.47208,2.5625,2.41625,2.425,2.36955,132864000.0
2011-11-17,2.41292,2.43,2.2575,2.30958,2.25678,161548800.0
2011-11-18,2.32917,2.34417,2.27208,2.29917,2.2466,99645600.0
2011-11-21,2.19792,2.20833,2.11333,2.16667,2.11713,143044800.0
2011-11-22,2.15667,2.19333,2.1066700000000003,2.14333,2.09433,110265600.0
2011-11-23,2.085,2.08958,2.0016700000000003,2.00458,1.95875,121156800.0
2011-11-25,1.99042,2.05958,1.98375,1.98375,1.93839,60571200.0
2011-11-28,2.15167,2.18583,2.11708,2.16208,2.11265,101688000.0
2011-11-29,2.18,2.22458,2.15708,2.17917,2.12934,106473600.0
2011-11-30,2.36625,2.46083,2.35333,2.45,2.39398,138208800.0
2011-12-01,2.44042,2.4875,2.41583,2.44625,2.39032,88471200.0
2011-12-02,2.515,2.53875,2.43625,2.4425,2.38665,81597600.0
2011-12-05,2.55625,2.5775,2.47667,2.52167,2.46401,77822400.0
2011-12-06,2.52208,2.575,2.495,2.52375,2.46605,58317600.0
2011-12-07,2.5,2.58333,2.44708,2.55333,2.49495,71920800.0
2011-12-08,2.50042,2.51875,2.36667,2.38542,2.33088,122764800.0
2011-12-09,2.41792,2.525,2.41083,2.50458,2.44732,88152000.0
2011-12-12,2.44042,2.44042,2.33417,2.39667,2.34187,77448000.0
2011-12-13,2.43417,2.47417,2.295,2.32625,2.27306,125486400.0
2011-12-14,2.30125,2.32625,2.23833,2.25,2.19855,90854400.0
2011-12-15,2.325,2.33417,2.26667,2.27417,2.22217,83150400.0
2011-12-16,2.32167,2.36208,2.27083,2.28708,2.2347900000000003,89256000.0
2011-12-19,2.31208,2.32792,2.19917,2.2125,2.16191,59414400.0
2011-12-20,2.31708,2.425,2.31708,2.41542,2.36019,79356000.0
2011-12-21,2.41167,2.4391700000000003,2.3454200000000003,2.42875,2.37322,85012800.0
2011-12-22,2.45375,2.49917,2.4391700000000003,2.49917,2.44203,61692000.0
2011-12-23,2.5175,2.55875,2.50042,2.55792,2.49943,47947200.0
2011-12-27,2.54625,2.58333,2.53792,2.55958,2.50106,42295200.0
2011-12-28,2.56667,2.5675,2.45792,2.46958,2.41312,57924000.0
2011-12-29,2.48917,2.54583,2.48542,2.53958,2.48152,57528000.0
2011-12-30,2.535,2.55167,2.50625,2.50625,2.44895,35928000.0
2012-01-03,2.63667,2.67292,2.6175,2.6275,2.5674200000000003,61190400.0
2012-01-04,2.60208,2.64,2.57292,2.63167,2.5715,57544800.0
2012-01-05,2.59167,2.66625,2.55458,2.65833,2.59755,61860000.0
2012-01-06,2.66333,2.66417,2.60917,2.63875,2.57842,69453600.0
2012-01-09,2.6525,2.66333,2.61667,2.65167,2.59104,68589600.0
2012-01-10,2.73833,2.75375,2.71167,2.72083,2.65862,76744800.0
2012-01-11,2.69583,2.73667,2.68333,2.72833,2.66595,51648000.0
2012-01-12,2.74875,2.75625,2.685,2.74583,2.68305,47256000.0
2012-01-13,2.69083,2.71667,2.63208,2.71667,2.65455,71131200.0
2012-01-17,2.78042,2.79583,2.71708,2.7325,2.67002,69199200.0
2012-01-18,2.73458,2.82833,2.71833,2.82375,2.7591900000000003,61696800.0
2012-01-19,2.85208,2.87583,2.82792,2.86792,2.80234,55468800.0
2012-01-20,2.85792,2.87458,2.83417,2.87417,2.80845,46288800.0
2012-01-23,2.87167,2.92083,2.83667,2.8766700000000003,2.81089,56181600.0
2012-01-24,2.82583,2.87167,2.81292,2.86833,2.80275,51091200.0
2012-01-25,2.85542,2.96083,2.82333,2.93875,2.87156,74784000.0
2012-01-26,2.9816700000000003,2.99583,2.86083,2.89667,2.8304400000000003,93218400.0
2012-01-27,2.85417,2.90625,2.84792,2.89083,2.8247400000000003,62380800.0
2012-01-30,2.80625,2.86625,2.77583,2.86125,2.79583,56527200.0
2012-01-31,2.90583,2.91375,2.81667,2.85458,2.78932,81024000.0
2012-02-01,2.92042,2.97542,2.91042,2.93083,2.86382,59930400.0
2012-02-02,2.9504200000000003,2.96875,2.91667,2.94667,2.87929,60996000.0
2012-02-03,3.03625,3.07667,3.02083,3.07208,3.00184,63249600.0
2012-02-06,3.03333,3.06792,3.02208,3.065,2.99492,51487200.0
2012-02-07,3.04458,3.10208,3.01042,3.08833,3.01772,86798400.0
2012-02-08,3.09375,3.11708,3.05417,3.11083,3.03971,70622400.0
2012-02-09,3.13042,3.14125,3.07208,3.12375,3.05233,70404000.0
2012-02-10,3.04083,3.06458,3.02125,3.0625,2.99248,80280000.0
2012-02-13,3.1225,3.13542,3.08333,3.125,3.05355,45902400.0
2012-02-14,3.09958,3.11833,3.04875,3.11292,3.0417400000000003,84482400.0
2012-02-15,3.14583,3.1575,3.05042,3.06833,2.99818,105652800.0
2012-02-16,3.06958,3.17917,3.05458,3.1675,3.09508,65668800.0
2012-02-17,3.20375,3.20833,3.16583,3.1975,3.12439,40430400.0
2012-02-21,3.2175,3.24167,3.17125,3.2025,3.12928,52324800.0
2012-02-22,3.185,3.20583,3.15292,3.16625,3.09386,57340800.0
2012-02-23,3.16417,3.21708,3.13208,3.21417,3.14068,51616800.0
2012-02-24,3.23208,3.25125,3.21125,3.23042,3.15656,39429600.0
2012-02-27,3.16875,3.27417,3.15167,3.245,3.1708,53532000.0
2012-02-28,3.25333,3.28375,3.23208,3.27583,3.20093,63300000.0
2012-02-29,3.29167,3.32125,3.20667,3.2325,3.15859,95560800.0
2012-03-01,3.25708,3.30667,3.24542,3.29,3.21478,77203200.0
2012-03-02,3.28208,3.29375,3.23667,3.26,3.18546,41140800.0
2012-03-05,3.24208,3.24917,3.185,3.2175,3.14393,69266400.0
2012-03-06,3.11833,3.12333,3.04833,3.07417,3.00388,81969600.0
2012-03-07,3.09792,3.15458,3.0875,3.14,3.06821,48350400.0
2012-03-08,3.1975,3.25208,3.17792,3.23417,3.1602200000000003,36379200.0
2012-03-09,3.25042,3.2958300000000005,3.23958,3.27042,3.19564,37888800.0
2012-03-12,3.26833,3.28375,3.23625,3.27167,3.19686,31372800.0
2012-03-13,3.325,3.4525,3.30833,3.45125,3.3723400000000003,53529600.0
2012-03-14,3.4545800000000004,3.4770800000000004,3.40625,3.4370800000000004,3.3585,43108800.0
2012-03-15,3.4541699999999995,3.50083,3.42667,3.4933300000000003,3.41346,42628800.0
2012-03-16,3.5170800000000004,3.52542,3.49,3.51625,3.43585,54408000.0
2012-03-19,3.50625,3.58542,3.49833,3.55417,3.4729,48499200.0
2012-03-20,3.49375,3.5345800000000005,3.4625,3.52042,3.4399300000000004,42597600.0
2012-03-21,3.52708,3.5375,3.48375,3.5054199999999995,3.42527,53956800.0
2012-03-22,3.42667,3.4541699999999995,3.3945800000000004,3.42708,3.34872,61137600.0
2012-03-23,3.4395800000000003,3.47292,3.38125,3.46083,3.3817,52389600.0
2012-03-26,3.535,3.63208,3.5325,3.605,3.5225699999999995,66813600.0
2012-03-27,3.61792,3.625,3.5670800000000003,3.57292,3.49122,56781600.0
2012-03-28,3.57042,3.585,3.45833,3.52042,3.4399300000000004,77659200.0
2012-03-29,3.4570800000000004,3.51625,3.41625,3.50125,3.4212,86520000.0
2012-03-30,3.55542,3.5625,3.48958,3.53292,3.45214,64039200.0
2012-04-02,3.53125,3.65042,3.51208,3.62042,3.53764,61572000.0
2012-04-03,3.60542,3.62625,3.515,3.57792,3.49611,73305600.0
2012-04-04,3.49625,3.5083300000000004,3.43333,3.4741699999999995,3.3947300000000005,75309600.0
2012-04-05,3.43792,3.4975,3.42667,3.46625,3.387,52622400.0
2012-04-09,3.33292,3.39042,3.32125,3.3525,3.27585,67406400.0
2012-04-10,3.3291699999999995,3.35792,3.17083,3.18042,3.1077,142128000.0
2012-04-11,3.27958,3.295,3.24,3.2475,3.17325,92342400.0
2012-04-12,3.26542,3.3916699999999995,3.26,3.38875,3.3112699999999995,103720800.0
2012-04-13,3.3604199999999995,3.3625,3.255,3.25958,3.18505,80815200.0
2012-04-16,3.31375,3.3270800000000005,3.22292,3.25042,3.1761,98712000.0
2012-04-17,3.31417,3.4208300000000005,3.30292,3.3970800000000003,3.31941,74546400.0
2012-04-18,3.35667,3.4,3.3491699999999995,3.365,3.28806,62947200.0
2012-04-19,3.3695800000000005,3.405,3.25542,3.3025,3.22699,87508800.0
2012-04-20,3.34375,3.38167,3.31375,3.31625,3.24043,49216800.0
2012-04-23,3.215,3.2425,3.17292,3.23542,3.16144,62481600.0
2012-04-24,3.24167,3.2958300000000005,3.23542,3.27292,3.19808,55149600.0
2012-04-25,3.36708,3.40875,3.3570800000000003,3.4083300000000003,3.3304,65236800.0
2012-04-26,3.38292,3.4875,3.37667,3.47583,3.39636,44484000.0
2012-04-27,3.50792,3.5220800000000003,3.45042,3.49167,3.41183,46118400.0
2012-04-30,3.46958,3.4795800000000003,3.425,3.44875,3.3699,42302400.0
2012-05-01,3.44708,3.58625,3.43625,3.51375,3.43341,39638400.0
2012-05-02,3.4570800000000004,3.4966699999999995,3.4225,3.48625,3.40654,40284000.0
2012-05-03,3.48917,3.495,3.3875,3.4095800000000005,3.33162,46389600.0
2012-05-04,3.35333,3.3625,3.23542,3.24167,3.16755,53743200.0
2012-05-07,3.20625,3.28042,3.20208,3.24625,3.17203,42386400.0
2012-05-08,3.19125,3.22417,3.09375,3.2075,3.13416,62916000.0
2012-05-09,3.10792,3.21167,3.06292,3.14792,3.07594,72794400.0
2012-05-10,3.21792,3.2275,3.14917,3.16833,3.0958900000000003,45007200.0
2012-05-11,3.10958,3.22917,3.10708,3.13917,3.06739,50570400.0
2012-05-14,3.05125,3.1,3.0225,3.03625,2.96683,58824000.0
2012-05-15,3.03,3.08333,2.9704200000000003,2.985,2.91675,65200800.0
2012-05-16,3.025,3.0641700000000003,2.94833,2.9504200000000003,2.88296,55605600.0
2012-05-17,2.95125,2.96125,2.81333,2.81333,2.74901,83928000.0
2012-05-18,2.85042,2.86458,2.7325,2.74375,2.68102,72494400.0
2012-05-21,2.77042,2.88958,2.75833,2.8875,2.82148,60256800.0
2012-05-22,2.90875,2.97,2.8454200000000003,2.89083,2.8247400000000003,68280000.0
2012-05-23,2.84042,2.9191700000000003,2.75625,2.90292,2.8365400000000003,84000000.0
2012-05-24,2.92958,2.94375,2.84958,2.92292,2.85609,79365600.0
2012-05-25,2.9191700000000003,2.94375,2.87375,2.89667,2.8304400000000003,54456000.0
2012-05-29,2.96625,3.01417,2.93625,2.99875,2.93019,62191200.0
2012-05-30,2.9225,2.92583,2.85,2.86667,2.80112,70173600.0
2012-05-31,2.86625,2.91375,2.775,2.85042,2.78524,100646400.0
2012-06-01,2.71583,2.74375,2.63417,2.63417,2.5739400000000003,131846400.0
2012-06-04,2.64875,2.66875,2.57042,2.63333,2.57312,80433600.0
2012-06-05,2.61375,2.70083,2.61042,2.68417,2.62279,73459200.0
2012-06-06,2.74542,2.87458,2.74375,2.87417,2.80845,95738400.0
2012-06-07,2.96792,2.9725,2.85792,2.87292,2.80723,82732800.0
2012-06-08,2.855,2.94542,2.82583,2.94292,2.87563,51072000.0
2012-06-11,3.01625,3.02083,2.82375,2.83375,2.76896,72484800.0
2012-06-12,2.85542,2.93417,2.81625,2.93417,2.86708,74990400.0
2012-06-13,2.90208,2.95792,2.84333,2.87333,2.80764,54571200.0
2012-06-14,2.89042,2.99833,2.86667,2.96583,2.8980200000000003,68400000.0
2012-06-15,3.00208,3.06167,2.97958,3.05083,2.98108,48240000.0
2012-06-18,3.01667,3.0954200000000003,2.99667,3.06958,2.9994,70980000.0
2012-06-19,3.12042,3.19875,3.10958,3.16083,3.08856,50347200.0
2012-06-20,3.16208,3.1875,3.07333,3.14333,3.07252,68330400.0
2012-06-21,3.15667,3.16542,2.92542,2.93292,2.8668400000000003,80023200.0
2012-06-22,2.98,3.0175,2.94583,3.0,2.93241,44808000.0
2012-06-25,2.9075,2.90917,2.82458,2.85333,2.78905,46876800.0
2012-06-26,2.87833,2.92625,2.8325,2.89958,2.83426,45175200.0
2012-06-27,2.92792,2.99417,2.92292,2.97958,2.91246,43368000.0
2012-06-28,2.91792,2.96542,2.85083,2.95167,2.88517,66643200.0
2012-06-29,3.1125,3.18167,3.09042,3.17625,3.10469,70980000.0
2012-07-02,3.19875,3.21042,3.13333,3.19917,3.12709,36362400.0
2012-07-03,3.2,3.27083,3.18875,3.26375,3.19022,23582400.0
2012-07-05,3.23042,3.26375,3.185,3.21792,3.14542,36708000.0
2012-07-06,3.12792,3.14708,3.08292,3.1266700000000003,3.05622,51643200.0
2012-07-09,3.12208,3.1325,3.0725,3.11708,3.04686,42991200.0
2012-07-10,3.16375,3.17833,3.00208,3.03458,2.96622,64312800.0
2012-07-11,3.03917,3.065,2.98292,3.03333,2.96499,68640000.0
2012-07-12,2.98083,3.03,2.92958,2.99417,2.92671,58015200.0
2012-07-13,3.015,3.15083,3.0125,3.14167,3.0708900000000003,50035200.0
2012-07-16,3.11792,3.14708,3.08167,3.11542,3.04523,39132000.0
2012-07-17,3.1575,3.2025,3.05833,3.1825,3.1108,68277600.0
2012-07-18,3.16125,3.27167,3.15542,3.255,3.18167,54062400.0
2012-07-19,3.27417,3.31125,3.2425,3.27708,3.20325,54156000.0
2012-07-20,3.22375,3.23792,3.17792,3.18833,3.1165,41268000.0
2012-07-23,3.04792,3.11792,3.00458,3.09083,3.0212,71172000.0
2012-07-24,3.09833,3.10208,2.95,3.015,2.94707,65709600.0
2012-07-25,3.0325,3.05458,2.96542,3.0125,2.94463,79951200.0
2012-07-26,3.14417,3.18167,3.10208,3.16042,3.08922,62923200.0
2012-07-27,3.21125,3.36417,3.19708,3.34125,3.2659700000000003,73147200.0
2012-07-30,3.3275,3.38458,3.30667,3.33375,3.25864,44116800.0
2012-07-31,3.32417,3.35083,3.27708,3.28792,3.2138400000000003,47529600.0
2012-08-01,3.33583,3.33792,3.24417,3.2629200000000003,3.18941,40048800.0
2012-08-02,3.18625,3.25583,3.115,3.19042,3.1185400000000003,52456800.0
2012-08-03,3.3270800000000005,3.40042,3.3208300000000004,3.3795800000000003,3.30344,74904000.0
2012-08-06,3.4075,3.4395800000000003,3.39542,3.39625,3.3197300000000003,28610400.0
2012-08-07,3.4408300000000005,3.49417,3.44,3.4475,3.3698300000000003,45806400.0
2012-08-08,3.41625,3.4745800000000004,3.41292,3.4625,3.38449,28396800.0
2012-08-09,3.44708,3.4925,3.43792,3.4720800000000005,3.39386,37430400.0
2012-08-10,3.43333,3.4925,3.41333,3.4875,3.40893,31605600.0
2012-08-13,3.4720800000000005,3.48875,3.42958,3.48292,3.40445,33364800.0
2012-08-14,3.52375,3.5283300000000004,3.455,3.4854199999999995,3.40689,40291200.0
2012-08-15,3.475,3.51375,3.46792,3.4945800000000005,3.41585,37807200.0
2012-08-16,3.5075,3.58625,3.4854199999999995,3.57,3.48957,42213600.0
2012-08-17,3.59417,3.59667,3.56417,3.5875,3.50668,27453600.0
2012-08-20,3.5733300000000003,3.5908300000000004,3.54333,3.58875,3.5079,24309600.0
2012-08-21,3.61583,3.65625,3.5333300000000003,3.5558300000000003,3.47572,44637600.0
2012-08-22,3.52917,3.57792,3.5054199999999995,3.5558300000000003,3.47572,34795200.0
2012-08-23,3.5345800000000005,3.5345800000000005,3.45583,3.47292,3.39467,38659200.0
2012-08-24,3.44708,3.5570800000000005,3.43917,3.5366699999999995,3.45699,39429600.0
2012-08-27,3.56333,3.57792,3.5225,3.5366699999999995,3.45699,28020000.0
2012-08-28,3.50958,3.5595800000000004,3.49292,3.5258300000000005,3.4464,33410400.0
2012-08-29,3.5370800000000004,3.56333,3.5058300000000004,3.53292,3.45332,28423200.0
2012-08-30,3.48667,3.49125,3.43542,3.45667,3.37879,38544000.0
2012-08-31,3.51792,3.55542,3.44875,3.5025,3.4235900000000004,61238400.0
2012-09-04,3.4975,3.52917,3.4308300000000003,3.4858300000000004,3.4073,43370400.0
2012-09-05,3.5020800000000003,3.52917,3.46708,3.48708,3.40852,32112000.0
2012-09-06,3.55167,3.70042,3.5508300000000004,3.69667,3.61338,61464000.0
2012-09-07,3.71958,3.74833,3.71,3.74583,3.66144,31502400.0
2012-09-10,3.73167,3.75292,3.67625,3.68083,3.59791,31346400.0
2012-09-11,3.68917,3.74667,3.68458,3.70917,3.6256,29083200.0
2012-09-12,3.74667,3.76,3.70958,3.744580000000002,3.66022,35894400.0
2012-09-13,3.744580000000002,3.955,3.72917,3.92458,3.83616,91581600.0
2012-09-14,3.94125,4.0425,3.93375,3.97292,3.88341,114340800.0
2012-09-17,3.94833,3.96958,3.9025,3.9375,3.84879,37070400.0
2012-09-18,3.91667,3.93792,3.89208,3.92333,3.83494,34800000.0
2012-09-19,3.93542,3.96667,3.90667,3.92958,3.84105,39499200.0
2012-09-20,3.87208,3.93625,3.84167,3.92917,3.84065,32496000.0
2012-09-21,3.98542,3.98917,3.92,3.920830000000002,3.8325,28833600.0
2012-09-24,3.86667,3.93167,3.85667,3.90375,3.8158,37612800.0
2012-09-25,3.93167,3.952080000000002,3.77792,3.78375,3.6985,52850400.0
2012-09-26,3.78083,3.78083,3.69,3.71625,3.632530000000002,41976000.0
2012-09-27,3.76417,3.84667,3.73417,3.82542,3.7392300000000014,29253600.0
2012-09-28,3.77542,3.81458,3.72792,3.76583,3.68099,43466400.0
2012-10-01,3.81292,3.90292,3.7725,3.79083,3.70543,51794400.0
2012-10-02,3.84167,3.86167,3.75708,3.8075,3.72172,85156800.0
2012-10-03,3.83667,3.88292,3.77917,3.85375,3.76693,46994400.0
2012-10-04,3.9,3.95458,3.88375,3.94042,3.85164,41661600.0
2012-10-05,4.004169999999999,4.02083,3.90417,3.93583,3.84716,36357600.0
2012-10-08,3.89375,3.91792,3.87208,3.89375,3.80603,14200800.0
2012-10-09,3.88542,3.89917,3.77875,3.78167,3.69647,33496800.0
2012-10-10,3.7825,3.79,3.69458,3.71417,3.63049,54232800.0
2012-10-11,3.78667,3.80375,3.71667,3.71792,3.63415,37514400.0
2012-10-12,3.72375,3.76125,3.655,3.6725,3.58976,32409600.0
2012-10-15,3.70625,3.78125,3.6725,3.77208,3.6871,25226400.0
2012-10-16,3.82292,3.89375,3.81667,3.88417,3.79666,44505600.0
2012-10-17,3.89583,3.9475,3.875,3.93583,3.84716,51602400.0
2012-10-18,3.90833,3.96292,3.86708,3.90708,3.81906,56690400.0
2012-10-19,3.88333,3.88333,3.68417,3.70292,3.61949,56095200.0
2012-10-22,3.69417,3.73292,3.62417,3.71083,3.62723,53092800.0
2012-10-23,3.59125,3.6075,3.51292,3.5591699999999995,3.4789800000000004,77136000.0
2012-10-24,3.59625,3.608330000000002,3.51042,3.5283300000000004,3.44884,45972000.0
2012-10-25,3.60417,3.62042,3.49417,3.55792,3.47776,56570400.0
2012-10-26,3.54917,3.5875,3.47917,3.5508300000000004,3.4708300000000003,56635200.0
2012-10-31,3.5925,3.6025,3.5,3.54125,3.46147,20008800.0
2012-11-01,3.57417,3.67542,3.56417,3.6625,3.57999,35817600.0
2012-11-02,3.72792,3.72917,3.55167,3.55875,3.4785699999999995,33252000.0
2012-11-05,3.5483300000000004,3.60958,3.51542,3.585,3.50423,30014400.0
2012-11-06,3.6175,3.71042,3.60625,3.66417,3.58162,33098400.0
2012-11-07,3.57042,3.57042,3.36875,3.4195800000000003,3.34254,75067200.0
2012-11-08,3.42,3.46958,3.29125,3.29125,3.2171,56008800.0
2012-11-09,3.26625,3.39583,3.26083,3.2979199999999995,3.22362,53438400.0
2012-11-12,3.33667,3.35042,3.29042,3.31042,3.23583,21153600.0
2012-11-13,3.25833,3.38208,3.24542,3.28,3.2061,50925600.0
2012-11-14,3.30875,3.3225,3.12208,3.14625,3.07537,63566400.0
2012-11-15,3.14583,3.18292,3.09083,3.12792,3.05745,53752800.0
2012-11-16,3.14,3.1925,3.05875,3.17292,3.10143,80697600.0
2012-11-19,3.28167,3.36542,3.27625,3.3608300000000004,3.28512,54362400.0
2012-11-20,3.35167,3.3875,3.29167,3.37625,3.30019,41467200.0
2012-11-21,3.3804199999999995,3.39792,3.36,3.39417,3.3177,24676800.0
2012-11-23,3.44125,3.53167,3.43333,3.52708,3.44762,36139200.0
2012-11-26,3.47542,3.5083300000000004,3.44042,3.50667,3.42766,27458400.0
2012-11-27,3.495,3.52917,3.44375,3.4575,3.3796,39043200.0
2012-11-28,3.4075,3.54042,3.35375,3.53417,3.45454,48280800.0
2012-11-29,3.57542,3.61375,3.52958,3.5883300000000005,3.50749,68884800.0
2012-11-30,3.58375,3.60625,3.55,3.5770800000000005,3.49649,38330400.0
2012-12-03,3.63625,3.64458,3.525,3.53042,3.45088,44688000.0
2012-12-04,3.53125,3.56292,3.48792,3.51292,3.4337699999999995,83426400.0
2012-12-05,3.5283300000000004,3.58542,3.45167,3.53167,3.4521,45576000.0
2012-12-06,3.52667,3.5758300000000003,3.51125,3.5708300000000004,3.4903800000000005,37555200.0
2012-12-07,3.61708,3.62542,3.5483300000000004,3.6020800000000004,3.5209300000000003,45784800.0
2012-12-10,3.5904199999999995,3.635,3.58375,3.6125,3.53111,31708800.0
2012-12-11,3.65542,3.73375,3.64875,3.6825,3.59954,44056800.0
2012-12-12,3.72708,3.76792,3.67375,3.6908300000000014,3.60768,50724000.0
2012-12-13,3.68333,3.71292,3.59292,3.62667,3.54496,37692000.0
2012-12-14,3.5958300000000003,3.61625,3.5625,3.5775,3.4969,34212000.0
2012-12-17,3.60917,3.71208,3.60542,3.70375,3.62031,35306400.0
2012-12-18,3.7225,3.84125,3.70833,3.83333,3.74697,50140800.0
2012-12-19,3.84125,3.84792,3.7425,3.75292,3.66837,46356000.0
2012-12-20,3.75,3.81083,3.71958,3.80958,3.72376,33396000.0
2012-12-21,3.65625,3.73083,3.64,3.71,3.62642,47764800.0
2012-12-24,3.6825,3.68875,3.65917,3.66083,3.57836,14524800.0
2012-12-26,3.695,3.6975,3.5925,3.619580000000002,3.53872,27885600.0
2012-12-27,3.6275,3.64917,3.48417,3.61083,3.53017,55792800.0
2012-12-28,3.5395800000000004,3.59625,3.48125,3.48625,3.40837,62642400.0
2012-12-31,3.4720800000000005,3.67833,3.4545800000000004,3.67708,3.59494,97377600.0
2013-01-02,3.87667,3.952080000000002,3.8475,3.95042,3.86216,69276000.0
2013-01-03,3.9425,3.97333,3.88917,3.91833,3.8308,42007200.0
2013-01-04,3.94,3.99292,3.91667,3.97708,3.88823,49096800.0
2013-01-07,3.9325,3.9525,3.89708,3.94792,3.85972,32618400.0
2013-01-08,3.92042,3.93667,3.8625,3.90458,3.81735,48290400.0
2013-01-09,3.93333,3.96875,3.91458,3.93958,3.85157,41966400.0
2013-01-10,4.00208,4.03042,3.94,4.025,3.93508,45192000.0
2013-01-11,4.03042,4.035419999999999,3.99167,4.03375,3.94363,30523200.0
2013-01-14,4.0145800000000005,4.02833,3.97625,4.01583,3.92612,31456800.0
2013-01-15,3.96542,4.03875,3.9575,4.025,3.93508,32930400.0
2013-01-16,4.00583,4.044580000000002,3.99042,4.02458,3.93467,29356800.0
2013-01-17,4.07958,4.13875,4.05375,4.098330000000002,4.00678,35054400.0
2013-01-18,4.10292,4.1433300000000015,4.057919999999998,4.13417,4.04181,38527200.0
2013-01-22,4.13167,4.19583,4.1025,4.1925,4.09884,33439200.0
2013-01-23,4.19917,4.22792,4.175,4.21167,4.11758,42412800.0
2013-01-24,4.19625,4.2820800000000006,4.18667,4.21833,4.12409,36736800.0
2013-01-25,4.26375,4.2908300000000015,4.22542,4.29,4.19416,27285600.0
2013-01-28,4.29625,4.2975,4.22875,4.27417,4.17868,19562400.0
2013-01-29,4.2525,4.34333,4.24292,4.32417,4.22756,26124000.0
2013-01-30,4.32667,4.35,4.263330000000002,4.27792,4.18235,29896800.0
2013-01-31,4.26208,4.30083,4.23542,4.24292,4.14813,23212800.0
2013-02-01,4.325830000000002,4.38917,4.30333,4.3725,4.27482,34068000.0
2013-02-04,4.2958300000000005,4.316669999999999,4.21833,4.22667,4.13224,35925600.0
2013-02-05,4.2975,4.39042,4.29167,4.35375,4.25649,40348800.0
2013-02-06,4.30917,4.3725,4.299169999999998,4.3625,4.26504,37300800.0
2013-02-07,4.36958,4.379169999999999,4.2525,4.34958,4.25241,39300000.0
2013-02-08,4.37167,4.42583,4.36958,4.41875,4.32003,30112800.0
2013-02-11,4.41417,4.42583,4.38292,4.4125,4.31392,30648000.0
2013-02-12,4.41667,4.4608300000000005,4.4020800000000015,4.43417,4.33511,28077600.0
2013-02-13,4.465,4.48833,4.410830000000002,4.44958,4.35018,24523200.0
2013-02-14,4.40917,4.47583,4.39208,4.46333,4.36362,20385600.0
2013-02-15,4.473330000000002,4.48583,4.395,4.44917,4.34977,22756800.0
2013-02-19,4.46667,4.54667,4.46625,4.5375,4.43613,21931200.0
2013-02-20,4.53292,4.5375,4.36917,4.36958,4.27197,48424800.0
2013-02-21,4.34042,4.34167,4.25208,4.29333,4.19742,45686400.0
2013-02-22,4.3575,4.41875,4.32333,4.41875,4.32003,23896800.0
2013-02-25,4.48125,4.5025,4.16833,4.169169999999999,4.07603,56860800.0
2013-02-26,4.22792,4.26625,4.145,4.254169999999999,4.15913,47359200.0
2013-02-27,4.24333,4.44875,4.23125,4.41167,4.31311,48088800.0
2013-02-28,4.41208,4.49667,4.37208,4.39417,4.296,36196800.0
2013-03-01,4.3425,4.44875,4.2820800000000006,4.43542,4.33633,49257600.0
2013-03-04,4.3983300000000005,4.49958,4.37833,4.49375,4.39336,31425600.0
2013-03-05,4.56583,4.65792,4.56417,4.61875,4.515569999999999,41659200.0
2013-03-06,4.67208,4.67875,4.61042,4.6425,4.5387900000000005,28972800.0
2013-03-07,4.65958,4.68417,4.642919999999998,4.66833,4.56404,21218400.0
2013-03-08,4.72583,4.74375,4.65458,4.72708,4.62148,38445600.0
2013-03-11,4.71708,4.77958,4.69792,4.7770800000000015,4.67036,18619200.0
2013-03-12,4.76875,4.78375,4.70333,4.74333,4.63737,26359200.0
2013-03-13,4.754169999999999,4.785419999999999,4.705419999999998,4.76208,4.6557,21256800.0
2013-03-14,4.80208,4.84667,4.794169999999999,4.84,4.73187,22804800.0
2013-03-15,4.8270800000000005,4.84167,4.7733300000000005,4.82125,4.71354,24624000.0
2013-03-18,4.68625,4.80375,4.6708300000000005,4.73792,4.63207,27494400.0
2013-03-19,4.76917,4.79042,4.61625,4.70708,4.60193,41700000.0
2013-03-20,4.79,4.82833,4.76625,4.80375,4.69706,28293600.0
2013-03-21,4.71875,4.76958,4.65875,4.68167,4.5776900000000005,32589600.0
2013-03-22,4.725,4.79167,4.71625,4.79,4.68361,23995200.0
2013-03-25,4.83333,4.857080000000002,4.6795800000000005,4.7425,4.637169999999999,37627200.0
2013-03-26,4.794580000000002,4.85208,4.77833,4.85208,4.74432,22845600.0
2013-03-27,4.76042,4.85292,4.736669999999998,4.84583,4.7382,33559200.0
2013-03-28,4.839169999999998,4.90875,4.81917,4.87833,4.76998,20764800.0
2013-04-01,4.8875,4.91417,4.7975,4.83167,4.72435,28092000.0
2013-04-02,4.88417,4.94125,4.86417,4.89958,4.79076,31785600.0
2013-04-03,4.9125,4.92375,4.71708,4.74958,4.64409,48055200.0
2013-04-04,4.77375,4.84042,4.74167,4.81375,4.70683,50256000.0
2013-04-05,4.638330000000002,4.7645800000000005,4.61875,4.745,4.63961,39801600.0
2013-04-08,4.75792,4.8445800000000006,4.71,4.83333,4.72598,24652800.0
2013-04-09,4.86917,4.94583,4.8225,4.89625,4.7875,34536000.0
2013-04-10,4.93458,5.09,4.92875,5.07917,4.96636,39580800.0
2013-04-11,5.07417,5.17208,5.06083,5.1275,5.01362,60115200.0
2013-04-12,5.07292,5.10958,5.0008300000000006,5.08625,4.97328,49896000.0
2013-04-15,5.00917,5.02125,4.72917,4.74,4.63472,86750400.0
2013-04-16,4.84125,4.9475,4.80375,4.93667,4.82702,98522400.0
2013-04-17,4.83375,4.83708,4.646669999999999,4.722919999999999,4.61802,78352800.0
2013-04-18,4.74917,4.75,4.5808300000000015,4.63583,4.53287,56145600.0
2013-04-19,4.66417,4.76125,4.63167,4.755,4.64939,55416000.0
2013-04-22,4.78458,4.85125,4.68875,4.82458,4.71743,36506400.0
2013-04-23,4.89042,4.98,4.81833,4.9695800000000006,4.85921,45751200.0
2013-04-24,4.97042,5.013330000000002,4.9425,4.97917,4.8685800000000015,27223200.0
2013-04-25,5.01958,5.105,4.99625,5.04125,4.92928,35176800.0
2013-04-26,5.01708,5.0425,4.9608300000000005,5.00917,4.89791,23738400.0
2013-04-29,5.04792,5.1425,5.02833,5.11042,4.99691,22646400.0
2013-04-30,5.106669999999999,5.14958,5.0425,5.14417,5.02991,25591200.0
2013-05-01,5.1125,5.11833,4.9925,5.00708,4.89587,32400000.0
2013-05-02,5.0458300000000005,5.16125,5.03417,5.15,5.03562,27631200.0
2013-05-03,5.28458,5.35542,5.27375,5.30542,5.1875800000000005,30962400.0
2013-05-06,5.316669999999999,5.36875,5.31167,5.34875,5.22995,25490400.0
2013-05-07,5.37875,5.43208,5.3358300000000005,5.42708,5.30655,28912800.0
2013-05-08,5.41125,5.50583,5.40042,5.50292,5.38069,24506400.0
2013-05-09,5.49083,5.53625,5.41292,5.45958,5.33832,33727200.0
2013-05-10,5.4645800000000015,5.51542,5.41708,5.51125,5.38884,23030400.0
2013-05-13,5.48583,5.54667,5.44792,5.52042,5.39781,25891200.0
2013-05-14,5.53708,5.70333,5.53292,5.69458,5.5681,26714400.0
2013-05-15,5.66458,5.816669999999999,5.65833,5.7820800000000006,5.65366,30540000.0
2013-05-16,5.74917,5.8079199999999975,5.67583,5.7,5.5734,27684000.0
2013-05-17,5.762919999999999,5.87625,5.7425,5.8704199999999975,5.74003,31161600.0
2013-05-20,5.84958,5.93417,5.8304199999999975,5.86875,5.7384,29616000.0
2013-05-21,5.8825,5.95625,5.81958,5.89208,5.76122,37166400.0
2013-05-22,5.9070800000000006,6.0891699999999975,5.677919999999999,5.75583,5.6279900000000005,82723200.0
2013-05-23,5.575,5.7545800000000025,5.55,5.71,5.5831800000000005,50095200.0
2013-05-24,5.60792,5.69542,5.55667,5.68958,5.56321,27204000.0
2013-05-28,5.875,5.94792,5.74458,5.79542,5.6667,33012000.0
2013-05-29,5.70417,5.74125,5.5895800000000015,5.7195800000000006,5.59255,46605600.0
2013-05-30,5.69583,5.8225,5.6825,5.7458300000000015,5.61822,23397600.0
2013-05-31,5.69542,5.79292,5.47375,5.49417,5.37214,33093600.0
2013-06-03,5.53458,5.59542,5.415,5.5825,5.45851,54679200.0
2013-06-04,5.59333,5.66167,5.42042,5.50875,5.3864,39417600.0
2013-06-05,5.45833,5.49,5.25917,5.2625,5.14562,45648000.0
2013-06-06,5.267919999999998,5.41542,5.1725,5.41208,5.29188,49764000.0
2013-06-07,5.52792,5.63583,5.45458,5.6204199999999975,5.49558,156552000.0
2013-06-10,5.67833,5.68417,5.57667,5.6208300000000015,5.49599,26091600.0
2013-06-11,5.4608300000000005,5.5975,5.4108300000000025,5.45333,5.33221,36452400.0
2013-06-12,5.5633300000000006,5.5758300000000025,5.29667,5.31083,5.1928800000000015,44754000.0
2013-06-13,5.30167,5.58167,5.26667,5.55667,5.43325,46586400.0
2013-06-14,5.53333,5.59917,5.42167,5.4525,5.3314,39853200.0
2013-06-17,5.56,5.6525,5.48583,5.57833,5.45444,40440000.0
2013-06-18,5.585,5.73083,5.584169999999999,5.7058300000000015,5.5791,33357600.0
2013-06-19,5.69083,5.71833,5.4641699999999975,5.47583,5.35421,53479200.0
2013-06-20,5.3125,5.335,5.0225,5.0633300000000006,4.95087,96034800.0
2013-06-21,5.16167,5.17833,4.9558300000000015,5.105,4.991619999999998,117607200.0
2013-06-24,4.95167,5.049169999999998,4.79,4.91333,4.804209999999999,74769600.0
2013-06-25,5.049169999999998,5.11333,4.9525,5.06083,4.94843,56361600.0
2013-06-26,5.18417,5.23917,5.12,5.20167,5.08823,59229600.0
2013-06-27,5.299169999999998,5.3675,5.28333,5.30083,5.185230000000002,50679600.0
2013-06-28,5.25167,5.32917,5.17583,5.205,5.09149,68865600.0
2013-07-01,5.315,5.43083,5.29333,5.32333,5.2072400000000005,43194000.0
2013-07-02,5.2975,5.41417,5.23583,5.3025,5.18686,53628000.0
2013-07-03,5.2333300000000005,5.36083,5.20667,5.31917,5.20317,21507600.0
2013-07-05,5.4333300000000015,5.49,5.31417,5.485,5.36538,44678400.0
2013-07-08,5.57333,5.6225,5.5408300000000015,5.5775,5.45587,40242000.0
2013-07-09,5.68167,5.72083,5.6125,5.69,5.56591,44583600.0
2013-07-10,5.68167,5.7625,5.6475,5.70167,5.57733,53629200.0
2013-07-11,5.9016699999999975,5.95417,5.84417,5.9425,5.81291,47679600.0
2013-07-12,5.93417,5.981669999999999,5.90583,5.94417,5.81454,29586000.0
2013-07-15,5.995,6.03917,5.9641699999999975,6.021669999999999,5.89035,24786000.0
2013-07-16,6.025,6.03333,5.89917,5.94833,5.81861,47655600.0
2013-07-17,6.01667,6.044169999999999,5.96667,5.98917,5.85856,33796800.0
2013-07-18,6.0266699999999975,6.13083,6.0175,6.08667,5.9539300000000015,44750400.0
2013-07-19,6.0475,6.12667,6.02917,6.12667,5.99306,24942000.0
2013-07-22,6.14583,6.1833300000000015,6.105,6.15833,6.0240300000000016,26887200.0
2013-07-23,6.19083,6.195,6.1083300000000005,6.12167,5.9881699999999976,22450800.0
2013-07-24,6.18917,6.19583,6.0133300000000025,6.05417,5.92214,43094400.0
2013-07-25,6.015,6.1083300000000005,5.9866699999999975,6.09167,5.958819999999999,37488000.0
2013-07-26,6.01667,6.11667,5.93917,6.1116699999999975,5.97839,34420800.0
2013-07-29,6.066669999999999,6.10583,6.00333,6.05083,5.9188800000000015,27483600.0
2013-07-30,6.1125,6.12833,6.0125,6.0583300000000015,5.92621,39699600.0
2013-07-31,6.09417,6.1883300000000006,6.0425,6.05917,5.92703,53926800.0
2013-08-01,6.205,6.29167,6.19333,6.27417,6.13734,25897200.0
2013-08-02,6.235,6.3083300000000015,6.209169999999999,6.30667,6.16913,23343600.0
2013-08-05,6.26917,6.31,6.24333,6.2825,6.1454900000000015,21613200.0
2013-08-06,6.24167,6.26083,6.13333,6.18,6.04523,34899600.0
2013-08-07,6.11417,6.1375,6.04333,6.11333,5.98001,32396400.0
2013-08-08,6.20167,6.21917,6.084169999999999,6.18,6.04523,21063600.0
2013-08-09,6.1516699999999975,6.21,6.06,6.12667,5.99306,21882000.0
2013-08-12,6.035,6.12333,6.0233300000000005,6.09917,5.96616,17193600.0
2013-08-13,6.13583,6.18583,6.0266699999999975,6.16417,6.02974,22668000.0
2013-08-14,6.14417,6.1741699999999975,6.0583300000000015,6.065,5.93274,19820400.0
2013-08-15,5.9158300000000015,5.9158300000000015,5.77583,5.80083,5.67433,35254800.0
2013-08-16,5.77417,5.83333,5.715,5.7525,5.62705,25912800.0
2013-08-19,5.7333300000000005,5.78833,5.6375,5.64417,5.52108,43263600.0
2013-08-20,5.66833,5.7825,5.6483300000000005,5.7233300000000025,5.59852,46611600.0
2013-08-21,5.6725,5.76667,5.5775,5.6175,5.495,42542400.0
2013-08-22,5.65,5.79167,5.65,5.7625,5.636830000000002,24462000.0
2013-08-23,5.81917,5.845,5.73833,5.82417,5.69715,22330800.0
2013-08-26,5.84417,5.896669999999999,5.75,5.76917,5.64335,30535200.0
2013-08-27,5.58667,5.65333,5.4675,5.4775,5.35805,49020000.0
2013-08-28,5.4733300000000025,5.59667,5.4525,5.5358300000000025,5.415109999999999,34221600.0
2013-08-29,5.49917,5.6516699999999975,5.48917,5.56833,5.4469,26612400.0
2013-08-30,5.59917,5.59917,5.4625,5.5008300000000006,5.38087,39008400.0
2013-09-03,5.669169999999999,5.705,5.51667,5.584169999999999,5.46239,27958800.0
2013-09-04,5.59333,5.7508300000000006,5.55917,5.725,5.60015,24674400.0
2013-09-05,5.731669999999999,5.79,5.72167,5.73417,5.60912,18480000.0
2013-09-06,5.80167,5.84917,5.59083,5.74917,5.6237900000000005,25722000.0
2013-09-09,5.79667,5.9275,5.79667,5.92167,5.79253,20470800.0
2013-09-10,6.02583,6.05167,5.985,6.05,5.91806,25856400.0
2013-09-11,6.02417,6.106669999999999,5.9925,6.106669999999999,5.97349,20306400.0
2013-09-12,6.1025,6.12333,6.0325,6.06583,5.93355,26812800.0
2013-09-13,6.0775,6.1125,6.0358300000000025,6.0975,5.96453,19395600.0
2013-09-16,6.295,6.30333,6.1741699999999975,6.209169999999999,6.07376,23862000.0
2013-09-17,6.22,6.2875,6.21917,6.28333,6.14631,14137200.0
2013-09-18,6.2775,6.55417,6.23083,6.505,6.3631400000000005,28629600.0
2013-09-19,6.5583300000000015,6.5633300000000006,6.4508300000000025,6.4825,6.3411300000000015,18712800.0
2013-09-20,6.515,6.51667,6.32,6.3325,6.1944,21726000.0
2013-09-23,6.3075,6.3258300000000025,6.18667,6.24917,6.11289,27000000.0
2013-09-24,6.245,6.3133300000000006,6.16833,6.20833,6.07294,31828800.0
2013-09-25,6.209169999999999,6.24167,6.13083,6.1483300000000005,6.01724,32764800.0
2013-09-26,6.17583,6.2675,6.146669999999999,6.2175,6.08493,18112800.0
2013-09-27,6.1208300000000015,6.15333,6.0825,6.13417,6.00338,22690800.0
2013-09-30,5.9733300000000025,6.0891699999999975,5.9375,6.02583,5.89735,32914800.0
2013-10-01,6.045,6.18917,6.03167,6.17833,6.0466,22557600.0
2013-10-02,6.06417,6.15833,6.0075,6.15333,6.0221300000000015,14425200.0
2013-10-03,6.11083,6.12833,5.90083,5.99167,5.86391,27313200.0
2013-10-04,5.99917,6.13917,5.975,6.12,5.98951,19855200.0
2013-10-07,5.9575,6.07167,5.941669999999999,5.9675,5.84026,21218400.0
2013-10-08,5.96,5.98083,5.74167,5.75333,5.63066,40882800.0
2013-10-09,5.78667,5.8275,5.6525,5.7575,5.63474,46419600.0
2013-10-10,5.9383300000000006,6.1433300000000015,5.93417,6.13167,6.00093,36594000.0
2013-10-11,6.1075,6.26167,6.0925,6.25583,6.12245,22525200.0
2013-10-14,6.14083,6.34333,6.1225,6.3375,6.2023699999999975,34161600.0
2013-10-15,6.2775,6.35,6.1658300000000015,6.191669999999999,6.05965,36968400.0
2013-10-16,6.30083,6.4575,6.29167,6.45167,6.31411,36482400.0
2013-10-17,6.3708300000000015,6.5875,6.3675,6.58333,6.44296,33648000.0
2013-10-18,6.65333,6.7233300000000025,6.61,6.7,6.55714,29371200.0
2013-10-21,6.7175,6.75167,6.66667,6.71667,6.5734600000000025,22672800.0
2013-10-22,6.77083,6.8875,6.74167,6.82667,6.68111,32780400.0
2013-10-23,6.75833,6.76583,6.65833,6.7366699999999975,6.5930300000000015,29656800.0
2013-10-24,6.7675,6.81917,6.7225,6.79833,6.65338,19132800.0
2013-10-25,6.8391699999999975,6.8883300000000025,6.7975,6.88667,6.73983,21489600.0
2013-10-28,6.8825,6.9475,6.8583300000000005,6.9158300000000015,6.76837,24846000.0
2013-10-29,6.96333,7.0408300000000015,6.9383300000000006,7.0408300000000015,6.89071,20574000.0
2013-10-30,7.0583300000000015,7.07,6.85,6.9275,6.7797899999999975,25209600.0
2013-10-31,6.91,6.99333,6.83333,6.855,6.70884,26407200.0
2013-11-01,6.89417,6.959169999999999,6.79833,6.9108300000000025,6.76348,26752800.0
2013-11-04,6.97667,6.995,6.90583,6.9875,6.83851,16761600.0
2013-11-05,6.9016699999999975,6.97583,6.83833,6.9208300000000005,6.77327,22903200.0
2013-11-06,7.01083,7.0625,6.95,7.01917,6.869510000000001,18507600.0
2013-11-07,7.066669999999999,7.08,6.7366699999999975,6.754169999999999,6.6101600000000005,37743600.0
2013-11-08,6.7508300000000006,7.02583,6.74917,7.02417,6.8744,27771600.0
2013-11-11,7.0125,7.05667,6.98583,7.025,6.875210000000001,12116400.0
2013-11-12,6.99,7.0375,6.9208300000000005,6.9958300000000015,6.84667,16714800.0
2013-11-13,6.88917,7.16,6.8883300000000025,7.15,6.99755,19615200.0
2013-11-14,7.1741699999999975,7.28333,7.1425,7.265,7.1101,28254000.0
2013-11-15,7.3,7.36083,7.275,7.36,7.203069999999999,20336400.0
2013-11-18,7.3966699999999985,7.4125,7.23333,7.2925,7.137010000000001,27980400.0
2013-11-19,7.26917,7.335,7.19667,7.2375,7.083189999999999,22339200.0
2013-11-20,7.28083,7.34,7.105,7.17333,7.02038,31605600.0
2013-11-21,7.2283300000000015,7.3525,7.21167,7.3375,7.18105,22732800.0
2013-11-22,7.34667,7.4475,7.31917,7.4416699999999985,7.282999999999999,19706400.0
2013-11-25,7.48417,7.48917,7.391669999999999,7.43833,7.279730000000002,17406000.0
2013-11-26,7.435,7.495,7.39583,7.42667,7.26832,15780000.0
2013-11-27,7.45333,7.49833,7.42583,7.48,7.32051,15290400.0
2013-11-29,7.50667,7.55917,7.4425,7.46333,7.3042,10766400.0
2013-12-02,7.4825,7.52083,7.375,7.41,7.252000000000002,20565600.0
2013-12-03,7.33833,7.39083,7.24167,7.325830000000002,7.1696300000000015,30895200.0
2013-12-04,7.22917,7.3966699999999985,7.13917,7.30167,7.1459800000000016,39338400.0
2013-12-05,7.2683300000000015,7.3083300000000015,7.19417,7.21917,7.0652399999999975,17881200.0
2013-12-06,7.4191699999999985,7.473330000000002,7.35833,7.44917,7.29034,29121600.0
2013-12-09,7.516669999999999,7.5408300000000015,7.48,7.505,7.34498,25186800.0
2013-12-10,7.4575,7.50333,7.4158300000000015,7.4325,7.27402,28132800.0
2013-12-11,7.43583,7.43917,7.1516699999999975,7.17333,7.02038,35977200.0
2013-12-12,7.1675,7.1925,7.06083,7.1116699999999975,6.9600300000000015,53340000.0
2013-12-13,7.1475,7.169169999999999,7.06083,7.09417,6.94291,27681600.0
2013-12-16,7.20417,7.30417,7.19833,7.22917,7.07503,29131200.0
2013-12-17,7.25583,7.25667,7.1175,7.1575,7.00489,24063600.0
2013-12-18,7.2008300000000025,7.535830000000002,7.005,7.52917,7.36863,54247200.0
2013-12-19,7.4675,7.53083,7.41,7.51167,7.3515,34924800.0
2013-12-20,7.52917,7.68833,7.525,7.63667,7.473839999999999,33465600.0
2013-12-23,7.745,7.77083,7.69917,7.7525,7.5872,22387200.0
2013-12-24,7.75667,7.8175,7.75583,7.81083,7.64429,14390400.0
2013-12-26,7.86583,7.93833,7.85833,7.92833,7.759289999999999,18394800.0
2013-12-27,7.9625,7.9675,7.89833,7.92333,7.754389999999999,19660800.0
2013-12-30,7.9275,7.94083,7.8875,7.9158300000000015,7.74705,13562400.0
2013-12-31,7.954169999999999,8.0275,7.9333300000000015,8.025830000000001,7.854710000000002,27232800.0
2014-01-02,7.93417,7.9475,7.74333,7.79667,7.63043,38781600.0
2014-01-03,7.835,7.88333,7.76083,7.78333,7.617380000000002,33884400.0
2014-01-06,7.8675,7.87667,7.68833,7.7316699999999985,7.56681,25076400.0
2014-01-07,7.81583,7.905,7.80083,7.86583,7.6981199999999985,28370400.0
2014-01-08,7.8625,7.910830000000002,7.79167,7.874169999999999,7.70627,28254000.0
2014-01-09,7.94417,7.94917,7.77917,7.88,7.71198,20900400.0
2014-01-10,7.92833,7.95833,7.805,7.9475,7.77805,23269200.0
2014-01-13,7.888330000000002,7.95333,7.58583,7.638330000000002,7.47547,35209200.0
2014-01-14,7.7091699999999985,7.891669999999999,7.664169999999999,7.87667,7.70872,32073600.0
2014-01-15,7.931669999999999,8.04167,7.924169999999997,8.0075,7.83677,24126000.0
2014-01-16,7.96,7.98333,7.9,7.97417,7.8041399999999985,13526400.0
2014-01-17,7.936669999999999,7.9775,7.83333,7.8708300000000015,7.703010000000001,17935200.0
2014-01-21,8.0075,8.01667,7.795,7.94,7.7707,22083600.0
2014-01-22,7.985,7.9875,7.90417,7.9575,7.78783,12178800.0
2014-01-23,7.8375,7.839169999999997,7.6375,7.766669999999999,7.60107,29136000.0
2014-01-24,7.60917,7.61667,7.2575,7.2575,7.102760000000001,43471200.0
2014-01-27,7.2875,7.3375,7.0458300000000005,7.15417,7.0016300000000005,41452800.0
2014-01-28,7.18083,7.31,7.16667,7.28,7.12478,23908800.0
2014-01-29,7.1,7.21583,7.01417,7.0625,6.9119100000000016,37215600.0
2014-01-30,7.24833,7.36417,7.18,7.30167,7.1459800000000016,20128800.0
2014-01-31,7.025,7.3,7.01417,7.1658300000000015,7.0130399999999975,31102800.0
2014-02-03,7.13667,7.1875,6.64,6.68083,6.53838,53178000.0
2014-02-04,6.7725,6.8708300000000015,6.7008300000000025,6.81583,6.67051,42784800.0
2014-02-05,6.74667,6.8391699999999975,6.6225,6.7925,6.64767,27994800.0
2014-02-06,6.84417,7.06167,6.84417,7.055,6.90457,25838400.0
2014-02-07,7.165,7.3475,7.09417,7.33333,7.17697,32925600.0
2014-02-10,7.3275,7.3725,7.26917,7.36667,7.2096,21825600.0
2014-02-11,7.39,7.6625,7.3708300000000015,7.60417,7.44203,30808800.0
2014-02-12,7.64083,7.71167,7.57167,7.625,7.46242,25171200.0
2014-02-13,7.464169999999997,7.75917,7.4625,7.74083,7.57578,30630000.0
2014-02-14,7.71583,7.905,7.6925,7.85833,7.69078,29476800.0
2014-02-18,7.88167,7.92333,7.815,7.8933300000000015,7.72503,21598800.0
2014-02-19,7.83167,7.98083,7.71167,7.73083,7.566,41121600.0
2014-02-20,7.76417,7.92167,7.681669999999999,7.85917,7.6916,29469600.0
2014-02-21,7.91833,7.97,7.83,7.848330000000002,7.680989999999999,20563200.0
2014-02-24,7.8933300000000015,8.12833,7.88,7.965,7.79517,24084000.0
2014-02-25,7.986669999999997,8.0575,7.88417,7.96,7.79028,29634000.0
2014-02-26,7.994169999999999,8.0575,7.8966699999999985,7.96083,7.79109,23538000.0
2014-02-27,7.92583,8.0925,7.9025,8.0925,7.91995,22054800.0
2014-02-28,8.08417,8.26,7.98833,8.144169999999999,7.97052,31989600.0
2014-03-03,7.93583,8.035,7.815,7.975,7.80496,44696400.0
2014-03-04,8.206669999999999,8.36583,8.20417,8.31333,8.13608,43336800.0
2014-03-05,8.3275,8.376669999999999,8.29583,8.31917,8.14179,27572400.0
2014-03-06,8.4,8.45083,8.355,8.39583,8.21682,21564000.0
2014-03-07,8.48583,8.49583,8.29417,8.395,8.216000000000001,35751600.0
2014-03-10,8.36333,8.3975,8.24333,8.38833,8.209480000000001,14299200.0
2014-03-11,8.42917,8.46167,8.205,8.26333,8.08714,22996800.0
2014-03-12,8.140830000000001,8.27667,8.085,8.269169999999999,8.09285,25095600.0
2014-03-13,8.34083,8.36167,7.924169999999997,7.994169999999999,7.82372,34593600.0
2014-03-14,7.936669999999999,8.0675,7.8925,7.92083,7.75195,26542800.0
2014-03-17,8.0375,8.19167,8.03167,8.12917,7.9558399999999985,23864400.0
2014-03-18,8.18083,8.34083,8.16,8.31,8.132819999999999,20163600.0
2014-03-19,8.31917,8.3475,8.0175,8.185830000000001,8.0113,26382000.0
2014-03-20,8.1175,8.33333,8.07917,8.315,8.13771,25431600.0
2014-03-21,8.418330000000001,8.480830000000001,8.19583,8.2225,8.04718,21807600.0
2014-03-24,8.30583,8.33417,8.0125,8.11583,7.94279,27738000.0
2014-03-25,8.24,8.31583,8.09583,8.23583,8.06023,28738800.0
2014-03-26,8.3325,8.3675,8.05167,8.05167,7.8799899999999985,24176400.0
2014-03-27,8.02833,8.1,7.9158300000000015,8.00417,7.8335,29328000.0
2014-03-28,8.06833,8.24,8.05583,8.11667,7.9436,21489600.0
2014-03-31,8.27333,8.35667,8.24667,8.31917,8.14179,24878400.0
2014-04-01,8.4,8.498330000000001,8.37917,8.48583,8.3049,22017600.0
2014-04-02,8.52,8.60167,8.47,8.57333,8.39053,18250800.0
2014-04-03,8.61167,8.615,8.45833,8.53167,8.34976,17594400.0
2014-04-04,8.67083,8.68167,8.19167,8.235,8.05942,39952800.0
2014-04-07,8.16917,8.21167,7.91,7.9525,7.782939999999999,44493600.0
2014-04-08,7.9416699999999985,8.095,7.86333,8.05833,7.88651,26694000.0
2014-04-09,8.11833,8.3225,8.0525,8.3175,8.14016,22245600.0
2014-04-10,8.31167,8.32667,7.763330000000002,7.79,7.6239,36822000.0
2014-04-11,7.660830000000002,7.82167,7.556669999999999,7.57833,7.41675,33009600.0
2014-04-14,7.75667,7.811669999999999,7.57,7.755,7.58965,18866400.0
2014-04-15,7.8075,7.9325,7.57333,7.915,7.7462399999999985,30820800.0
2014-04-16,8.07417,8.16667,7.97417,8.16417,7.990089999999999,16022400.0
2014-04-17,8.13333,8.265,8.09167,8.19583,8.02108,16309200.0
2014-04-21,8.205,8.28917,8.175,8.28917,8.11243,10266000.0
2014-04-22,8.30833,8.463330000000001,8.2975,8.3925,8.213560000000001,17950800.0
2014-04-23,8.3825,8.39917,8.31667,8.34083,8.162989999999999,10135200.0
2014-04-24,8.46167,8.46167,8.26833,8.390830000000001,8.21192,14872800.0
2014-04-25,8.30167,8.3175,8.11833,8.18083,8.0064,18435600.0
2014-04-28,8.27917,8.36417,8.00583,8.2575,8.081430000000001,26370000.0
2014-04-29,8.335,8.40833,8.28333,8.373330000000001,8.1948,16328400.0
2014-04-30,8.33083,8.47,8.295,8.456669999999999,8.27636,16524000.0
2014-05-01,8.4325,8.5175,8.37,8.4525,8.27228,17024400.0
2014-05-02,8.44833,8.55667,8.37417,8.418330000000001,8.23884,17756400.0
2014-05-05,8.29083,8.4775,8.22083,8.4625,8.282060000000001,13335600.0
2014-05-06,8.40583,8.42,8.234169999999999,8.24167,8.06594,14642400.0
2014-05-07,8.32083,8.39333,8.1375,8.3875,8.20866,19064400.0
2014-05-08,8.35667,8.536669999999999,8.275,8.359169999999999,8.18093,15543600.0
2014-05-09,8.3575,8.4025,8.2425,8.39917,8.220080000000001,12020400.0
2014-05-12,8.50583,8.65,8.4975,8.63583,8.4517,21840000.0
2014-05-13,8.66667,8.72583,8.63583,8.66083,8.47617,10725600.0
2014-05-14,8.64,8.64833,8.501669999999999,8.536669999999999,8.35465,10306800.0
2014-05-15,8.48333,8.49167,8.1875,8.30333,8.12629,28278000.0
2014-05-16,8.3225,8.40583,8.22167,8.39917,8.220080000000001,12990000.0
2014-05-19,8.3475,8.50833,8.32417,8.49083,8.30979,8440800.0
2014-05-20,8.474169999999999,8.4775,8.2625,8.32583,8.14831,15374400.0
2014-05-21,8.394169999999999,8.54833,8.39333,8.53333,8.351389999999999,11769600.0
2014-05-22,8.54083,8.6525,8.50083,8.60167,8.41827,9894000.0
2014-05-23,8.63,8.72,8.6125,8.7025,8.51695,14384400.0
2014-05-27,8.80333,8.86833,8.78833,8.86667,8.677610000000001,8616000.0
2014-05-28,8.86417,8.90333,8.80167,8.84167,8.653139999999999,10154400.0
2014-05-29,8.9025,8.980830000000003,8.84,8.97917,8.78771,8726400.0
2014-05-30,8.95833,9.04,8.93167,9.01667,8.82441,11775600.0
2014-06-02,9.05917,9.06667,8.9225,9.05667,8.863560000000003,8799600.0
2014-06-03,8.98833,9.05333,8.965,9.0425,8.8497,8576400.0
2014-06-04,8.985,9.10833,8.963330000000003,9.08667,8.89292,12621600.0
2014-06-05,9.125,9.29917,9.02667,9.275,9.07724,13269600.0
2014-06-06,9.33333,9.41083,9.31833,9.40667,9.2061,8180400.0
2014-06-09,9.3975,9.50083,9.375,9.4325,9.23138,10455600.0
2014-06-10,9.39833,9.44,9.33833,9.43917,9.23791,6728400.0
2014-06-11,9.33917,9.36667,9.27333,9.34417,9.14493,14004000.0
2014-06-12,9.29917,9.31667,9.07667,9.14,8.94512,15594000.0
2014-06-13,9.1925,9.245,9.10167,9.22333,9.02668,10756800.0
2014-06-16,9.18167,9.29833,9.15,9.23917,9.04217,15340800.0
2014-06-17,9.2,9.33667,9.175,9.31333,9.11475,9880800.0
2014-06-18,9.31583,9.53917,9.265,9.52583,9.32273,14527200.0
2014-06-19,9.5475,9.5725,9.45667,9.5575,9.35372,10465200.0
2014-06-20,9.62583,9.62917,9.58,9.61583,9.4108,8389200.0
2014-06-23,9.61667,9.6275,9.5525,9.60417,9.39939,7203600.0
2014-06-24,9.54917,9.69167,9.39667,9.43,9.22893,15608400.0
2014-06-25,9.36,9.5775,9.36,9.5475,9.35012,10405200.0
2014-06-26,9.5525,9.55333,9.33833,9.53333,9.33625,12081600.0
2014-06-27,9.46,9.5925,9.45,9.58667,9.38848,8779200.0
2014-06-30,9.5675,9.63333,9.54167,9.57167,9.37379,10904400.0
2014-07-01,9.63833,9.845,9.62917,9.75833,9.5566,13686000.0
2014-07-02,9.75833,9.82167,9.7475,9.78417,9.5819,6730800.0
2014-07-03,9.86833,9.9425,9.85333,9.93167,9.72635,5523600.0
2014-07-07,9.87583,9.89917,9.78417,9.83333,9.63005,9716400.0
2014-07-08,9.76917,9.78,9.56583,9.64583,9.44643,15727200.0
2014-07-09,9.705,9.79083,9.64917,9.76667,9.56476,8826000.0
2014-07-10,9.48583,9.72667,9.45917,9.64917,9.44969,13298400.0
2014-07-11,9.63833,9.70833,9.56917,9.695,9.49458,10245600.0
2014-07-14,9.83333,9.87417,9.8,9.83083,9.6276,7644000.0
2014-07-15,9.855,9.91083,9.655,9.78,9.57782,12788400.0
2014-07-16,9.905,9.93083,9.81,9.88667,9.68228,11082000.0
2014-07-17,9.7925,9.90833,9.50833,9.5475,9.35012,20302800.0
2014-07-18,9.6475,9.86833,9.625,9.83833,9.63495,10227600.0
2014-07-21,9.74667,9.80833,9.64833,9.77833,9.57619,9975600.0
2014-07-22,9.88583,9.9625,9.86333,9.91,9.70513,10396800.0
2014-07-23,9.95417,10.00833,9.89833,9.97667,9.77042,8426400.0
2014-07-24,10.01333,10.03917,9.9525,9.97917,9.77287,7998000.0
2014-07-25,9.89583,9.92,9.78083,9.8425,9.63903,8739600.0
2014-07-28,9.83917,9.89167,9.67417,9.84833,9.64474,9784800.0
2014-07-29,9.90083,9.94167,9.72,9.72333,9.52233,10519200.0
2014-07-30,9.82583,9.86167,9.60667,9.72333,9.52233,17413200.0
2014-07-31,9.52583,9.54583,9.1375,9.14667,8.95758,35482800.0
2014-08-01,9.06833,9.24,8.93333,9.05833,8.87107,24831600.0
2014-08-04,9.11667,9.31417,8.998330000000003,9.25333,9.06204,11648400.0
2014-08-05,9.14,9.21417,8.88833,8.97917,8.79354,19351200.0
2014-08-06,8.86167,9.10833,8.855,8.98833,8.80252,14440800.0
2014-08-07,9.1125,9.14167,8.78083,8.84083,8.65807,17290800.0
2014-08-08,8.90167,9.17083,8.8375,9.14917,8.96003,14931600.0
2014-08-11,9.25333,9.35667,9.22167,9.23667,9.04572,16249200.0
2014-08-12,9.205,9.27917,9.11333,9.1925,9.002469999999997,12483600.0
2014-08-13,9.30583,9.41,9.25833,9.39167,9.19752,19465200.0
2014-08-14,9.425,9.51083,9.39833,9.51,9.3134,7336800.0
2014-08-15,9.61417,9.645,9.3025,9.50583,9.30932,25885200.0
2014-08-18,9.66667,9.75917,9.64833,9.74,9.53865,12424800.0
2014-08-19,9.8125,9.92,9.78917,9.89333,9.68881,12236400.0
2014-08-20,9.855,10.01,9.85417,9.97667,9.77042,11031600.0
2014-08-21,10.00417,10.10083,9.97917,10.065,9.85693,7340400.0
2014-08-22,10.04,10.0925,9.9475,10.0125,9.80551,13840800.0
2014-08-25,10.1625,10.21583,10.11667,10.1625,9.95241,9922800.0
2014-08-26,10.175,10.2625,10.175,10.19,9.97935,8769600.0
2014-08-27,10.19917,10.2225,10.13,10.17917,9.96874,5786400.0
2014-08-28,10.07167,10.17333,10.04167,10.1575,9.94752,11628000.0
2014-08-29,10.20833,10.245,10.10667,10.24,10.02831,7922400.0
2014-09-02,10.27833,10.285,10.11167,10.21917,10.00791,9810000.0
2014-09-03,10.33833,10.34583,10.16667,10.21333,10.0022,8251200.0
2014-09-04,10.25333,10.37167,10.07917,10.15583,9.94589,16165200.0
2014-09-05,10.15167,10.3075,10.04167,10.3,10.08707,10602000.0
2014-09-08,10.26667,10.31167,10.12833,10.22083,10.00954,11233200.0
2014-09-09,10.18667,10.21,9.96417,10.02833,9.82102,11598000.0
2014-09-10,10.04083,10.15417,9.93667,10.14167,9.93201,14349600.0
2014-09-11,10.015,10.175,9.99167,10.16417,9.95405,8584800.0
2014-09-12,10.14083,10.14167,9.90583,9.99167,9.78511,14773200.0
2014-09-15,9.99417,10.0175,9.8775,9.9675,9.76144,9400800.0
2014-09-16,9.91167,10.24167,9.89167,10.19417,9.98343,11156400.0
2014-09-17,10.24,10.37167,10.08333,10.23167,10.02015,20280000.0
2014-09-18,10.32417,10.39833,10.28833,10.39167,10.17684,8080800.0
2014-09-19,10.4975,10.52083,10.30333,10.375,10.16052,11780400.0
2014-09-22,10.30583,10.3125,10.0625,10.12167,9.91242,13479600.0
2014-09-23,10.01167,10.14,9.93917,9.95,9.7443,13480800.0
2014-09-24,9.95,10.19333,9.87167,10.18,9.97548,14343600.0
2014-09-25,10.0925,10.095,9.67667,9.68583,9.49124,21032400.0
2014-09-26,9.72833,9.985,9.69667,9.9225,9.72316,14812800.0
2014-09-29,9.65583,9.90917,9.6325,9.86083,9.66273,13614000.0
2014-09-30,9.88,9.96917,9.72083,9.78,9.58352,15445200.0
2014-10-01,9.72667,9.73667,9.31667,9.38667,9.19809,35610000.0
2014-10-02,9.36,9.48167,9.095,9.38083,9.19237,26274000.0
2014-10-03,9.5725,9.75083,9.48667,9.69167,9.49696,25302000.0
2014-10-06,9.81083,9.8525,9.555,9.65583,9.46185,22689600.0
2014-10-07,9.51,9.5725,9.21,9.215,9.02987,24819600.0
2014-10-08,9.22167,9.73,9.07917,9.69917,9.50431,34288800.0
2014-10-09,9.64333,9.68333,9.09417,9.11083,8.9278,35967600.0
2014-10-10,9.1075,9.24083,8.796669999999997,8.80083,8.62402,41282400.0
2014-10-13,8.78,8.885,8.35,8.36667,8.19858,31405200.0
2014-10-14,8.5,8.68417,8.31333,8.41,8.24104,36704400.0
2014-10-15,8.065,8.29083,7.62333,8.205,8.04016,63351600.0
2014-10-16,7.785,8.37833,7.7625,8.2,8.035260000000001,56119200.0
2014-10-17,8.49417,8.66917,8.3875,8.50833,8.3374,38863200.0
2014-10-20,8.453330000000001,8.76333,8.44167,8.74917,8.5734,18690000.0
2014-10-21,8.9375,9.28083,8.90917,9.26583,9.07968,32026800.0
2014-10-22,9.32083,9.3825,9.0575,9.0725,8.89023,24807600.0
2014-10-23,9.34083,9.55417,9.2875,9.39083,9.20217,22768800.0
2014-10-24,9.4225,9.60333,9.3225,9.58917,9.39652,15549600.0
2014-10-27,9.49583,9.6,9.39167,9.55583,9.36386,20336400.0
2014-10-28,9.655,9.88667,9.64167,9.87417,9.67579,17485200.0
2014-10-29,9.90333,9.99,9.64083,9.84833,9.65048,23438400.0
2014-10-30,9.75417,10.1125,9.73833,10.03917,9.83748,30613200.0
2014-10-31,10.39167,10.395,10.23917,10.37,10.16167,21634800.0
2014-11-03,10.405,10.49083,10.31667,10.38667,10.178,14913600.0
2014-11-04,10.29917,10.35917,10.125,10.28667,10.08001,18361200.0
2014-11-05,10.5,10.51167,10.33583,10.47333,10.26292,16200000.0
2014-11-06,10.48083,10.61417,10.36083,10.605,10.39195,17281200.0
2014-11-07,10.59667,10.66667,10.51667,10.63333,10.41971,13335600.0
2014-11-10,10.63833,10.73583,10.59333,10.7225,10.50708,10610400.0
2014-11-11,10.74083,10.7775,10.68,10.75417,10.53812,6682800.0
2014-11-12,10.62833,10.7625,10.62,10.72333,10.5079,10899600.0
2014-11-13,10.75167,10.85833,10.60417,10.755,10.53893,14966400.0
2014-11-14,10.74,10.80083,10.68417,10.76667,10.55036,9354000.0
2014-11-17,10.6975,10.81583,10.67167,10.7875,10.57078,11232000.0
2014-11-18,10.7925,11.02667,10.7925,10.97167,10.75125,11781600.0
2014-11-19,10.9275,10.97,10.77167,10.91583,10.69654,15583200.0
2014-11-20,10.76167,10.99333,10.75167,10.9725,10.75206,11058000.0
2014-11-21,11.305,11.31667,11.04,11.1575,10.93335,20618400.0
2014-11-24,11.23333,11.2675,11.19,11.24417,11.01827,8625600.0
2014-11-25,11.28833,11.32833,11.1725,11.23417,11.00847,14613600.0
2014-11-26,11.2475,11.32333,11.20583,11.30917,11.08196,8482800.0
2014-11-28,11.28,11.33833,11.18667,11.235,11.00929,10594800.0
2014-12-01,11.09833,11.1225,10.93333,11.00583,10.78472,17787600.0
2014-12-02,10.99667,11.24583,10.99667,11.20167,10.97663,14526000.0
2014-12-03,11.235,11.37583,11.2075,11.345,11.11708,12020400.0
2014-12-04,11.28,11.39583,11.14167,11.30083,11.0738,13741200.0
2014-12-05,11.335,11.42917,11.28333,11.35083,11.1228,11734800.0
2014-12-08,11.2775,11.37333,11.01667,11.13,10.9064,15742800.0
2014-12-09,10.765,11.1225,10.68417,11.09667,10.87373,23731200.0
2014-12-10,11.01167,11.01917,10.53,10.57167,10.35928,22762800.0
2014-12-11,10.6775,11.03667,10.65,10.7175,10.50218,19245600.0
2014-12-12,10.48583,10.66667,10.20167,10.20833,10.00325,21154800.0
2014-12-15,10.3775,10.45417,9.87917,9.98,9.7795,27814800.0
2014-12-16,9.84667,10.42417,9.74167,9.7575,9.56147,35848800.0
2014-12-17,9.82917,10.40083,9.80417,10.34833,10.14044,31845600.0
2014-12-18,10.78,11.0925,10.6525,11.08583,10.86312,34204800.0
2014-12-19,11.21417,11.365,11.08917,11.22917,11.00357,25807200.0
2014-12-22,11.26167,11.37917,11.21167,11.36667,11.14998,11708400.0
2014-12-23,11.49833,11.5,11.38417,11.42917,11.21128,12613200.0
2014-12-24,11.47083,11.515,11.41667,11.42833,11.21047,4766400.0
2014-12-26,11.50583,11.5975,11.50333,11.53,11.3102,9796800.0
2014-12-29,11.49083,11.61583,11.47667,11.57167,11.35107,6776400.0
2014-12-30,11.4825,11.51583,11.3725,11.39417,11.17695,13495200.0
2014-12-31,11.45417,11.4825,11.02917,11.05083,10.84016,17282400.0
2015-01-02,11.1875,11.26583,10.8275,11.02083,10.81073,19633200.0
2015-01-05,10.8225,10.85833,10.37167,10.4275,10.22871,30900000.0
2015-01-06,10.4875,10.58333,9.99,10.145,9.9516,35046000.0
2015-01-07,10.385,10.575,10.295,10.51917,10.31863,21228000.0
2015-01-08,10.78167,11.1125,10.7775,11.07417,10.86305,27528000.0
2015-01-09,11.15167,11.15667,10.6875,10.8025,10.59657,31858800.0
2015-01-12,10.84,10.85917,10.43667,10.54167,10.3407,22184400.0
2015-01-13,10.78417,10.9875,10.215,10.455,10.25569,33775200.0
2015-01-14,10.08417,10.3025,9.91083,10.27167,10.07585,38570400.0
2015-01-15,10.385,10.445,9.97,9.99083,9.80037,28426800.0
2015-01-16,9.955,10.40667,9.91917,10.36333,10.16577,28504800.0
2015-01-20,10.49417,10.54417,10.1575,10.44583,10.2467,20178000.0
2015-01-21,10.35667,10.69,10.275,10.59917,10.39711,20845200.0
2015-01-22,10.74667,11.09833,10.4875,11.0775,10.86632,31155600.0
2015-01-23,11.015,11.07417,10.865,10.88417,10.67668,20234400.0
2015-01-26,10.85167,10.98417,10.71333,10.975,10.76578,15896400.0
2015-01-27,10.57417,10.75333,10.37167,10.5375,10.33662,25645200.0
2015-01-28,10.75417,10.7725,10.0925,10.10833,9.91563,25120800.0
2015-01-29,10.16167,10.45333,9.905,10.40833,10.20991,30286800.0
2015-01-30,10.17833,10.43083,9.96333,10.00417,9.81345,29775600.0
2015-02-02,10.10583,10.3975,9.77333,10.37,10.17231,27787200.0
2015-02-03,10.54917,10.83083,10.48,10.82333,10.617,27626400.0
2015-02-04,10.68333,10.915,10.61833,10.70083,10.49684,20988000.0
2015-02-05,10.83333,11.05667,10.8175,11.03417,10.82382,16516800.0
2015-02-06,11.1025,11.20833,10.83833,10.93667,10.72817,17878800.0
2015-02-09,10.81167,10.94917,10.71083,10.7875,10.58185,11575200.0
2015-02-10,10.98917,11.17917,10.81917,11.135,10.92273,15705600.0
2015-02-11,11.09583,11.23167,10.97333,11.15333,10.94071,20023200.0
2015-02-12,11.30333,11.47917,11.27083,11.47167,11.25298,20899200.0
2015-02-13,11.49917,11.62167,11.445,11.62,11.39848,14593200.0
2015-02-17,11.55167,11.70083,11.5025,11.68,11.45734,10882800.0
2015-02-18,11.58667,11.68417,11.53833,11.66833,11.44589,9211200.0
2015-02-19,11.54667,11.71667,11.52,11.64583,11.42382,12477600.0
2015-02-20,11.56083,11.86667,11.4375,11.8575,11.63145,16066800.0
2015-02-23,11.79833,11.84917,11.725,11.84917,11.62328,11510400.0
2015-02-24,11.8375,11.98667,11.775,11.94917,11.72137,12530400.0
2015-02-25,11.92333,12.02,11.84583,11.91,11.68295,9608400.0
2015-02-26,11.89667,11.92833,11.75083,11.87083,11.64453,11521200.0
2015-02-27,11.85167,11.9075,11.745,11.75333,11.52927,7704000.0
2015-03-02,11.77083,11.98417,11.77083,11.97333,11.74508,10248000.0
2015-03-03,11.8825,11.9025,11.65167,11.825,11.59957,15771600.0
2015-03-04,11.7025,11.71833,11.48,11.66917,11.44671,15465600.0
2015-03-05,11.74,11.76667,11.6125,11.71,11.48676,8149200.0
2015-03-06,11.52417,11.62667,11.15083,11.2075,10.99384,25308000.0
2015-03-09,11.25167,11.42333,11.23583,11.355,11.13853,13077600.0
2015-03-10,11.08333,11.10333,10.8,10.8,10.59411,25626000.0
2015-03-11,10.84333,10.88333,10.70833,10.72083,10.51645,13868400.0
2015-03-12,10.84,11.14333,10.84,11.13,10.91782,16618800.0
2015-03-13,11.07917,11.10667,10.72583,10.925,10.71673,28779600.0
2015-03-16,11.06167,11.38083,11.06167,11.37083,11.15407,15064800.0
2015-03-17,11.215,11.33417,11.10417,11.26167,11.04698,15726000.0
2015-03-18,11.16667,11.795,11.04333,11.6575,11.43527,32468400.0
2015-03-19,11.58667,11.63667,11.43083,11.50167,11.2824,18770400.0
2015-03-20,11.7,11.90917,11.6825,11.80583,11.58077,18174000.0
2015-03-23,11.8125,11.92583,11.7425,11.7425,11.51865,9147600.0
2015-03-24,11.7125,11.805,11.52833,11.53583,11.31592,11988000.0
2015-03-25,11.57417,11.61583,11.01667,11.0175,10.81778,20214000.0
2015-03-26,10.89167,11.11917,10.76167,10.945,10.7466,26779200.0
2015-03-27,10.92167,11.05583,10.885,11.01167,10.81205,11611200.0
2015-03-30,11.22333,11.47667,11.22167,11.41833,11.21135,19868400.0
2015-03-31,11.25,11.39167,11.11167,11.12167,10.92006,19388400.0
2015-04-01,11.11083,11.11083,10.80917,11.005,10.80551,20424000.0
2015-04-02,10.99083,11.2025,10.95417,11.10417,10.90288,13136400.0
2015-04-06,10.94583,11.44083,10.92,11.34083,11.13526,20715600.0
2015-04-07,11.34833,11.49333,11.24583,11.24583,11.04198,14068800.0
2015-04-08,11.2975,11.44667,11.21667,11.365,11.15898,27902400.0
2015-04-09,11.33417,11.56,11.23833,11.51917,11.31035,16947600.0
2015-04-10,11.56167,11.71,11.52667,11.69917,11.48709,10410000.0
2015-04-13,11.67083,11.8,11.535,11.54667,11.33735,7802400.0
2015-04-14,11.50833,11.645,11.38,11.60833,11.3979,15103200.0
2015-04-15,11.7075,11.86333,11.69,11.76167,11.54846,12264000.0
2015-04-16,11.69917,11.8525,11.65833,11.75083,11.53782,9342000.0
2015-04-17,11.5125,11.5575,11.1925,11.345,11.13934,23473200.0
2015-04-20,11.53083,11.71917,11.51333,11.65333,11.44209,14014800.0
2015-04-21,11.79417,11.8225,11.5575,11.61417,11.40363,10873200.0
2015-04-22,11.68167,11.82083,11.49917,11.78333,11.56973,10658400.0
2015-04-23,11.70333,12.0025,11.68833,11.8725,11.65728,14616000.0
2015-04-24,11.96083,12.0075,11.86667,11.9575,11.74074,7588800.0
2015-04-27,12.07,12.09333,11.7675,11.8,11.5861,13173600.0
2015-04-28,11.805,11.93,11.5625,11.90833,11.69247,18178800.0
2015-04-29,11.73833,11.89167,11.6075,11.76333,11.55009,21693600.0
2015-04-30,11.655,11.73,11.27583,11.41,11.20317,27524400.0
2015-05-01,11.57,11.79167,11.54917,11.775,11.56155,15537600.0
2015-05-04,11.86917,12.0,11.84583,11.88917,11.67365,9888000.0
2015-05-05,11.835,11.905,11.4475,11.46583,11.25799,24255600.0
2015-05-06,11.58583,11.64167,11.1225,11.32833,11.12298,25440000.0
2015-05-07,11.30833,11.54833,11.24833,11.46583,11.25799,16803600.0
2015-05-08,11.79167,11.9575,11.7825,11.91167,11.69574,17661600.0
2015-05-11,11.905,11.965,11.7325,11.7475,11.53455,13219200.0
2015-05-12,11.58083,11.75,11.41417,11.635,11.42409,20138400.0
2015-05-13,11.72417,11.84583,11.60083,11.64833,11.43718,13730400.0
2015-05-14,11.8525,12.02667,11.79583,12.01333,11.79556,14589600.0
2015-05-15,12.05083,12.07833,11.95333,12.04917,11.83075,9471600.0
2015-05-18,12.00917,12.2125,12.00583,12.16083,11.94039,8428800.0
2015-05-19,12.18833,12.24083,12.09167,12.14417,11.92402,8245200.0
2015-05-20,12.17,12.27667,12.05833,12.12167,11.90193,10744200.0
2015-05-21,12.095,12.27,12.05833,12.225,12.00339,7018800.0
2015-05-22,12.15,12.235,12.12333,12.14,11.91994,8347800.0
2015-05-26,12.035,12.05333,11.665,11.755,11.54191,14795400.0
2015-05-27,11.83667,12.125,11.77167,12.07,11.8512,9085200.0
2015-05-28,12.00833,12.06,11.89667,12.03833,11.82011,8480400.0
2015-05-29,12.02167,12.03,11.76,11.80167,11.58773,13515000.0
2015-06-01,11.93833,12.01167,11.725,11.87833,11.66301,11705400.0
2015-06-02,11.78833,11.98667,11.66667,11.845,11.63028,11564400.0
2015-06-03,11.95,12.06833,11.845,11.93667,11.72029,15142200.0
2015-06-04,11.79667,11.915,11.575,11.66,11.44864,18891600.0
2015-06-05,11.61,11.71,11.44667,11.585,11.37499,13762200.0
2015-06-08,11.55333,11.58167,11.34833,11.36833,11.16226,12429000.0
2015-06-09,11.365,11.45833,11.23333,11.35,11.14425,12243600.0
2015-06-10,11.51167,11.83833,11.49833,11.76833,11.55501,18868200.0
2015-06-11,11.85667,11.95333,11.80667,11.875,11.65974,11053200.0
2015-06-12,11.70167,11.73833,11.55,11.595,11.38481,15086400.0
2015-06-15,11.37333,11.50667,11.235,11.44167,11.23426,19312200.0
2015-06-16,11.42,11.655,11.38833,11.64333,11.43227,9987000.0
2015-06-17,11.705,11.81333,11.49167,11.7,11.48791,16120800.0
2015-06-18,11.8,12.15167,11.79667,12.045,11.82666,14883600.0
2015-06-19,12.01333,12.02333,11.83333,11.83667,11.6221,10892400.0
2015-06-22,12.08333,12.19667,12.04,12.07833,11.85939,12500400.0
2015-06-23,12.11667,12.17,12.025,12.105,11.88557,7566600.0
2015-06-24,12.05333,12.12167,11.83667,11.83667,11.6245,9885000.0
2015-06-25,11.94667,11.965,11.71667,11.72,11.50992,8954400.0
2015-06-26,11.80167,11.84833,11.615,11.72167,11.51156,9890400.0
2015-06-29,11.42667,11.55667,10.97167,10.99,10.79301,32073000.0
2015-06-30,11.27833,11.28833,10.96167,11.06667,10.8683,49588800.0
2015-07-01,11.36833,11.4,11.17,11.31333,11.11055,23600400.0
2015-07-02,11.41,11.44167,11.20333,11.27833,11.07617,13642200.0
2015-07-06,11.02667,11.33667,10.99,11.18667,10.98615,17383200.0
2015-07-07,11.22833,11.41667,10.76667,11.38667,11.18257,30744600.0
2015-07-08,11.135,11.19167,10.77833,10.82333,10.62933,31335000.0
2015-07-09,11.225,11.26667,10.86833,10.87667,10.68171,20211600.0
2015-07-10,11.25333,11.36667,11.13167,11.29,11.08763,20992200.0
2015-07-13,11.535,11.68333,11.52667,11.65833,11.44936,16374000.0
2015-07-14,11.64833,11.87333,11.64833,11.82167,11.60977,13250400.0
2015-07-15,11.82333,11.91167,11.70667,11.8,11.58849,12015600.0
2015-07-16,12.01167,12.08167,11.965,12.06833,11.85201,15892800.0
2015-07-17,12.08333,12.12333,12.0,12.10667,11.88966,10082400.0
2015-07-20,12.16333,12.225,12.06333,12.13167,11.91421,12264600.0
2015-07-21,12.09333,12.15333,11.92167,11.97833,11.76363,12259200.0
2015-07-22,11.84,11.98333,11.83667,11.90667,11.69324,9341400.0
2015-07-23,11.94833,11.96167,11.64333,11.71,11.5001,11194800.0
2015-07-24,11.72833,11.745,11.28667,11.355,11.15147,19510800.0
2015-07-27,11.18333,11.275,11.06833,11.15167,10.95178,18014400.0
2015-07-28,11.32,11.58833,11.15333,11.55833,11.35116,17365800.0
2015-07-29,11.58333,11.84167,11.55667,11.79667,11.58522,14928000.0
2015-07-30,11.7,11.83833,11.57167,11.79833,11.58685,11894400.0
2015-07-31,11.90833,11.91167,11.695,11.75,11.53939,10776000.0
2015-08-03,11.74,11.75167,11.44167,11.62167,11.41335,12441000.0
2015-08-04,11.61333,11.705,11.46833,11.55833,11.35116,8932800.0
2015-08-05,11.74333,11.88,11.62,11.67167,11.46246,11898000.0
2015-08-06,11.705,11.73333,11.27167,11.41667,11.21203,14691000.0
2015-08-07,11.36167,11.38667,11.14667,11.31833,11.11546,18990600.0
2015-08-10,11.53833,11.76333,11.53833,11.74167,11.5312,13328400.0
2015-08-11,11.475,11.56167,11.27833,11.42667,11.22185,23100000.0
2015-08-12,11.17167,11.505,10.88833,11.45833,11.25294,30555600.0
2015-08-13,11.44833,11.57167,11.32,11.425,11.22021,19729800.0
2015-08-14,11.38833,11.56167,11.36,11.545,11.33806,10882200.0
2015-08-17,11.42833,11.74,11.34,11.74,11.52957,15495000.0
2015-08-18,11.685,11.755,11.59333,11.63833,11.42972,11087400.0
2015-08-19,11.485,11.64167,11.20333,11.36833,11.16456,37899000.0
2015-08-20,11.07,11.17,10.64,10.65,10.4591,34270200.0
2015-08-21,10.3,10.48,9.64,9.65167,9.47866,50050800.0
2015-08-24,8.11833,9.39167,7.16667,8.54,8.38692,51130200.0
2015-08-25,9.335,9.335,8.126669999999999,8.14,7.9941,40186200.0
2015-08-26,8.77667,9.135,8.3,9.1,8.93689,46369200.0
2015-08-27,9.46167,9.79333,9.20333,9.78,9.6047,48832800.0
2015-08-28,9.66167,9.855,9.57333,9.78167,9.60634,37047600.0
2015-08-31,9.6,9.75,9.43833,9.53333,9.36245,19827000.0
2015-09-01,8.88667,9.11,8.53333,8.68667,8.53096,43674600.0
2015-09-02,9.06667,9.17667,8.76667,9.17,9.00563,22163400.0
2015-09-03,9.295,9.54333,9.10833,9.185,9.02036,26616000.0
2015-09-04,8.80333,8.95167,8.635,8.77667,8.61935,29755800.0
2015-09-08,9.235,9.46,9.13,9.43833,9.26915,27992400.0
2015-09-09,9.70333,9.73,8.99167,9.055,8.89269,28913400.0
2015-09-10,9.01833,9.39333,8.98167,9.20167,9.03673,23130600.0
2015-09-11,9.12667,9.33167,9.01833,9.33167,9.1644,20170200.0
2015-09-14,9.35167,9.365,9.14333,9.21667,9.05146,16075800.0
2015-09-15,9.30833,9.64333,9.23667,9.58,9.40828,24159600.0
2015-09-16,9.62,9.85167,9.56667,9.81333,9.63743,22468800.0
2015-09-17,9.79333,10.21,9.68833,9.76333,9.58833,38282400.0
2015-09-18,9.325,9.58667,9.205,9.275,9.10875,33153000.0
2015-09-21,9.41667,9.59,9.24,9.41833,9.24951,20271600.0
2015-09-22,9.05833,9.13,8.86333,9.05667,8.89433,29486400.0
2015-09-23,9.08333,9.15833,8.911669999999997,8.998330000000003,8.83704,27396000.0
2015-09-24,8.8,8.985,8.585,8.92,8.760110000000001,44989200.0
2015-09-25,9.155,9.2,8.75833,8.89667,8.7372,41337000.0
2015-09-28,8.755,8.77,8.18167,8.22333,8.07593,46170600.0
2015-09-29,8.26667,8.456669999999999,8.09,8.24167,8.09394,39954000.0
2015-09-30,8.53333,8.72833,8.41667,8.71,8.55388,46038000.0
2015-10-01,8.76833,8.82,8.45833,8.78,8.62262,33767400.0
2015-10-02,8.44833,9.16667,8.36333,9.14667,8.98272,45420000.0
2015-10-05,9.36833,9.69,9.355,9.65,9.47703,32548800.0
2015-10-06,9.62833,9.72833,9.43833,9.55,9.37882,24195600.0
2015-10-07,9.71833,9.85,9.51167,9.79667,9.62107,24980400.0
2015-10-08,9.72333,10.10167,9.66667,10.05,9.86986,27081000.0
2015-10-09,10.08167,10.15667,9.96,10.06833,9.88786,19690800.0
2015-10-12,10.08167,10.13333,10.00833,10.11167,9.93042,12087000.0
2015-10-13,9.965,10.19333,9.87833,9.91,9.73237,17701800.0
2015-10-14,9.88667,9.99833,9.71333,9.75833,9.58342,13084800.0
2015-10-15,9.87667,10.21333,9.81667,10.20333,10.02044,20719200.0
2015-10-16,10.295,10.35333,10.15,10.34167,10.1563,15670800.0
2015-10-19,10.23333,10.36667,10.17833,10.36333,10.17758,9993600.0
2015-10-20,10.285,10.44,10.24333,10.31833,10.13338,10748400.0
2015-10-21,10.40667,10.43,10.10333,10.13833,9.95661,17344800.0
2015-10-22,10.31,10.68333,10.28333,10.64,10.44928,28792200.0
2015-10-23,10.96833,11.065,10.81333,10.99333,10.79628,21012000.0
2015-10-26,10.975,10.97667,10.85,10.92333,10.72754,11905800.0
2015-10-27,10.8,10.91833,10.73167,10.84333,10.64897,13701000.0
2015-10-28,10.91667,11.22667,10.79333,11.21833,11.01725,26181000.0
2015-10-29,11.11833,11.27167,11.105,11.21667,11.01561,10412400.0
2015-10-30,11.245,11.3,11.025,11.04333,10.84539,11020200.0
2015-11-02,11.115,11.48667,11.09667,11.43833,11.23331,11697600.0
2015-11-03,11.385,11.65833,11.34,11.53667,11.32988,14612400.0
2015-11-04,11.605,11.62833,11.34333,11.45333,11.24804,14904600.0
2015-11-05,11.45167,11.545,11.24,11.40667,11.20221,13459200.0
2015-11-06,11.33333,11.43667,11.135,11.38333,11.17929,14458200.0
2015-11-09,11.275,11.29667,10.88833,11.07,10.87157,18955200.0
2015-11-10,10.98,11.15333,10.92833,11.12833,10.92886,9774000.0
2015-11-11,11.2,11.205,11.0,11.00833,10.81101,13543200.0
2015-11-12,10.81667,10.90167,10.55167,10.55333,10.36417,18699600.0
2015-11-13,10.47833,10.52333,10.17833,10.19667,10.0139,25027200.0
2015-11-16,10.16333,10.66333,10.14167,10.65833,10.46729,20134800.0
2015-11-17,10.72667,10.88,10.545,10.62167,10.43128,31225800.0
2015-11-18,10.73167,11.16667,10.71667,11.13167,10.93214,22347600.0
2015-11-19,11.11667,11.19333,11.05833,11.115,10.91577,13675800.0
2015-11-20,11.26333,11.36333,11.16167,11.23667,11.03525,12726600.0
2015-11-23,11.24833,11.34167,11.10833,11.18833,10.98779,8896800.0
2015-11-24,11.00333,11.31333,10.92333,11.24167,11.04016,17761200.0
2015-11-25,11.265,11.29833,11.18333,11.22833,11.02707,6378600.0
2015-11-27,11.24333,11.30833,11.16,11.26,11.05817,5517000.0
2015-11-30,11.31167,11.325,11.10833,11.13333,10.93377,10020600.0
2015-12-01,11.24833,11.47,11.2,11.44833,11.24313,17682600.0
2015-12-02,11.42667,11.49833,11.045,11.085,10.88631,16200600.0
2015-12-03,11.15,11.19167,10.49167,10.62333,10.43291,27195000.0
2015-12-04,10.70167,11.30333,10.67667,11.245,11.04344,21777600.0
2015-12-07,11.185,11.185,10.85667,11.04,10.84211,14157000.0
2015-12-08,10.74,10.99,10.63,10.81667,10.62278,16993800.0
2015-12-09,10.69667,11.08833,10.37667,10.57,10.38054,27967200.0
2015-12-10,10.575,10.88167,10.53333,10.63167,10.4411,14751600.0
2015-12-11,10.25833,10.375,9.96667,10.00833,9.82894,33998400.0
2015-12-14,10.035,10.18833,9.73833,10.18167,9.99916,25950600.0
2015-12-15,10.45333,10.65667,10.42167,10.495,10.30688,29633400.0
2015-12-16,10.695,11.00833,10.46667,10.95333,10.757,25970400.0
2015-12-17,11.02833,11.02833,10.45333,10.46667,10.27906,27902400.0
2015-12-18,10.30333,10.33333,9.87333,9.87333,9.69636,35304600.0
2015-12-21,10.11,10.16667,9.90667,10.14333,9.96152,16757400.0
2015-12-22,10.26167,10.44167,10.095,10.39333,10.22906,20654400.0
2015-12-23,10.57667,10.78167,10.555,10.77333,10.60305,15924600.0
2015-12-24,10.73167,10.82,10.68,10.69833,10.52923,5529600.0
2015-12-28,10.58333,10.65167,10.44833,10.65,10.48167,13707600.0
2015-12-29,10.84167,11.04167,10.84167,10.985,10.81137,16623600.0
2015-12-30,10.945,10.95,10.725,10.75667,10.58665,9839400.0
2015-12-31,10.63667,10.74167,10.42667,10.43667,10.2717,17173800.0
2016-01-04,9.89333,9.99,9.61667,9.98667,9.82882,39948000.0
2016-01-05,10.05,10.11833,9.84333,10.04167,9.88295,21004800.0
2016-01-06,9.58833,9.84167,9.47667,9.66,9.50731,33333000.0
2016-01-07,9.165,9.45167,8.89667,8.963330000000003,8.821660000000003,42508800.0
2016-01-08,9.13667,9.21,8.62,8.665,8.528039999999999,37465800.0
2016-01-11,8.80667,8.865,8.38167,8.68,8.542810000000001,47506200.0
2016-01-12,8.92,9.02167,8.55833,8.90333,8.76261,39193800.0
2016-01-13,9.01333,9.06667,8.171669999999999,8.23167,8.10155,45639600.0
2016-01-14,8.33333,8.81333,8.08,8.63333,8.49687,42621000.0
2016-01-15,7.94833,8.20833,7.775,8.06833,7.9408,58190400.0
2016-01-19,8.36167,8.375,7.87167,8.115,7.98673,33235800.0
2016-01-20,7.7316699999999985,8.036669999999999,7.20333,7.806669999999999,7.6832699999999985,77036400.0
2016-01-21,7.885,8.203330000000001,7.67833,7.92,7.79482,36904200.0
2016-01-22,8.32,8.445,8.20833,8.42,8.28691,30559800.0
2016-01-25,8.33333,8.365,8.005,8.045,7.917839999999999,24511200.0
2016-01-26,8.13333,8.405,8.08333,8.365,8.23278,22411800.0
2016-01-27,8.286669999999999,8.54,7.94667,8.09167,7.9637699999999985,35818200.0
2016-01-28,8.31167,8.35333,7.96167,8.21833,8.08843,26553600.0
2016-01-29,8.33333,8.831669999999997,8.31667,8.831669999999997,8.69207,30928200.0
2016-02-01,8.64,8.93167,8.56,8.805,8.66583,19581600.0
2016-02-02,8.55667,8.57333,8.245,8.33333,8.20162,30075000.0
2016-02-03,8.495,8.536669999999999,7.925,8.47333,8.3394,41971800.0
2016-02-04,8.39833,8.66333,8.3,8.51,8.37549,29848800.0
2016-02-05,8.425,8.445,7.93,8.02333,7.89652,31919400.0
2016-02-08,7.74,7.79167,7.37,7.69333,7.57173,38031600.0
2016-02-09,7.44,7.88667,7.42667,7.6916699999999985,7.570089999999999,34233600.0
2016-02-10,7.83167,8.06333,7.66167,7.6833300000000015,7.561889999999999,28575000.0
2016-02-11,7.315,7.53333,7.16333,7.405,7.287960000000001,46382400.0
2016-02-12,7.63167,7.84,7.515,7.83833,7.71444,23455800.0
2016-02-16,8.11667,8.23667,7.96667,8.22667,8.096630000000001,23129400.0
2016-02-17,8.41333,8.69667,8.395,8.635,8.49852,27612000.0
2016-02-18,8.68,8.69167,8.48167,8.52833,8.39353,19948200.0
2016-02-19,8.41333,8.54167,8.31333,8.52667,8.39189,18609600.0
2016-02-22,8.76667,8.911669999999997,8.76167,8.885,8.74456,24832200.0
2016-02-23,8.786669999999999,8.82667,8.535,8.56167,8.42634,23455200.0
2016-02-24,8.31833,8.71,8.15,8.675,8.53788,35068200.0
2016-02-25,8.74,8.98333,8.61833,8.98,8.83806,26075400.0
2016-02-26,9.12833,9.14,8.89667,8.92667,8.78557,27987600.0
2016-02-29,8.94,9.07667,8.68333,8.68333,8.54609,20931600.0
2016-03-01,8.90833,9.33333,8.83333,9.32833,9.18089,30523200.0
2016-03-02,9.27667,9.46,9.20333,9.45667,9.30719,21021000.0
2016-03-03,9.41667,9.56333,9.325,9.55333,9.40233,20291400.0
2016-03-04,9.6,9.785,9.45667,9.655,9.50239,22708800.0
2016-03-07,9.505,9.74667,9.48333,9.675,9.52208,25848000.0
2016-03-08,9.49333,9.58,9.33333,9.35333,9.20549,21778200.0
2016-03-09,9.5,9.55333,9.36167,9.49833,9.3482,18790800.0
2016-03-10,9.57833,9.73833,9.21167,9.515,9.3646,33756000.0
2016-03-11,9.76,9.98833,9.74833,9.98,9.82226,22140600.0
2016-03-14,9.88833,10.02167,9.835,9.94333,9.78617,11877600.0
2016-03-15,9.77667,9.89833,9.73,9.89833,9.74188,25102800.0
2016-03-16,9.80333,10.13333,9.80167,10.07667,9.91739,20834400.0
2016-03-17,10.05167,10.345,9.98,10.26333,10.10111,19617000.0
2016-03-18,10.33333,10.43667,10.29167,10.38333,10.21921,14838000.0
2016-03-21,10.32667,10.46,10.29167,10.42167,10.25694,11763000.0
2016-03-22,10.28,10.50333,10.25333,10.41167,10.2471,15894000.0
2016-03-23,10.33333,10.36333,10.16333,10.20667,10.04534,13733400.0
2016-03-24,10.00333,10.18667,9.97333,10.18167,10.02073,16060800.0
2016-03-28,10.25833,10.29,10.12167,10.20667,10.04534,10707000.0
2016-03-29,10.12167,10.49667,10.07167,10.49667,10.33076,16122600.0
2016-03-30,10.655,10.74667,10.555,10.62167,10.45378,13333800.0
2016-03-31,10.60667,10.67833,10.50833,10.55,10.38325,10259400.0
2016-04-01,10.35333,10.78667,10.305,10.74667,10.57681,13294800.0
2016-04-04,10.75,10.77333,10.59333,10.64833,10.48003,11840400.0
2016-04-05,10.41667,10.49167,10.285,10.33667,10.17328,18869400.0
2016-04-06,10.35,10.67667,10.3,10.65833,10.48987,18009600.0
2016-04-07,10.46333,10.53,10.15167,10.28667,10.12407,25401600.0
2016-04-08,10.49167,10.56833,10.27167,10.36833,10.20445,16250400.0
2016-04-11,10.48833,10.60167,10.27667,10.28833,10.12572,22318800.0
2016-04-12,10.32667,10.62833,10.24667,10.585,10.41769,20617800.0
2016-04-13,10.735,10.91333,10.72167,10.895,10.72279,16702800.0
2016-04-14,10.91333,10.99333,10.83667,10.90333,10.73099,8860800.0
2016-04-15,10.89833,10.92,10.8,10.85333,10.68178,6424800.0
2016-04-18,10.75667,11.09667,10.74,11.09167,10.91635,10927200.0
2016-04-19,11.17,11.24167,11.04333,11.19667,11.01969,11847600.0
2016-04-20,11.205,11.35667,11.115,11.22333,11.04594,8164200.0
2016-04-21,11.22667,11.25,10.995,11.04667,10.87206,12381000.0
2016-04-22,10.98,11.09333,10.87667,11.05333,10.87862,11014200.0
2016-04-25,10.93667,10.99,10.82,10.98833,10.81465,12382200.0
2016-04-26,11.05,11.12833,10.94667,11.04833,10.8737,9404400.0
2016-04-27,10.965,11.17667,10.89833,11.10667,10.93111,12157200.0
2016-04-28,10.96167,11.16667,10.72333,10.81333,10.64242,15198000.0
2016-04-29,10.68333,10.75,10.42333,10.635,10.4669,22363800.0
2016-05-02,10.72167,10.91,10.64,10.87167,10.69983,11390400.0
2016-05-03,10.64833,10.69,10.455,10.59167,10.42426,16645200.0
2016-05-04,10.40833,10.54333,10.32333,10.405,10.24054,16798200.0
2016-05-05,10.49667,10.56167,10.33,10.41333,10.24874,15436800.0
2016-05-06,10.27167,10.52667,10.24167,10.515,10.3488,15111600.0
2016-05-09,10.48667,10.62167,10.465,10.555,10.38817,13408200.0
2016-05-10,10.66667,10.94,10.66,10.93667,10.7638,10549200.0
2016-05-11,10.85,10.91667,10.63,10.63667,10.46854,15173400.0
2016-05-12,10.76,10.78,10.455,10.635,10.4669,16370400.0
2016-05-13,10.58667,10.68167,10.30167,10.35333,10.18969,14529600.0
2016-05-16,10.38833,10.75,10.38,10.66,10.4915,13929600.0
2016-05-17,10.61667,10.66333,10.27,10.37,10.20609,15764400.0
2016-05-18,10.30167,10.58167,10.18167,10.38333,10.21921,18151800.0
2016-05-19,10.245,10.31667,10.05,10.27333,10.11095,19117800.0
2016-05-20,10.38167,10.55,10.365,10.46,10.29467,11681400.0
2016-05-23,10.46,10.51167,10.38,10.40833,10.24382,8984400.0
2016-05-24,10.56333,10.87667,10.55667,10.82,10.64898,15366000.0
2016-05-25,10.94333,11.115,10.935,11.03667,10.86222,12418800.0
2016-05-26,11.07,11.10833,10.99333,11.04833,10.8737,6744600.0
2016-05-27,11.07833,11.18667,11.07167,11.18333,11.00657,6379800.0
2016-05-31,11.245,11.26333,11.02167,11.13,10.95408,9752400.0
2016-06-01,11.01,11.22667,10.975,11.19167,11.01477,7132200.0
2016-06-02,11.11833,11.3,11.02833,11.3,11.12139,6678000.0
2016-06-03,11.18667,11.26,10.965,11.20167,11.02461,15911400.0
2016-06-06,11.26333,11.42833,11.23333,11.36667,11.187,9647400.0
2016-06-07,11.39333,11.52167,11.39,11.40833,11.22801,7557000.0
2016-06-08,11.44,11.55167,11.42,11.52167,11.33955,6874800.0
2016-06-09,11.38667,11.505,11.33833,11.47833,11.29691,8671200.0
2016-06-10,11.20833,11.27833,11.05167,11.14833,10.97212,16023000.0
2016-06-13,11.03,11.19833,10.87833,10.9,10.72771,14246400.0
2016-06-14,10.82667,10.93667,10.65333,10.84,10.66866,21280800.0
2016-06-15,10.90167,11.01167,10.74667,10.78167,10.61125,19802400.0
2016-06-16,10.61333,10.90833,10.44167,10.88,10.70803,18682800.0
2016-06-17,10.865,10.865,10.635,10.75667,10.58665,16877400.0
2016-06-20,11.11667,11.23667,10.94667,10.96333,10.79005,14733000.0
2016-06-21,11.03333,11.13,10.95167,11.055,10.88026,8449800.0
2016-06-22,11.04,11.205,10.96,10.98,10.81999,11016600.0
2016-06-23,11.24333,11.41667,11.17,11.415,11.24865,14197200.0
2016-06-24,10.235,10.78,10.105,10.175,10.02672,35744400.0
2016-06-27,9.93833,9.93833,9.5,9.625,9.48473,25602600.0
2016-06-28,9.915,10.155,9.85667,10.14667,9.9988,24363600.0
2016-06-29,10.39667,10.71,10.38333,10.67833,10.52272,22503000.0
2016-06-30,10.75,11.11667,10.65333,11.09333,10.93167,26167800.0
2016-07-01,11.08667,11.26833,11.085,11.17167,11.00886,16023000.0
2016-07-05,11.02167,11.04,10.825,10.945,10.7855,15690000.0
2016-07-06,10.84167,11.155,10.72167,11.12833,10.96616,18541200.0
2016-07-07,11.16833,11.28833,10.97,11.105,10.94317,18273000.0
2016-07-08,11.35167,11.65,11.31167,11.59667,11.42767,18518400.0
2016-07-11,11.69667,11.83667,11.655,11.72167,11.55085,15792000.0
2016-07-12,11.915,12.04,11.86833,11.97833,11.80377,13656000.0
2016-07-13,12.065,12.06833,11.88167,11.98,11.80542,12838200.0
2016-07-14,12.225,12.26833,12.09833,12.165,11.98772,16438800.0
2016-07-15,12.28333,12.29,12.04,12.12833,11.95159,12362400.0
2016-07-18,12.155,12.25667,12.10167,12.22667,12.04849,7620600.0
2016-07-19,12.13667,12.19333,12.09333,12.18333,12.00578,11598600.0
2016-07-20,12.28,12.38333,12.19333,12.34,12.16017,8413200.0
2016-07-21,12.31,12.35833,12.10833,12.19667,12.01892,11518200.0
2016-07-22,12.22333,12.36833,12.16833,12.36167,12.18152,9779400.0
2016-07-25,12.32,12.32667,12.14167,12.26833,12.08955,12078000.0
2016-07-26,12.24167,12.345,12.11,12.27333,12.09447,10596000.0
2016-07-27,12.35333,12.36167,12.085,12.24333,12.06491,13123800.0
2016-07-28,12.19667,12.33333,12.10667,12.28333,12.10433,10542000.0
2016-07-29,12.23167,12.405,12.17,12.32833,12.14867,11108400.0
2016-08-01,12.34667,12.42333,12.21167,12.29833,12.11911,12450000.0
2016-08-02,12.24833,12.28333,11.89833,12.06167,11.88589,20812800.0
2016-08-03,12.04333,12.18,11.99333,12.17,11.99265,14200800.0
2016-08-04,12.19167,12.26833,12.11,12.21333,12.03535,7901400.0
2016-08-05,12.34333,12.51333,12.31833,12.51167,12.32934,10390800.0
2016-08-08,12.55,12.56667,12.43167,12.48667,12.3047,6884400.0
2016-08-09,12.50167,12.60333,12.43833,12.5,12.31784,9246000.0
2016-08-10,12.52667,12.54,12.34,12.41,12.22915,8800800.0
2016-08-11,12.52,12.63333,12.46333,12.58833,12.40488,10276200.0
2016-08-12,12.515,12.59333,12.47,12.55167,12.36875,8682600.0
2016-08-15,12.62167,12.72667,12.62,12.66833,12.48372,9397200.0
2016-08-16,12.56667,12.58167,12.46,12.46,12.27842,9849600.0
2016-08-17,12.465,12.555,12.29833,12.52667,12.34411,15963000.0
2016-08-18,12.52667,12.62167,12.50167,12.615,12.43116,8397000.0
2016-08-19,12.515,12.59333,12.41833,12.55667,12.37368,8758800.0
2016-08-22,12.51,12.59833,12.43333,12.55333,12.37039,9934800.0
2016-08-23,12.67667,12.73833,12.61667,12.625,12.44102,11042400.0
2016-08-24,12.59667,12.61833,12.35,12.44667,12.26528,16170600.0
2016-08-25,12.355,12.49,12.32333,12.395,12.21437,15763200.0
2016-08-26,12.44333,12.64667,12.16,12.33667,12.15689,22102200.0
2016-08-29,12.36,12.56833,12.35667,12.51333,12.33098,7843200.0
2016-08-30,12.49833,12.55667,12.345,12.44667,12.26528,13450200.0
2016-08-31,12.38833,12.40833,12.19333,12.34167,12.16181,16126800.0
2016-09-01,12.35167,12.405,12.115,12.35167,12.17167,13313400.0
2016-09-02,12.51,12.6,12.4,12.51,12.32769,15059400.0
2016-09-06,12.56667,12.635,12.42667,12.63,12.44594,15970800.0
2016-09-07,12.59333,12.65833,12.5,12.62667,12.44266,14734200.0
2016-09-08,12.555,12.60833,12.47333,12.53167,12.34904,12013800.0
2016-09-09,12.28333,12.28333,11.62833,11.63833,11.46873,31260600.0
2016-09-12,11.48167,12.20833,11.46667,12.12333,11.94666,26400600.0
2016-09-13,11.87667,11.925,11.48333,11.59833,11.42931,29531400.0
2016-09-14,11.60833,11.84167,11.485,11.58167,11.41289,20578800.0
2016-09-15,11.55667,12.00833,11.52333,11.93333,11.75943,17907600.0
2016-09-16,11.815,11.85,11.66167,11.79833,11.6264,16041600.0
2016-09-19,11.92167,12.04833,11.74167,11.795,11.62311,12209400.0
2016-09-20,11.97,11.99833,11.8,11.81,11.63789,10249200.0
2016-09-21,11.93333,12.23167,11.805,12.2,12.02441,21106800.0
2016-09-22,12.395,12.485,12.34833,12.42,12.24125,18612600.0
2016-09-23,12.34667,12.375,12.205,12.22667,12.0507,8874600.0
2016-09-26,12.05667,12.09167,11.88667,11.925,11.75337,17496600.0
2016-09-27,11.89333,12.16333,11.81667,12.15,11.97513,10648200.0
2016-09-28,12.18667,12.35333,12.0,12.325,12.14762,10914000.0
2016-09-29,12.28333,12.36167,11.88333,11.99167,11.81908,18747000.0
2016-09-30,12.155,12.39333,12.10167,12.27333,12.09669,12615000.0
2016-10-03,12.17,12.21167,12.045,12.15667,11.9817,13907400.0
2016-10-04,12.19833,12.23333,11.86833,11.98833,11.81579,18527400.0
2016-10-05,12.09667,12.22,12.09,12.14667,11.97185,13585800.0
2016-10-06,12.09333,12.20333,11.98667,12.16667,11.99156,8544000.0
2016-10-07,12.215,12.25,11.89167,12.035,11.86179,17583000.0
2016-10-10,12.22,12.31333,12.19333,12.21667,12.04084,9625200.0
2016-10-11,12.135,12.15167,11.61833,11.77167,11.60225,27124200.0
2016-10-12,11.78833,11.90833,11.69,11.815,11.64496,14817600.0
2016-10-13,11.55333,11.78667,11.39,11.695,11.52668,18209400.0
2016-10-14,11.88833,11.965,11.69333,11.70667,11.53818,20566200.0
2016-10-17,11.70167,11.75,11.54833,11.59333,11.42648,13486200.0
2016-10-18,11.88667,11.89167,11.72667,11.79167,11.62196,10405200.0
2016-10-19,11.84333,11.95,11.78,11.89,11.71888,9282000.0
2016-10-20,11.82333,11.93167,11.69667,11.825,11.65481,13710600.0
2016-10-21,11.67167,11.85667,11.64167,11.83167,11.66138,10195800.0
2016-10-24,12.0,12.06,11.925,11.98167,11.80922,10303800.0
2016-10-25,11.95833,12.00333,11.83833,11.88,11.70902,14310600.0
2016-10-26,11.71333,11.90667,11.66333,11.805,11.6351,12810600.0
2016-10-27,11.93667,11.93833,11.68833,11.705,11.53654,13881600.0
2016-10-28,11.69,11.825,11.465,11.59167,11.42484,22219800.0
2016-10-31,11.65667,11.7,11.565,11.58333,11.41662,9598200.0
2016-11-01,11.655,11.665,11.115,11.35,11.18665,19231800.0
2016-11-02,11.28333,11.355,11.055,11.13333,10.9731,14668200.0
2016-11-03,11.17667,11.21333,10.93333,10.985,10.8269,14239200.0
2016-11-04,11.0,11.15667,10.91833,10.93333,10.77598,16387200.0
2016-11-07,11.405,11.67333,11.37833,11.65333,11.48561,17326800.0
2016-11-08,11.59,11.93333,11.54167,11.81167,11.64167,17086200.0
2016-11-09,11.52167,12.31667,11.51667,12.21333,12.03755,35916600.0
2016-11-10,12.36333,12.525,12.00333,12.28833,12.11148,29432400.0
2016-11-11,12.15667,12.25167,12.01833,12.20667,12.03099,18337800.0
2016-11-14,12.30833,12.34833,12.08833,12.23,12.05398,13857600.0
2016-11-15,12.31167,12.515,12.26667,12.515,12.33488,13950000.0
2016-11-16,12.39167,12.49167,12.37,12.45167,12.27246,10399800.0
2016-11-17,12.47333,12.64833,12.455,12.63333,12.45151,11466600.0
2016-11-18,12.64833,12.68333,12.515,12.55,12.36938,11513400.0
2016-11-21,12.66667,12.84,12.64167,12.83167,12.64699,13868400.0
2016-11-22,12.90333,12.94667,12.76167,12.90667,12.72091,11639400.0
2016-11-23,12.80333,12.94,12.76333,12.93,12.74391,10035600.0
2016-11-25,13.0,13.07833,12.98333,13.07833,12.89011,4209600.0
2016-11-28,13.00833,13.065,12.86667,12.89333,12.70777,10170000.0
2016-11-29,12.89667,13.055,12.83167,12.96667,12.78005,8609400.0
2016-11-30,13.09167,13.125,12.855,12.86333,12.6782,13344000.0
2016-12-01,12.92333,12.92667,12.65,12.715,12.532,12802800.0
2016-12-02,12.74,12.84,12.67,12.73833,12.555,9079200.0
2016-12-05,12.90833,13.04,12.87167,12.95333,12.76691,12268200.0
2016-12-06,13.01,13.1,12.91167,13.09667,12.90818,10826400.0
2016-12-07,13.06333,13.618329999999998,13.035,13.59667,13.40098,18577200.0
2016-12-08,13.59833,13.805,13.545,13.7,13.50283,12175800.0
2016-12-09,13.756670000000002,13.951670000000002,13.746670000000002,13.945,13.7443,13018800.0
2016-12-12,13.93667,14.03667,13.816670000000002,13.906670000000002,13.70652,11302800.0
2016-12-13,14.045,14.288329999999998,14.041670000000002,14.17167,13.9677,14863800.0
2016-12-14,14.115,14.275,13.735,13.84833,13.649029999999998,21188400.0
2016-12-15,13.88667,14.183329999999998,13.855,13.99,13.78865,14730000.0
2016-12-16,14.10333,14.10667,13.85167,13.93,13.72952,14220000.0
2016-12-19,13.96667,14.09833,13.92667,14.006670000000002,13.805079999999998,9935400.0
2016-12-20,14.12,14.201670000000002,14.075,14.155,13.95128,11544600.0
2016-12-21,14.14333,14.17667,14.05,14.05,13.84779,7149000.0
2016-12-22,14.015,14.04,13.89167,13.98333,13.78208,9991800.0
2016-12-23,13.97333,14.031670000000002,13.94333,14.025,13.82315,6234000.0
2016-12-27,14.09,14.21667,14.08833,14.131670000000002,13.92828,6229200.0
2016-12-28,14.18,14.19,13.76,13.795,13.59646,11050800.0
2016-12-29,13.8,13.87,13.68,13.77167,13.57346,9184200.0
2016-12-30,13.84167,13.85833,13.47667,13.63,13.43383,17811000.0
2017-01-03,13.89667,14.035,13.683329999999998,13.925,13.72459,14394600.0
2017-01-04,13.99167,14.20333,13.99167,14.173329999999998,13.96935,12562200.0
2017-01-05,14.115,14.173329999999998,13.968329999999998,14.13,13.92664,12929400.0
2017-01-06,14.165,14.39,14.045,14.29,14.08434,11770200.0
2017-01-09,14.22833,14.26167,14.138329999999998,14.155,13.95128,11510400.0
2017-01-10,14.15333,14.32833,14.06,14.131670000000002,13.92828,9414000.0
2017-01-11,14.115,14.25167,13.97833,14.246670000000002,14.04163,19452600.0
2017-01-12,14.14667,14.19333,13.85667,14.15333,13.94963,17718600.0
2017-01-13,14.191670000000002,14.31333,14.18,14.24167,14.0367,7945800.0
2017-01-17,14.10167,14.19667,14.015,14.11,13.90692,11187000.0
2017-01-18,14.15,14.19333,14.03333,14.183329999999998,13.9792,8062200.0
2017-01-19,14.2,14.236670000000002,13.93667,14.035,13.833,12277200.0
2017-01-20,14.17833,14.288329999999998,14.05667,14.18,13.97592,14299800.0
2017-01-23,14.105,14.19,13.906670000000002,14.07,13.8675,12111000.0
2017-01-24,14.115,14.43,14.09167,14.33833,14.13197,10307400.0
2017-01-25,14.54667,14.71,14.505,14.68667,14.47529,14782800.0
2017-01-26,14.67667,14.73833,14.60333,14.65333,14.44244,10736400.0
2017-01-27,14.68167,14.71,14.55333,14.60167,14.391520000000002,8385000.0
2017-01-30,14.435,14.44333,14.10167,14.33833,14.13197,13938000.0
2017-01-31,14.20667,14.33,14.086670000000002,14.33,14.12376,10948200.0
2017-02-01,14.45,14.51167,14.20333,14.33833,14.13197,11392200.0
2017-02-02,14.255,14.416670000000002,14.18,14.35833,14.15168,8725200.0
2017-02-03,14.55,14.68667,14.486670000000002,14.64667,14.43587,15666600.0
2017-02-06,14.56167,14.64333,14.496670000000002,14.585,14.37509,7933200.0
2017-02-07,14.66167,14.705,14.52667,14.575,14.36523,10952400.0
2017-02-08,14.50833,14.65333,14.44833,14.63333,14.42273,7776000.0
2017-02-09,14.68833,14.951670000000002,14.67833,14.88333,14.66913,10579200.0
2017-02-10,14.968329999999998,15.11,14.94333,15.058329999999998,14.84161,7957200.0
2017-02-13,15.17,15.36333,15.166670000000002,15.288329999999998,15.0683,8113800.0
2017-02-14,15.263329999999998,15.49,15.185,15.485,15.26214,9622200.0
2017-02-15,15.43167,15.76833,15.425,15.71667,15.490470000000002,10333800.0
2017-02-16,15.73167,15.77167,15.515,15.68667,15.4609,10888200.0
2017-02-17,15.52833,15.75167,15.52833,15.74833,15.521679999999998,7430400.0
2017-02-21,15.84667,16.075,15.843329999999998,16.02,15.78944,10543200.0
2017-02-22,15.945,16.046670000000002,15.905,15.99167,15.76151,10210200.0
2017-02-23,16.12167,16.12167,15.84833,16.031670000000002,15.80093,9877800.0
2017-02-24,15.82,16.09167,15.815,16.085,15.8535,7814400.0
2017-02-27,16.06833,16.195,16.005,16.156670000000002,15.92414,8812200.0
2017-02-28,16.066670000000002,16.12333,15.933329999999998,16.03667,15.80586,7790400.0
2017-03-01,16.415,16.80333,16.41167,16.683329999999998,16.44322,11277600.0
2017-03-02,16.651670000000006,16.655,16.37,16.4,16.163970000000006,9867000.0
2017-03-03,16.363329999999998,16.44667,16.27,16.415,16.17875,8483400.0
2017-03-06,16.205,16.343329999999998,16.116670000000006,16.27167,16.03748,8242800.0
2017-03-07,16.18667,16.27167,16.066670000000002,16.12667,15.894570000000002,7540800.0
2017-03-08,16.18167,16.238329999999998,15.99,16.02167,15.79108,8508600.0
2017-03-09,16.043329999999994,16.155,15.855,16.078329999999998,15.84693,8944200.0
2017-03-10,16.308329999999998,16.316670000000002,16.026670000000006,16.23667,16.002979999999994,10404600.0
2017-03-13,16.23333,16.276670000000006,16.15333,16.261670000000002,16.02763,5397000.0
2017-03-14,16.14,16.15333,15.93667,16.095,15.86336,10797600.0
2017-03-15,16.215,16.59167,16.15833,16.476670000000002,16.23953,9540000.0
2017-03-16,16.526670000000006,16.546670000000002,16.32167,16.41167,16.17546,9093600.0
2017-03-17,16.46667,16.50167,16.30333,16.30333,16.06869,6909600.0
2017-03-20,16.30333,16.37167,16.16,16.25667,16.0227,6405000.0
2017-03-21,16.39667,16.425,15.6,15.638329999999998,15.41326,18525000.0
2017-03-22,15.63,15.8,15.486670000000002,15.73333,15.5069,10142400.0
2017-03-23,15.675,15.94333,15.59667,15.68,15.45433,9375600.0
2017-03-24,15.75,15.88667,15.47,15.64833,15.42312,10599000.0
2017-03-27,15.246670000000002,15.656670000000002,15.191670000000002,15.59167,15.36727,9946800.0
2017-03-28,15.53,16.03667,15.5,15.916670000000002,15.68759,10295400.0
2017-03-29,15.865,16.03,15.81333,15.99,15.75987,7371600.0
2017-03-30,15.97,16.17667,15.92167,16.115,15.883070000000002,7879800.0
2017-03-31,16.04167,16.17,16.00167,16.00167,15.77137,7813800.0
2017-04-03,16.02833,16.075,15.64,15.94,15.71059,12163800.0
2017-04-04,15.85833,15.97667,15.77333,15.96667,15.73687,6782400.0
2017-04-05,16.113329999999998,16.34167,15.76667,15.805,15.57753,16408800.0
2017-04-06,15.85333,16.058329999999998,15.745,15.935,15.70566,7620000.0
2017-04-07,15.89167,16.05333,15.77833,15.888329999999998,15.659670000000002,8151000.0
2017-04-10,15.923329999999998,16.10333,15.8,15.913329999999998,15.6843,9967200.0
2017-04-11,15.825,15.88333,15.51167,15.85667,15.62846,12255600.0
2017-04-12,15.795,15.833329999999998,15.593329999999998,15.656670000000002,15.43133,8351400.0
2017-04-13,15.57167,15.73833,15.35,15.35833,15.13729,12218400.0
2017-04-17,15.46,15.746670000000002,15.415,15.746670000000002,15.52004,6784200.0
2017-04-18,15.58,15.72,15.44667,15.59667,15.3722,8773800.0
2017-04-19,15.74,15.82,15.465,15.51667,15.29335,8900400.0
2017-04-20,15.65333,15.99167,15.583329999999998,15.878329999999998,15.64981,11680200.0
2017-04-21,15.86667,15.881670000000002,15.645,15.745,15.51839,8880000.0
2017-04-24,16.261670000000002,16.30333,16.14333,16.245,16.0112,11308800.0
2017-04-25,16.401670000000006,16.61833,16.383329999999994,16.53,16.2921,11515200.0
2017-04-26,16.526670000000006,16.73667,16.49333,16.50667,16.2691,10188600.0
2017-04-27,16.58667,16.613329999999998,16.41333,16.546670000000002,16.30852,7878000.0
2017-04-28,16.601670000000002,16.60833,16.401670000000006,16.445,16.20832,7252800.0
2017-05-01,16.545,16.65333,16.456670000000006,16.54833,16.31017,7725000.0
2017-05-02,16.593329999999998,16.613329999999998,16.476670000000002,16.57667,16.33809,8122200.0
2017-05-03,16.473329999999994,16.558329999999998,16.348329999999994,16.523329999999998,16.28552,10046400.0
2017-05-04,16.58,16.59667,16.363329999999998,16.555,16.31674,10213200.0
2017-05-05,16.645,16.76333,16.54833,16.76333,16.522070000000006,10150800.0
2017-05-08,16.761670000000002,16.8,16.64667,16.75333,16.51221,7222800.0
2017-05-09,16.80667,16.85333,16.616670000000006,16.70833,16.46786,8028000.0
2017-05-10,16.68,16.785,16.635,16.785,16.543429999999994,5956200.0
2017-05-11,16.67333,16.718329999999998,16.42,16.69333,16.45308,10720800.0
2017-05-12,16.62,16.64167,16.535,16.61,16.37095,6540000.0
2017-05-15,16.691670000000002,16.89333,16.691670000000002,16.85667,16.614060000000002,9602400.0
2017-05-16,16.94,16.94333,16.726670000000002,16.82,16.577920000000002,8385000.0
2017-05-17,16.401670000000006,16.511670000000002,15.906670000000002,15.935,15.70566,20311200.0
2017-05-18,15.89333,16.30167,15.843329999999998,16.1,15.86828,12619200.0
2017-05-19,16.22833,16.57667,16.21333,16.41333,16.17711,11126400.0
2017-05-22,16.53333,16.70833,16.525,16.67667,16.43665,6535200.0
2017-05-23,16.758329999999994,16.82,16.67,16.781670000000002,16.54014,6498600.0
2017-05-24,16.83667,16.91667,16.75167,16.87667,16.633770000000002,7976400.0
2017-05-25,16.99833,17.20167,16.96333,17.115,16.868679999999998,9667200.0
2017-05-26,17.078329999999998,17.16,17.06833,17.12333,16.87689,4870800.0
2017-05-30,17.043329999999994,17.133329999999994,17.00333,17.081670000000006,16.835820000000002,5204400.0
2017-05-31,17.145,17.155,16.886670000000002,17.05333,16.8079,9534600.0
2017-06-01,17.155,17.45833,17.098329999999994,17.45167,17.2005,7765200.0
2017-06-02,17.473329999999994,17.67333,17.401670000000006,17.62,17.366410000000002,7753200.0
2017-06-05,17.593329999999995,17.66,17.546670000000002,17.59667,17.343410000000002,5758800.0
2017-06-06,17.45,17.58667,17.406670000000002,17.43833,17.18736,6904200.0
2017-06-07,17.511670000000002,17.57,17.34167,17.51667,17.26456,7147200.0
2017-06-08,17.53333,17.66,17.41,17.53833,17.28592,9801600.0
2017-06-09,17.613329999999994,17.80667,17.148329999999998,17.465,17.213639999999998,16343400.0
2017-06-12,17.39167,17.46167,17.241670000000006,17.441670000000002,17.19064,11938800.0
2017-06-13,17.581670000000006,17.71333,17.49667,17.69333,17.43869,7860600.0
2017-06-14,17.76833,17.76833,17.41667,17.63167,17.37791,13293000.0
2017-06-15,17.295,17.555,17.21667,17.52,17.26785,9075000.0
2017-06-16,17.565,17.565,17.315,17.52,17.26785,7507800.0
2017-06-19,17.738329999999994,17.98333,17.715,17.96333,17.7048,8482200.0
2017-06-20,17.875,17.88167,17.60333,17.62,17.366410000000002,8854200.0
2017-06-21,17.683329999999994,17.72167,17.476670000000002,17.58333,17.330270000000002,9190800.0
2017-06-22,17.58833,17.71,17.52167,17.56333,17.31056,6914400.0
2017-06-23,17.59,17.705,17.48167,17.63833,17.38448,5706000.0
2017-06-26,17.78833,17.89167,17.60333,17.65333,17.39926,7596600.0
2017-06-27,17.59167,17.67,17.22833,17.24333,16.995160000000002,11029800.0
2017-06-28,17.476670000000002,17.73167,17.41667,17.67667,17.42226,7755000.0
2017-06-29,17.72,17.73,16.915,17.23,16.982029999999998,19205400.0
2017-06-30,17.415,17.50333,17.26333,17.31167,17.06251,10257600.0
2017-07-03,17.545,17.64667,17.39667,17.39667,17.14629,7524000.0
2017-07-05,17.48167,17.56167,17.281670000000002,17.51,17.25799,7205400.0
2017-07-06,17.32167,17.35,16.985,17.043329999999994,16.79804,10683000.0
2017-07-07,17.171670000000002,17.39333,17.12833,17.35667,17.10686,7477200.0
2017-07-10,17.32667,17.50333,17.285,17.405,17.1545,4737000.0
2017-07-11,17.365,17.44833,17.08,17.365,17.11508,7011000.0
2017-07-12,17.605,17.795,17.60333,17.75667,17.50111,7850400.0
2017-07-13,17.761670000000006,17.87,17.70167,17.84,17.58324,6774600.0
2017-07-14,17.85,18.175,17.816670000000006,18.07667,17.8165,7104000.0
2017-07-17,18.07,18.16667,18.03833,18.07833,17.81814,6305400.0
2017-07-18,17.97833,18.12167,17.89,18.10667,17.84607,7012200.0
2017-07-19,18.19167,18.4,18.18167,18.4,18.13518,6262200.0
2017-07-20,18.46167,18.49,18.28667,18.41333,18.14832,9073200.0
2017-07-21,18.276670000000006,18.37667,18.215,18.37667,18.11218,7255800.0
2017-07-24,18.35,18.38667,18.23833,18.35833,18.09412,6265200.0
2017-07-25,18.555,18.57,18.42833,18.46833,18.20253,7301400.0
2017-07-26,18.55833,18.56667,18.41167,18.48333,18.21732,5146800.0
2017-07-27,18.60833,18.60833,18.09833,18.44,18.17461,10401000.0
2017-07-28,18.30167,18.39167,18.19,18.35333,18.08919,6430200.0
2017-07-31,18.46333,18.48167,18.275,18.32833,18.06454,5336400.0
2017-08-01,18.48167,18.48667,18.33667,18.43667,18.17132,4848000.0
2017-08-02,18.48167,18.50667,18.23333,18.45833,18.19268,7217400.0
2017-08-03,18.44667,18.44667,18.29333,18.37167,18.10726,5593200.0
2017-08-04,18.48167,18.54167,18.36333,18.45,18.18447,5124000.0
2017-08-07,18.46833,18.55667,18.445,18.54833,18.28138,3559800.0
2017-08-08,18.48167,18.78833,18.325,18.43333,18.16803,7808400.0
2017-08-09,18.241670000000006,18.42167,18.145,18.405,18.14011,7543200.0
2017-08-10,18.19333,18.22167,17.62,17.64,17.386120000000002,11977200.0
2017-08-11,17.67833,17.851670000000006,17.625,17.706670000000006,17.451829999999998,8313600.0
2017-08-14,18.02167,18.28,18.015,18.22667,17.96434,7107600.0
2017-08-15,18.32667,18.32667,18.145,18.22333,17.96106,5676000.0
2017-08-16,18.33333,18.45,18.205,18.305,18.04155,7513800.0
2017-08-17,18.14833,18.22667,17.455,17.45833,17.20707,13317600.0
2017-08-18,17.41,17.67833,17.25667,17.36,17.11015,11378400.0
2017-08-21,17.355,17.465,17.175,17.41333,17.16272,5262000.0
2017-08-22,17.54167,17.985,17.54167,17.92667,17.66866,7986600.0
2017-08-23,17.705,17.855,17.66333,17.74833,17.4929,5419200.0
2017-08-24,17.85,17.883329999999994,17.57167,17.62667,17.37298,8395200.0
2017-08-25,17.81333,17.973329999999994,17.71,17.74333,17.48797,5857200.0
2017-08-28,17.86167,17.88,17.645,17.74667,17.49125,4020600.0
2017-08-29,17.41667,17.865,17.38833,17.796670000000006,17.54053,6915600.0
2017-08-30,17.8,18.12,17.74667,18.06167,17.80172,7984800.0
2017-08-31,18.21333,18.435,18.18667,18.366670000000006,18.10233,6667200.0
2017-09-01,18.47833,18.56,18.415,18.46667,18.20089,5657400.0
2017-09-05,18.31833,18.37333,17.79833,18.04833,17.78857,14215200.0
2017-09-06,18.22667,18.31333,18.08333,18.23167,17.96927,6815400.0
2017-09-07,18.31333,18.31333,18.11,18.21833,17.956129999999995,5836200.0
2017-09-08,18.14333,18.26667,18.08833,18.14167,17.880570000000006,6164400.0
2017-09-11,18.46833,18.74667,18.46833,18.71333,18.44400000000001,8384400.0
2017-09-12,18.81667,18.92333,18.775,18.91833,18.64606,6678000.0
2017-09-13,18.83333,18.95333,18.81667,18.95333,18.68055,6226200.0
2017-09-14,18.85833,18.97,18.81167,18.92667,18.65427,6827400.0
2017-09-15,18.87833,19.01333,18.85333,19.01,18.73641,6473400.0
2017-09-18,19.08333,19.2,19.01167,19.11167,18.83661,7482000.0
2017-09-19,19.17,19.18833,19.08,19.15667,18.88096,5507400.0
2017-09-20,19.18333,19.21167,18.92667,19.18667,18.91052,7971000.0
2017-09-21,19.13333,19.16,18.98,19.02333,18.74954,4191600.0
2017-09-22,18.94,19.07667,18.93833,19.03333,18.7594,3974400.0
2017-09-25,18.96333,19.05833,18.71667,18.915,18.64277,9400800.0
2017-09-26,19.01667,19.08,18.88333,18.94833,18.67562,5087400.0
2017-09-27,19.13167,19.25833,18.89667,19.15333,18.87768,7734000.0
2017-09-28,19.08833,19.24333,19.06167,19.22667,18.94995,4609200.0
2017-09-29,19.21,19.44667,19.17333,19.41167,19.13229,6039600.0
2017-10-02,19.485,19.66833,19.46333,19.65833,19.37541,5391600.0
2017-10-03,19.70833,19.805,19.655,19.8,19.51503,4357800.0
2017-10-04,19.76333,19.93333,19.72833,19.86333,19.57746,4900200.0
2017-10-05,19.94333,20.22,19.92333,20.205,19.9142,5519400.0
2017-10-06,20.09333,20.16,20.025,20.15333,19.86328,6040200.0
2017-10-09,20.20167,20.22,19.975,20.05333,19.76472,4729800.0
2017-10-10,20.19167,20.29833,20.05167,20.18833,19.89778,4340400.0
2017-10-11,20.17,20.29333,20.12833,20.28333,19.99141,6730200.0
2017-10-12,20.20833,20.295,20.13,20.19667,19.90599,6676200.0
2017-10-13,20.30833,20.345,20.225,20.25,19.95856,4099800.0
2017-10-16,20.32333,20.39667,20.23333,20.33833,20.04562,6711000.0
2017-10-17,20.32167,20.39667,20.27,20.38167,20.08833,3841200.0
2017-10-18,20.49,20.5,20.39333,20.44,20.14583,4038600.0
2017-10-19,20.21667,20.46167,20.11167,20.45833,20.16389,5784000.0
2017-10-20,20.68333,20.775,20.605,20.75167,20.453,7128600.0
2017-10-23,20.85,20.85167,20.505,20.525,20.2296,7100400.0
2017-10-24,20.64,20.69,20.53333,20.62167,20.32487,5640000.0
2017-10-25,20.53667,20.565,20.01,20.335,20.04233,10747800.0
2017-10-26,20.48333,20.55667,20.36167,20.37667,20.0834,6346200.0
2017-10-27,20.60667,20.935,20.52,20.895,20.59428,8765400.0
2017-10-30,20.60667,20.86167,20.575,20.66333,20.36594,8778600.0
2017-10-31,20.76167,20.81833,20.66667,20.73833,20.43986,5758800.0
2017-11-01,20.96,21.05667,20.73167,20.845,20.54499,7119000.0
2017-11-02,20.81333,20.88667,20.515,20.85833,20.55814,6831600.0
2017-11-03,20.89667,21.065,20.776670000000006,21.04667,20.74376,6522000.0
2017-11-06,21.01167,21.18333,20.995,21.13167,20.82754,6049200.0
2017-11-07,21.18333,21.27333,20.96167,21.11333,20.80946,9255000.0
2017-11-08,21.06,21.23333,20.98167,21.21667,20.91131,6052200.0
2017-11-09,20.85,21.025,20.53333,20.97333,20.67148,15087600.0
2017-11-10,20.85667,20.975,20.775,20.945,20.64355,7440000.0
2017-11-13,20.75833,21.06333,20.741670000000006,21.0,20.69777,5906400.0
2017-11-14,20.78333,20.88333,20.56167,20.86833,20.56799,10261800.0
2017-11-15,20.605,20.72833,20.345,20.545,20.24931,10722600.0
2017-11-16,20.77833,21.15333,20.77833,21.03667,20.7339,8611800.0
2017-11-17,20.95,21.00833,20.845,20.88,20.57949,7261800.0
2017-11-20,20.93667,21.02,20.86167,20.96833,20.66655,6798600.0
2017-11-21,21.18167,21.42,21.16167,21.375,21.06737,9073800.0
2017-11-22,21.38333,21.40667,21.26833,21.31167,21.00494,5221200.0
2017-11-24,21.44167,21.48667,21.41167,21.44833,21.13965,2900400.0
2017-11-27,21.46,21.55167,21.366670000000006,21.435,21.1265,6436200.0
2017-11-28,21.55833,22.08,21.525,22.07,21.75237000000001,7792800.0
2017-11-29,22.11667000000001,22.26333,21.90167000000001,22.03,21.71294,10197600.0
2017-11-30,22.28333,22.85833,22.26167,22.57833,22.25338,12887400.0
2017-12-01,22.54833,22.67667,21.52167,22.455,22.13182,16233600.0
2017-12-04,22.93667,23.05167,22.36333,22.36833,22.0464,12202200.0
2017-12-05,22.44333,22.625,22.09,22.13333,21.81479,9052800.0
2017-12-06,22.045,22.26833,22.00667,22.13333,21.81479,6711000.0
2017-12-07,22.10333,22.43333,22.065,22.34167,22.02013,6438000.0
2017-12-08,22.58333,22.71,22.50833,22.7,22.3733,5656200.0
2017-12-11,22.72667,22.925,22.69833,22.91833,22.58849,5955000.0
2017-12-12,22.98667,23.17167,22.91833,23.03,22.69855,8648400.0
2017-12-13,23.10667,23.22667,22.99667,23.01667,22.6854,10050000.0
2017-12-14,23.10833,23.13,22.71,22.735,22.40779,7953600.0
2017-12-15,23.02667000000001,23.41667,23.005,23.28833,22.95317,10889400.0
2017-12-18,23.70833,23.83333,23.675,23.73333,23.39176,7071000.0
2017-12-19,23.80667,23.81333,23.43833,23.46167,23.124,8124000.0
2017-12-20,23.745,23.76167,23.32833,23.42,23.08294,6406200.0
2017-12-21,23.57833,23.75667,23.48667,23.54167,23.20285,6422400.0
2017-12-22,23.55167,23.56,23.36833,23.52,23.1815,4864200.0
2017-12-26,23.38833,23.48667,23.36167,23.42833,23.09114,3499200.0
2017-12-27,23.46833,23.57333,23.39167,23.47833,23.14043,5484000.0
2017-12-28,23.59,23.61,23.48667,23.58667,23.2472,6070200.0
2017-12-29,23.76667,23.76667,23.27167,23.35833,23.02216,6639000.0
2018-01-02,23.57667,23.83667,23.46667,23.83667,23.4936,8092800.0
2018-01-03,23.88833,24.31667,23.87667,24.27167,23.92234,6100800.0
2018-01-04,24.475,24.72333,24.44167,24.57833,24.2246,7736400.0
2018-01-05,24.82,25.09833,24.65833,25.05833,24.69769,8523000.0
2018-01-08,25.02833,25.24,24.935,25.18333,24.82088,6600000.0
2018-01-09,25.31833,25.555,25.24333,25.36167,24.99666,7785600.0
2018-01-10,25.11833,25.325,24.915,25.24333,24.88003,10788000.0
2018-01-11,25.42,25.775,25.35333,25.765,25.39418,9466800.0
2018-01-12,25.87167,26.33333,25.83333,26.27333,25.8952,11172000.0
2018-01-16,26.69833,26.895,25.79667,26.0,25.6258,17074200.0
2018-01-17,26.30333,26.87333,26.075,26.74667,26.36172,12880200.0
2018-01-18,26.70833,26.83833,26.45167,26.625,26.2418,8629800.0
2018-01-19,26.78667,26.96167,26.60667,26.95167,26.56377,13549800.0
2018-01-22,26.88167,27.61833,26.87833,27.61333,27.21592,9346200.0
2018-01-23,27.64,27.89,27.52833,27.80667,27.40647,12256800.0
2018-01-24,28.00833,28.20833,27.365,27.755,27.35554,15816000.0
2018-01-25,28.045,28.07333,27.53,27.79167,27.391690000000004,11023200.0
2018-01-26,28.07333,28.74167000000001,27.97167,28.74,28.32637,13759800.0
2018-01-29,28.55167,28.69167,28.11667000000001,28.15167000000001,27.7465,12488400.0
2018-01-30,27.51833,27.74667,27.13167,27.27667000000001,26.884090000000004,16065000.0
2018-01-31,27.57333,27.74,26.98,27.61333,27.21592,13095000.0
2018-02-01,27.06,27.66,26.97833,27.22667,26.83482,11637000.0
2018-02-02,26.76167,26.83,25.44167,25.46667,25.10015,21081000.0
2018-02-05,24.85,25.54667,22.065,22.335,22.01355,38890200.0
2018-02-06,21.17833,23.70667000000001,20.91833,23.625,23.28498,27682800.0
2018-02-07,23.385,24.41333,23.16833,23.17833,22.84474,20813400.0
2018-02-08,23.26667,23.31,20.57,20.59667,20.30023,28018200.0
2018-02-09,21.34,21.97833,19.43667,21.55167,21.24149,40033200.0
2018-02-12,22.065,22.83667,21.575,22.39667,22.07433,23716800.0
2018-02-13,22.06333,22.74833,21.91667,22.59333,22.26816,13057800.0
2018-02-14,22.20167,23.60833,22.175,23.52167,23.18314,19729200.0
2018-02-15,24.0,24.38667,23.27833,24.38167,24.03076,16084200.0
2018-02-16,24.20167,25.00667,24.185,24.4,24.04883,15333600.0
2018-02-20,24.11667000000001,24.56333,23.71,23.97,23.62502000000001,13645800.0
2018-02-21,24.08167000000001,24.82167,23.57167,23.58667,23.2472,14297400.0
2018-02-22,23.865,24.36333,23.475,23.68333,23.34248,13803600.0
2018-02-23,24.04,24.81167,23.9,24.81167,24.45457,11486400.0
2018-02-26,25.135,25.68833,24.95833,25.67333,25.30384,11439600.0
2018-02-27,25.73,25.94333,24.68167,24.68167,24.32644,19125000.0
2018-02-28,25.03,25.16833,23.85167,23.87667,23.53303,15546600.0
2018-03-01,23.89667,24.33833,22.435,22.905,22.57534,21187200.0
2018-03-02,22.35667,23.4,22.14333,23.25833,22.9236,18103800.0
2018-03-05,22.885,24.21667,22.86,24.04333,23.6973,15391800.0
2018-03-06,24.32833,24.35167,23.77333,24.23333,23.88456,12534000.0
2018-03-07,23.55833,24.29667,23.51333,24.20667000000001,23.85828,13000800.0
2018-03-08,24.41,24.56667,24.09,24.53,24.17696,12607200.0
2018-03-09,24.96667,25.80667,24.86833,25.80667,25.43525,12633000.0
2018-03-12,25.91833,26.1,25.595,25.715,25.34491,12240600.0
2018-03-13,26.085,26.23167,25.02833,25.22,24.85703,15913200.0
2018-03-14,25.50833,25.56667,24.64833,24.81667,24.4595,12181800.0
2018-03-15,24.97333,25.16333,24.57667,24.72833,24.37244,10426200.0
2018-03-16,24.84167,25.13,24.795,24.81333,24.45621,7447800.0
2018-03-19,24.58333,24.58333,23.29333,23.80167,23.45911,15190800.0
2018-03-20,23.9,24.09833,23.70833,23.90833,23.56424,5824800.0
2018-03-21,23.87,24.50167,23.68333,23.77,23.44293,11050800.0
2018-03-22,23.05333,23.315,21.89333,22.19167,21.88632,17327400.0
2018-03-23,22.095,22.17667,20.50833,20.54833,20.26559,19251600.0
2018-03-26,21.53833,22.315,20.88833,22.25,21.94384,16855200.0
2018-03-27,22.48833,22.65,20.651670000000006,21.08167000000001,20.79159,23059800.0
2018-03-28,21.11833,21.57167,20.6,20.905,20.61736,19908600.0
2018-03-29,21.215,22.20167,21.005,21.78833,21.48853,18084000.0
2018-04-02,21.555,21.68667,19.585,20.29333,20.0141,21414600.0
2018-04-03,20.63333,21.18,20.12,21.06167,20.77186,12876600.0
2018-04-04,20.08333,21.92667,20.04333,21.79333,21.49346,21745800.0
2018-04-05,22.19,22.475,21.9,22.23667,21.9307,16324800.0
2018-04-06,21.64167,22.09667,20.32333,20.77333,20.4875,26708400.0
2018-04-09,21.17333,21.97167,20.93333,21.02167,20.73241,14273400.0
2018-04-10,21.84,22.265,21.525,22.025,21.72194,17785200.0
2018-04-11,21.62,22.16667,21.61667000000001,21.69833,21.39977,11068800.0
2018-04-12,22.075,22.485,22.015,22.21333,21.90768,12244200.0
2018-04-13,22.61167,22.62167,21.74167000000001,22.02,21.71701,15109800.0
2018-04-16,22.48333,22.775,22.23833,22.55,22.23972,11314200.0
2018-04-17,23.075,23.45,22.91667,23.28167,22.96132,10479000.0
2018-04-18,23.42667,23.57,23.20833,23.33,23.00899,9070800.0
2018-04-19,23.11167,23.18333,22.63333,22.92167,22.60627,12520200.0
2018-04-20,22.91333,22.965,22.08833,22.345,22.03754,10186200.0
2018-04-23,22.51833,22.65833,22.025,22.335,22.02768,9519000.0
2018-04-24,22.63,22.675,21.00167,21.44,21.14499,19570800.0
2018-04-25,21.4,21.70333,20.901670000000006,21.585,21.28799,15555000.0
2018-04-26,21.85333,22.45667000000001,21.735,22.24333,21.93727,9736200.0
2018-04-27,22.41,22.48667,22.025,22.28,21.97343,9495000.0
2018-04-30,22.455,22.61167,21.74167000000001,21.75833,21.45894,11178600.0
2018-05-01,21.62333,21.915,21.18167,21.87833,21.5773,11187600.0
2018-05-02,21.82667,22.05333,21.32667,21.41667,21.12198,9820800.0
2018-05-03,21.175,21.465,20.41667,21.27167,20.97897,16408200.0
2018-05-04,21.01833,22.29667,20.925,22.10167,21.79755,13340400.0
2018-05-07,22.32667,22.6,22.12833,22.31833,22.01124,12169200.0
2018-05-08,22.205,22.42,21.87667,22.325,22.01781,9267600.0
2018-05-09,22.50167,23.05333,22.36667000000001,22.97833,22.66216,11130600.0
2018-05-10,23.16,23.695,23.145,23.60833,23.28349,12753000.0
2018-05-11,23.645,23.895,23.48667,23.74167000000001,23.41499,11594400.0
2018-05-14,23.93333,24.13,23.68667,23.84333,23.51525,10463400.0
2018-05-15,23.48,23.48667,23.07667,23.33333,23.01227,12030000.0
2018-05-16,23.34,23.76667,23.34,23.63,23.30486,6903000.0
2018-05-17,23.53833,23.885,23.34167,23.57333,23.24897,10337400.0
2018-05-18,23.47167,23.56667,23.285,23.39,23.06816,9154800.0
2018-05-21,23.81667,24.075,23.71,23.91333,23.58429,10251000.0
2018-05-22,24.08833,24.145,23.615,23.71,23.38375,8374800.0
2018-05-23,23.31667,23.90833,23.28,23.89333,23.56457,7630200.0
2018-05-24,23.795,23.85,23.215,23.76,23.43307,5409200.0
2018-05-25,23.585,23.75,23.415,23.56,23.23582,4611800.0
2018-05-29,23.085,23.3,22.42,22.785,22.47148,9920800.0
2018-05-30,23.145,23.78,23.1,23.655,23.32951,8504800.0
2018-05-31,23.505,23.605,23.03,23.165,22.84626,8012800.0
2018-06-01,23.575,23.975,23.565,23.895,23.56621,6262000.0
2018-06-04,24.13,24.3,24.06,24.235,23.90153,5510400.0
2018-06-05,24.26,24.38,24.02,24.305,23.97057,4907000.0
2018-06-06,24.46,24.915,24.265,24.915,24.57218,5965400.0
2018-06-07,25.0,25.11,24.575,24.88,24.53765,6746400.0
2018-06-08,24.705,25.095,24.665,25.075,24.72997,9158000.0
2018-06-11,25.145,25.395,25.1,25.18,24.83353,5244400.0
2018-06-12,25.305,25.375,25.065,25.29,24.94202,4909400.0
2018-06-13,25.34,25.42,24.96,25.0,24.65601,6455200.0
2018-06-14,25.205,25.365,25.02,25.21,24.86312,4717400.0
2018-06-15,24.965,25.195,24.615,25.105,24.75956,6235000.0
2018-06-18,24.625,24.97,24.49,24.925,24.58204,6306000.0
2018-06-19,24.23,24.715,24.11,24.65,24.31083,7459000.0
2018-06-20,24.835,24.945,24.645,24.725,24.40856,4949400.0
2018-06-21,24.715,24.735,24.12,24.275,23.96432,5391000.0
2018-06-22,24.64,24.67,24.335,24.39,24.07784,3672600.0
2018-06-25,24.04,24.09,22.895,23.42,23.12026,13127000.0
2018-06-26,23.565,23.785,23.33,23.545,23.24366,5158400.0
2018-06-27,23.705,24.13,22.92,22.955,22.66121,8522400.0
2018-06-28,22.9,23.56,22.72,23.365,23.06596,6093200.0
2018-06-29,23.655,24.05,23.415,23.44,23.14,6594000.0
2018-07-02,22.95,23.625,22.9,23.57,23.26834,5303200.0
2018-07-03,23.845,23.865,23.2,23.3,23.00179,3271600.0
2018-07-05,23.65,23.9,23.33,23.885,23.57931,4910000.0
2018-07-06,23.89,24.595,23.775,24.46,24.14695,6840200.0
2018-07-09,24.8,25.15,24.775,25.135,24.81331,4799600.0
2018-07-10,25.25,25.44,25.185,25.4,25.07492,5775800.0
2018-07-11,24.94,25.17,24.75,24.865,24.54676,9497400.0
2018-07-12,25.235,25.525,25.04,25.5,25.17364,6367400.0
2018-07-13,25.445,25.665,25.315,25.55,25.22300000000001,6293400.0
2018-07-16,25.585,25.625,25.365,25.495,25.1687,4605200.0
2018-07-17,25.255,25.925,25.24,25.815,25.48461,5174000.0
2018-07-18,25.815,25.995,25.695,25.96,25.62775,3444800.0
2018-07-19,25.755,25.855,25.505,25.66,25.33159,6402200.0
2018-07-20,25.585,25.78,25.515,25.57,25.24274,5346000.0
2018-07-23,25.5,25.76,25.39,25.72,25.39082,4124400.0
2018-07-24,26.12,26.345,25.82,26.07,25.73634,7121000.0
2018-07-25,26.02,26.845,25.99,26.78,26.43726,5578200.0
2018-07-26,26.515,26.77,26.48,26.525,26.18552,4256400.0
2018-07-27,26.665,26.67,25.71,26.01,25.67711,6711000.0
2018-07-30,26.02,26.075,25.42,25.575,25.24768,7052000.0
2018-07-31,25.84,26.155,25.705,25.955,25.62282,5996800.0
2018-08-01,26.01,26.18,25.635,25.85,25.51916,3985800.0
2018-08-02,25.425,26.295,25.355,26.23,25.89429,5476600.0
2018-08-03,26.28,26.59,26.225,26.585,26.24475,5510200.0
2018-08-06,26.575,26.96,26.465,26.875,26.53104,4444200.0
2018-08-07,27.065,27.245,27.035,27.115,26.76797,4638400.0
2018-08-08,27.07,27.205,26.94,27.055,26.70874,3700800.0
2018-08-09,27.1,27.22,26.915,26.95,26.60508,3244000.0
2018-08-10,26.47,26.665,26.19,26.405,26.06706,6920200.0
2018-08-13,26.49,26.685,26.015,26.125,25.79064,7207600.0
2018-08-14,26.345,26.68,26.215,26.615,26.27437,5021600.0
2018-08-15,26.175,26.215,25.545,26.03,25.69686,9497200.0
2018-08-16,26.445,26.9,26.44,26.62,26.2793,6035600.0
2018-08-17,26.53,27.04,26.425,26.88,26.53598,7062600.0
2018-08-20,27.04,27.155,26.895,27.085,26.73835,3947400.0
2018-08-21,27.225,27.535,27.185,27.235,26.88643,5954200.0
2018-08-22,27.125,27.37,27.035,27.22,26.87162,3682200.0
2018-08-23,27.12,27.41,26.975,27.065,26.71861,5216200.0
2018-08-24,27.26,27.61,27.245,27.555,27.202340000000003,5008400.0
2018-08-27,27.955,28.25,27.905,28.195,27.83414,5673800.0
2018-08-28,28.375,28.4,28.105,28.235,27.87363,5093400.0
2018-08-29,28.315,28.78,28.245,28.695,28.32775,6576000.0
2018-08-30,28.515,28.655,28.145,28.325,27.96248,7118000.0
2018-08-31,28.19,28.49,28.04,28.315,27.95261,6007000.0
2018-09-04,28.18,28.3,27.85,28.19,27.82921,5017800.0
2018-09-05,28.06,28.125,27.62,27.96,27.60215,5459600.0
2018-09-06,27.97,28.075,27.35,27.69,27.33561,6573200.0
2018-09-07,27.35,27.84,27.265,27.51,27.15792,5905600.0
2018-09-10,27.85,27.92,27.59,27.665,27.31093,4250000.0
2018-09-11,27.45,28.075,27.335,27.955,27.59722,4460600.0
2018-09-12,27.935,28.14,27.69,27.96,27.60215,6127600.0
2018-09-13,28.29,28.49,28.185,28.42,28.05627,5687200.0
2018-09-14,28.51,28.545,28.18,28.45,28.08588,5458000.0
2018-09-17,28.405,28.425,27.89,27.975,27.61696,4906800.0
2018-09-18,28.035,28.615,28.035,28.425,28.0612,4651000.0
2018-09-19,28.44,28.65,28.4,28.52,28.15499,3381400.0
2018-09-20,28.895,29.3,28.885,29.185,28.81148,5375400.0
2018-09-21,29.43,29.475,29.055,29.105,28.7325,5748600.0
2018-09-24,28.915,28.96,28.62,28.835,28.46596,4410000.0
2018-09-25,28.965,29.0,28.655,28.72,28.35242,3462600.0
2018-09-26,28.745,29.15,28.315,28.435,28.08966,5690000.0
2018-09-27,28.585,29.03,28.505,28.665,28.31686,4516200.0
2018-09-28,28.475,28.84,28.455,28.635,28.28723,5175800.0
2018-10-01,29.085,29.325,28.75,28.96,28.60828,6911000.0
2018-10-02,28.935,29.16,28.8,28.93,28.57865,4347200.0
2018-10-03,29.25,29.41,28.845,28.97,28.61816,5443000.0
2018-10-04,28.8,28.8,27.735,28.275,27.9316,11743200.0
2018-10-05,28.33,28.505,27.32,27.825,27.48707000000001,11156200.0
2018-10-08,27.56,27.9,27.11,27.78,27.44261,10072200.0
2018-10-09,27.67,28.085,27.475,27.67,27.33395,8689000.0
2018-10-10,27.485,27.495,24.91,25.005,24.70131,20092000.0
2018-10-11,24.705,25.16,22.865,23.385,23.10099,35366400.0
2018-10-12,24.545,24.615,23.4,24.33,24.03451,20832600.0
2018-10-15,24.21,24.605,23.88,23.92,23.62949,12021600.0
2018-10-16,24.49,25.59,24.35,25.42,25.11127,12700000.0
2018-10-17,25.48,25.67,24.695,25.475,25.16561,13570800.0
2018-10-18,25.19,25.36,23.975,24.38,24.0839,16975600.0
2018-10-19,24.565,25.12,24.115,24.31,24.01476,12675000.0
2018-10-22,24.51,24.61,23.83,24.005,23.71346,13399600.0
2018-10-23,22.9,23.935,22.31,23.595,23.30844,20640800.0
2018-10-24,23.54,23.645,21.31,21.435,21.17467000000001,22293200.0
2018-10-25,21.955,23.025,21.675,22.625,22.35022,16076000.0
2018-10-26,21.545,22.27,20.65,21.395,21.13516,26642000.0
2018-10-29,22.24,22.59,20.08,21.025,20.76965,20379600.0
2018-10-30,21.0,22.06,20.86,22.0,21.73281,17421600.0
2018-10-31,22.68,23.31,22.555,22.685,22.40949,15960000.0
2018-11-01,22.915,23.44,22.6,23.395,23.11087,12446800.0
2018-11-02,23.695,23.82,22.375,22.935,22.65645,18919400.0
2018-11-05,23.09,23.495,22.825,23.355,23.07135,7258000.0
2018-11-06,23.315,23.82,23.31,23.775,23.48625,9688800.0
2018-11-07,24.42,25.325,24.29,25.285,24.97791,12585800.0
2018-11-08,25.06,25.35,24.805,25.135,24.82974,9710800.0
2018-11-09,24.74,24.805,23.985,24.44,24.14318,11244000.0
2018-11-12,24.25,24.325,22.885,23.02,22.74042,12917400.0
2018-11-13,23.165,23.73,22.7,22.905,22.62682,15298200.0
2018-11-14,23.43,23.54,21.98,22.405,22.13289,22300400.0
2018-11-15,22.06,23.24,21.625,23.12,22.8392,14165200.0
2018-11-16,22.815,23.545,22.64,23.285,23.0022,14252000.0
2018-11-19,23.13,23.19,21.845,22.145,21.87605,15825200.0
2018-11-20,21.175,21.575,20.62,20.885,20.63135,13989000.0
2018-11-21,21.25,21.57,21.065,21.085,20.82892,7776200.0
2018-11-23,20.605,21.015,20.605,20.66,20.40908,4467800.0
2018-11-26,21.255,21.65,21.135,21.635,21.37224,8232200.0
2018-11-27,21.355,21.845,21.19,21.845,21.57969,7101400.0
2018-11-28,22.15,23.35,21.885,23.34,23.05654,12768800.0
2018-11-29,23.14,23.6,22.81,23.19,22.90836,11448400.0
2018-11-30,23.135,23.785,23.06,23.655,23.36771,9637200.0
2018-12-03,24.825,24.85,24.095,24.535,24.23702,12049600.0
2018-12-04,24.31,24.42,22.07,22.205,21.93532,23927200.0
2018-12-06,21.065,22.07,20.22,22.065,21.79702,18678600.0
2018-12-07,21.93,22.39,20.275,20.52,20.27078,21528000.0
2018-12-10,20.44,20.86,19.34,20.615,20.36463,16538200.0
2018-12-11,21.43,21.495,20.235,20.61,20.35969,14049600.0
2018-12-12,21.395,21.745,20.915,20.935,20.68074,12965000.0
2018-12-13,21.175,21.4,20.605,20.91,20.65605,10721400.0
2018-12-14,20.32,20.58,19.585,19.74,19.50026,10844000.0
2018-12-17,19.48,19.76,18.145,18.545,18.31977,18784200.0
2018-12-18,18.955,19.115,18.115,18.51,18.2852,11393400.0
2018-12-19,18.515,19.405,17.25,17.66,17.445520000000002,23567200.0
2018-12-20,17.34,17.71,16.25,16.795,16.59102,25372000.0
2018-12-21,16.98,17.58,15.6,15.74,15.54884,28749800.0
2018-12-24,15.4,15.65,14.485,14.5,14.3239,15583000.0
2018-12-26,14.75,16.575,14.325,16.575,16.43263,24227600.0
2018-12-27,15.885,17.03,15.15,17.015,16.86885,21935600.0
2018-12-28,17.275,17.665,16.655,16.935,16.78954,25101800.0
2018-12-31,17.275,17.405,16.87,17.39,17.24063,11379800.0
2019-01-02,16.56,17.62,16.525,17.425,17.27533,14165400.0
2019-01-03,17.005,17.065,16.035,16.125,15.98649,15263200.0
2019-01-04,16.82,17.915,16.735,17.765,17.61241,16237000.0
2019-01-07,17.84,18.515,17.61,18.17,18.01393,12835000.0
2019-01-08,18.725,18.825,18.1,18.675,18.51459,11335200.0
2019-01-09,18.87,19.165,18.575,18.935,18.77236,9332400.0
2019-01-10,18.57,19.205,18.405,19.165,19.00038,9180200.0
2019-01-11,18.875,19.16,18.73,19.15,18.98551,7742400.0
2019-01-14,18.69,19.005,18.59,18.825,18.6633,6295400.0
2019-01-15,18.905,19.53,18.905,19.46,19.29285,9561400.0
2019-01-16,19.56,19.81,19.51,19.575,19.40686,8934400.0
2019-01-17,19.365,20.235,19.355,20.025,19.85299,10218000.0
2019-01-18,20.49,20.94,20.28,20.81,20.63125,12672200.0
2019-01-22,20.435,20.485,19.56,19.98,19.80838,12722000.0
2019-01-23,20.235,20.395,19.465,20.075,19.90257,11422800.0
2019-01-24,20.035,20.255,19.775,20.13,19.95709,8375000.0
2019-01-25,20.59,20.83,20.47,20.62,20.44288,10498000.0
2019-01-28,20.05,20.165,19.69,20.165,19.99179,9455800.0
2019-01-29,20.165,20.315,19.855,20.075,19.90257,6312800.0
2019-01-30,20.445,21.225,20.25,21.02,20.83945,11890000.0
2019-01-31,20.975,21.665,20.935,21.545,21.35994,11569000.0
2019-02-01,21.605,21.855,21.375,21.575,21.38968,14343800.0
2019-02-04,21.59,22.045,21.41,22.035,21.84573,6868200.0
2019-02-05,22.155,22.385,22.015,22.32,22.12828,12499800.0
2019-02-06,22.22,22.355,22.005,22.21,22.01922,8043600.0
2019-02-07,21.755,21.905,21.12,21.57,21.38472,19135400.0
2019-02-08,21.21,21.65,21.01,21.65,21.46404,7223200.0
2019-02-11,21.815,21.88,21.535,21.685,21.49873,11960800.0
2019-02-12,22.105,22.61,22.085,22.515,22.3216,11271200.0
2019-02-13,22.74,22.955,22.615,22.715,22.51989,7899400.0
2019-02-14,22.405,22.865,22.175,22.56,22.36622,9442600.0
2019-02-15,23.05,23.295,22.98,23.285,23.08499,9104600.0
2019-02-19,23.06,23.59,23.055,23.4,23.19901,5508600.0
2019-02-20,23.4,23.665,23.25,23.54,23.3378,11183400.0
2019-02-21,23.36,23.445,23.01,23.28,23.08004,9691800.0
2019-02-22,23.46,23.76,23.375,23.72,23.51625,13609800.0
2019-02-25,24.11,24.26,23.775,23.82,23.6154,19010600.0
2019-02-26,23.685,23.985,23.64,23.745,23.54104,7184600.0
2019-02-27,23.535,23.81,23.27,23.705,23.50139,8802000.0
2019-02-28,23.62,23.75,23.47,23.545,23.34276,6355000.0
2019-03-01,24.005,24.12,23.595,24.015,23.80872,8069400.0
2019-03-04,24.305,24.36,23.075,23.73,23.52617,19698200.0
2019-03-05,23.765,23.815,23.48,23.63,23.42703,7276600.0
2019-03-06,23.65,23.65,23.1,23.195,22.99577,9503600.0
2019-03-07,23.06,23.09,22.36,22.615,22.42075,13913400.0
2019-03-08,22.085,22.5,21.955,22.475,22.28195,10669400.0
2019-03-11,22.645,23.48,22.645,23.455,23.25353,7099200.0
2019-03-12,23.575,23.84,23.54,23.695,23.49147,6860000.0
2019-03-13,23.94,24.425,23.9,24.165,23.95743,10225400.0
2019-03-14,24.16,24.28,23.98,24.115,23.90786,6242800.0
2019-03-15,24.245,24.68,24.205,24.465,24.25486,12635000.0
2019-03-18,24.505,24.8,24.445,24.74,24.52749,7671800.0
2019-03-19,25.02,25.24,24.465,24.755,24.54237,13119200.0
2019-03-20,24.59,24.96,24.135,24.45,24.28609,18361600.0
2019-03-21,24.195,25.385,24.195,25.255,25.0857,10082200.0
2019-03-22,24.865,25.015,23.79,23.815,23.65535,23755400.0
2019-03-25,23.71,24.035,23.395,23.755,23.59575,15269400.0
2019-03-26,24.245,24.545,23.875,24.255,24.0924,12962400.0
2019-03-27,24.27,24.44,23.445,23.915,23.75468,13492600.0
2019-03-28,24.06,24.275,23.73,24.17,24.00797,9162400.0
2019-03-29,24.59,24.69,24.26,24.64,24.47482,9933000.0
2019-04-01,25.175,25.555,25.105,25.5,25.32906,8812000.0
2019-04-02,25.525,25.565,25.275,25.495,25.32409,8099600.0
2019-04-03,25.865,25.98,25.44,25.645,25.47308,10447200.0
2019-04-04,25.705,25.88,25.495,25.81,25.63698,6718600.0
2019-04-05,26.01,26.185,25.92,26.145,25.96973,8217800.0
2019-04-08,26.04,26.26,25.85,26.245,26.06906,7058600.0
2019-04-09,25.935,26.035,25.665,25.825,25.65188,6827600.0
2019-04-10,25.945,26.11,25.825,26.09,25.9151,5437000.0
2019-04-11,26.22,26.22,25.88,26.06,25.8853,6347200.0
2019-04-12,26.535,26.66,26.325,26.585,26.40678,5933000.0
2019-04-15,26.6,26.625,26.275,26.515,26.33725,5584200.0
2019-04-16,26.77,26.8,26.38,26.59,26.41175,6088000.0
2019-04-17,26.88,26.885,26.225,26.36,26.18329,9079800.0
2019-04-18,26.53,26.58,26.125,26.5,26.32235,6603000.0
2019-04-22,26.255,26.61,26.235,26.585,26.40678,3704200.0
2019-04-23,26.675,27.34,26.6,27.265,27.08222,6937600.0
2019-04-24,27.25,27.345,27.045,27.105,26.9233,5798000.0
2019-04-25,27.045,27.225,26.655,27.02,26.83886,6519000.0
2019-04-26,27.03,27.415,26.795,27.41,27.22625,7146000.0
2019-04-29,27.41,27.675,27.395,27.505,27.32061,8413200.0
2019-04-30,27.405,27.64,26.965,27.55,27.36531,5847400.0
2019-05-01,27.755,27.81,26.925,26.93,26.74947,11235400.0
2019-05-02,26.86,27.16,26.285,26.765,26.58558,16984000.0
2019-05-03,27.19,27.605,27.12,27.52,27.33551,6831400.0
2019-05-06,26.155,27.305,26.08,27.195,27.01269000000001,12464200.0
2019-05-07,26.43,26.61,25.22,25.835,25.66181,23133800.0
2019-05-08,25.7,26.205,25.515,25.715,25.54261,13466600.0
2019-05-09,25.05,25.62,24.545,25.455,25.28436,19609000.0
2019-05-10,25.17,26.045,24.28,25.815,25.64194,16458600.0
2019-05-13,24.28,24.575,23.625,23.905,23.74475,28893400.0
2019-05-14,24.155,24.95,24.125,24.505,24.34072,12672200.0
2019-05-15,24.045,25.125,23.98,24.93,24.76288,14508800.0
2019-05-16,25.14,26.02,25.125,25.605,25.43335,11568800.0
2019-05-17,24.935,25.855,24.935,25.125,24.95657000000001,11044400.0
2019-05-20,24.65,25.0,24.4,24.64,24.47482,12875400.0
2019-05-21,25.1,25.39,25.03,25.275,25.10556,6968800.0
2019-05-22,24.985,25.32,24.905,25.06,24.89201,7130800.0
2019-05-23,24.395,24.395,23.69,24.16,23.99804,14133200.0
2019-05-24,24.52,24.63,24.085,24.255,24.0924,6856000.0
2019-05-28,24.335,24.615,23.585,23.605,23.44676,7015400.0
2019-05-29,23.255,23.375,22.71,23.135,22.97991,10393600.0
2019-05-30,23.295,23.53,22.975,23.3,23.1438,11341000.0
2019-05-31,22.56,22.8,22.325,22.345,22.1952,12430400.0
2019-06-03,22.33,22.64,21.79,22.165,22.01641,12919800.0
2019-06-04,22.775,23.635,22.65,23.605,23.44676,8442200.0
2019-06-05,24.055,24.215,23.54,24.2,24.03777,7973000.0
2019-06-06,24.295,24.865,24.1,24.66,24.49469,7258000.0
2019-06-07,24.97,25.72,24.915,25.405,25.23469,10280800.0
2019-06-10,25.865,26.25,25.74,25.755,25.58234,10977400.0
2019-06-11,26.3,26.4,25.545,25.735,25.56248,8649800.0
2019-06-12,25.66,25.825,25.44,25.595,25.42342,6111800.0
2019-06-13,25.86,26.0,25.645,25.93,25.75617,6536200.0
2019-06-14,25.8,25.98,25.585,25.8,25.62704,3869000.0
2019-06-17,25.87,26.055,25.78,25.845,25.67174,5985600.0
2019-06-18,26.38,26.96,26.27,26.61,26.43162,9418200.0
2019-06-19,26.675,26.98,26.375,26.83,26.650140000000004,6872800.0
2019-06-20,27.625,27.7,26.96,27.575,27.39014,7800800.0
2019-06-21,27.485,27.875,27.385,27.47,27.28585,5862600.0
2019-06-24,27.51,27.61,27.295,27.36,27.17659,3789600.0
2019-06-25,27.305,27.315,26.445,26.52,26.38513,8245800.0
2019-06-26,26.765,26.915,26.375,26.405,26.27072,5961400.0
2019-06-27,26.63,26.825,26.525,26.7,26.56422,4716600.0
2019-06-28,26.965,27.225,26.815,27.075,26.93731,7384400.0
2019-07-01,28.08,28.16,27.44,27.78,27.63873,9473800.0
2019-07-02,27.785,28.045,27.53,28.045,27.90238,4405600.0
2019-07-03,28.22,28.67,28.175,28.665,28.51922,4015400.0
2019-07-05,28.275,28.625,27.875,28.54,28.39486,5646800.0
2019-07-08,28.155,28.245,27.925,28.115,27.97202,5051200.0
2019-07-09,27.72,28.29,27.72,28.21,28.066540000000003,3593400.0
2019-07-10,28.54,28.895,28.365,28.61,28.46451,7283600.0
2019-07-11,28.795,28.865,28.465,28.785,28.63861,6087600.0
2019-07-12,28.945,29.19,28.84,29.19,29.04155,5425400.0
2019-07-15,29.29,29.3,29.04,29.195,29.04653,2786400.0
2019-07-16,29.165,29.215,28.805,28.905,28.75800000000001,4127200.0
2019-07-17,28.89,28.95,28.315,28.33,28.18593,5498800.0
2019-07-18,28.145,28.72,27.995,28.62,28.47445,5190200.0
2019-07-19,28.945,28.97,28.06,28.13,27.98694,5801000.0
2019-07-22,28.25,28.485,28.075,28.335,28.1909,4121800.0
2019-07-23,28.675,28.92,28.415,28.915,28.76795,5002200.0
2019-07-24,28.68,29.315,28.655,29.315,29.16592,4686200.0
2019-07-25,29.185,29.19,28.635,28.88,28.73313,6524400.0
2019-07-26,29.115,29.525,29.07,29.47,29.32013,3972800.0
2019-07-29,29.425,29.435,29.12,29.32,29.170890000000004,4349200.0
2019-07-30,28.845,29.205,28.725,29.11,28.96196,4646800.0
2019-07-31,29.16,29.215,27.465,28.105,27.96207,10282800.0
2019-08-01,28.155,29.075,27.125,27.395,27.25568,14660200.0
2019-08-02,27.1,27.16,26.27,26.8,26.66371,13555400.0
2019-08-05,25.5,25.525,23.755,24.415,24.29084,17920200.0
2019-08-06,24.865,25.405,24.44,25.35,25.22108,11131600.0
2019-08-07,24.445,25.61,23.83,25.405,25.2758,16106600.0
2019-08-08,25.82,26.865,25.66,26.865,26.72838,11909800.0
2019-08-09,26.585,26.765,25.77,26.315,26.18118,11780800.0
2019-08-12,25.855,26.025,25.065,25.345,25.21611,11819200.0
2019-08-13,25.255,26.95,25.145,26.515,26.38016,14375200.0
2019-08-14,25.325,25.49,24.14,24.19,24.06698,19276600.0
2019-08-15,24.425,24.605,23.79,24.37,24.24607,13019000.0
2019-08-16,24.83,25.55,24.815,25.435,25.30565,10881800.0
2019-08-19,26.325,26.545,26.115,26.35,26.216,6489000.0
2019-08-20,26.2,26.345,25.695,25.735,25.60413,6729400.0
2019-08-21,26.365,26.475,26.135,26.36,26.22595,6033800.0
2019-08-22,26.555,26.75,25.8,26.325,26.19112,7683400.0
2019-08-23,25.94,26.425,23.92,24.28,24.15652,18481400.0
2019-08-26,24.9,25.08,24.475,25.075,24.94748,9434600.0
2019-08-27,25.495,25.595,24.57,24.8,24.67388,7398600.0
2019-08-28,24.59,25.355,24.38,25.315,25.18626,7993000.0
2019-08-29,26.055,26.415,25.755,26.27,26.13641,6609600.0
2019-08-30,26.705,26.715,25.955,26.245,26.11153,8317200.0
2019-09-03,25.72,25.985,25.375,25.78,25.6489,8066800.0
2019-09-04,26.405,26.635,26.175,26.625,26.4896,6651200.0
2019-09-05,27.38,27.93,27.34,27.66,27.51933,7329600.0
2019-09-06,27.76,27.905,27.54,27.73,27.58898,4738800.0
2019-09-09,28.02,28.04,27.455,27.75,27.60888,4705800.0
2019-09-10,27.505,27.75,27.12,27.75,27.60888,6048400.0
2019-09-11,27.82,28.34,27.64,28.34,28.19588,4669400.0
2019-09-12,28.585,28.92,28.345,28.58,28.43465,6665400.0
2019-09-13,28.735,28.845,28.415,28.515,28.36999,4129200.0
2019-09-16,28.16,28.4,28.055,28.27,28.12623,3754600.0
2019-09-17,28.18,28.5,28.15,28.49,28.34511,3787600.0
2019-09-18,28.35,28.555,27.705,28.535,28.38988,7292200.0
2019-09-19,28.625,28.945,28.395,28.49,28.34511,4596600.0
2019-09-20,28.7,28.775,27.87,28.065,27.92228,5062400.0
2019-09-23,27.88,28.29,27.8,28.09,27.94715,2634800.0
2019-09-24,28.41,28.52,27.11,27.4,27.26066,7376600.0
2019-09-25,27.415,28.02,26.97,27.88,27.73822,4352600.0
2019-09-26,27.885,27.935,27.27,27.71,27.56908,7114200.0
2019-09-27,27.935,27.955,26.775,27.24,27.10147000000001,8081800.0
2019-09-30,27.39,27.835,27.39,27.635,27.49446,3839600.0
2019-10-01,27.885,28.09,26.56,26.645,26.509490000000003,9808000.0
2019-10-02,26.145,26.155,24.83,25.225,25.09672,14500000.0
2019-10-03,25.14,25.825,24.36,25.825,25.69367,12254200.0
2019-10-04,26.025,26.935,25.995,26.86,26.7234,9259000.0
2019-10-07,26.63,27.105,26.425,26.52,26.38513,8789000.0
2019-10-08,25.945,26.17,25.265,25.285,25.15641,11864000.0
2019-10-09,25.86,26.255,25.675,25.97,25.83793,5390800.0
2019-10-10,25.945,26.76,25.9,26.495,26.36026,8631400.0
2019-10-11,27.325,27.98,27.285,27.295,27.15619,11528200.0
2019-10-14,27.215,27.425,27.125,27.235,27.0965,4138400.0
2019-10-15,27.545,28.255,27.51,28.05,27.90735,5646600.0
2019-10-16,27.895,28.105,27.76,27.91,27.76806,4383000.0
2019-10-17,28.25,28.4,27.915,28.13,27.98694,5153600.0
2019-10-18,27.96,28.155,27.48,27.75,27.60888,4742000.0
2019-10-21,28.15,28.37,28.025,28.345,28.20085,2781800.0
2019-10-22,28.5,28.56,28.005,28.04,27.89741,4222400.0
2019-10-23,27.955,28.29,27.89,28.28,28.13618,3251200.0
2019-10-24,28.555,28.595,28.14,28.4,28.25557,5544400.0
2019-10-25,28.22,28.91,28.22,28.77,28.623690000000003,5141800.0
2019-10-28,29.125,29.38,29.12,29.25,29.10125,4830000.0
2019-10-29,29.13,29.48,29.09,29.195,29.04653,4290200.0
2019-10-30,29.275,29.565,28.84,29.48,29.33008,5669200.0
2019-10-31,29.435,29.435,28.75,29.21,29.06145,6653000.0
2019-11-01,29.66,30.025,29.615,30.02,29.86733,5090400.0
2019-11-04,30.525,30.565,30.255,30.38,30.2255,5891600.0
2019-11-05,30.445,30.525,30.17,30.27,30.11606,4294800.0
2019-11-06,30.275,30.37,29.975,30.305,30.15088,5306800.0
2019-11-07,30.715,30.97,30.44,30.615,30.45931,6090400.0
2019-11-08,30.465,30.815,30.25,30.805,30.64834,4420600.0
2019-11-11,30.365,30.69,30.31,30.66,30.50408,2980600.0
2019-11-12,30.75,31.12,30.57,30.81,30.65331,7868800.0
2019-11-13,30.495,30.975,30.42,30.85,30.69311,5929400.0
2019-11-14,30.74,30.995,30.54,30.975,30.81748,4929800.0
2019-11-15,31.4,31.65,31.19,31.65,31.48904000000001,6263600.0
2019-11-18,31.56,31.78,31.405,31.705,31.54376,3525600.0
2019-11-19,31.905,31.905,31.455,31.66,31.49899000000001,4613400.0
2019-11-20,31.475,31.63,30.79,31.32,31.16072,6156000.0
2019-11-21,31.32,31.355,30.885,31.165,31.00651,3825000.0
2019-11-22,31.395,31.425,31.02,31.345,31.18559,3182400.0
2019-11-25,31.66,32.075,31.66,32.065,31.90193,3856600.0
2019-11-26,32.105,32.345,31.98,32.265,32.10092,3432600.0
2019-11-27,32.46,32.7,32.365,32.685,32.51878,3643200.0
2019-11-29,32.51,32.59,32.26,32.345,32.18051,2236200.0
2019-12-02,32.425,32.435,31.365,31.515,31.35473,7987600.0
2019-12-03,30.6,30.89,30.135,30.87,30.71301,7728200.0
2019-12-04,31.21,31.63,31.1,31.42,31.26021,5083400.0
2019-12-05,31.655,31.66,31.155,31.605,31.44427,4199800.0
2019-12-06,32.235,32.59,32.225,32.44,32.27502,5764200.0
2019-12-09,32.315,32.545,32.12,32.15,31.98651,2694400.0
2019-12-10,32.115,32.35,31.815,32.025,31.862140000000004,4041200.0
2019-12-11,32.185,32.39,32.05,32.295,32.130759999999995,4917800.0
2019-12-12,32.29,33.39,32.21,33.125,32.956540000000004,10368400.0
2019-12-13,33.04,33.605,32.775,33.18,33.01126,8216600.0
2019-12-16,33.775,34.07,33.765,33.875,33.70272,4623600.0
2019-12-17,33.985,34.095,33.86,33.88,33.7077,3737200.0
2019-12-18,34.01,34.095,33.87,33.875,33.70272,2885800.0
2019-12-19,33.92,34.305,33.915,34.28,34.10566,4674200.0
2019-12-20,34.65,34.96,34.625,34.8,34.62303,5420800.0
2019-12-23,35.01,35.015,34.83,34.9,34.72252,3243400.0
2019-12-24,34.91,34.92,34.72,34.84,34.71305,1739200.0
2019-12-26,34.95,35.36,34.945,35.35,35.22119,2828000.0
2019-12-27,35.635,35.64,35.15,35.335,35.20625,4203000.0
2019-12-30,35.365,35.405,34.57,34.75,34.62338,5640600.0
2019-12-31,34.55,35.075,34.44,35.005,34.87745,4322200.0
2020-01-02,35.535,35.955,35.19,35.95,35.819,5484200.0
2020-01-03,34.725,35.54,34.7,35.17,35.04184,6434800.0
2020-01-06,34.495,35.555,34.465,35.535,35.40551,4673800.0
2020-01-07,35.335,35.49,35.065,35.225,35.09664,3871200.0
2020-01-08,35.305,36.215,35.205,35.77,35.63966,7609000.0
2020-01-09,36.355,36.525,36.13,36.5,36.367,4257400.0
2020-01-10,36.72,36.765,36.015,36.19,36.05813,4863000.0
2020-01-13,36.415,36.925,36.25,36.92,36.78547,3547000.0
2020-01-14,36.765,37.135,36.55,36.745,36.61111,5305400.0
2020-01-15,36.72,37.275,36.68,37.0,36.86518,6929400.0
2020-01-16,37.49,37.9,37.4,37.9,37.7619,3962200.0
2020-01-17,38.165,38.325,37.945,38.255,38.11561,6911000.0
2020-01-21,37.875,38.315,37.855,38.04,37.90139,5034600.0
2020-01-22,38.345,38.58,37.98,38.06,37.92132,3390600.0
2020-01-23,37.78,38.205,37.35,38.14,38.00102,5179000.0
2020-01-24,38.4,38.41,36.635,37.115,36.97977,10740400.0
2020-01-27,35.18,35.87,35.035,35.34,35.21123,13672800.0
2020-01-28,35.845,36.745,35.67,36.435,36.30223,6222200.0
2020-01-29,36.935,37.0,36.265,36.34,36.20759,4409600.0
2020-01-30,35.575,36.75,35.3,36.655,36.52143,7025000.0
2020-01-31,36.44,36.5,34.345,34.685,34.55862,13743000.0
2020-02-03,35.205,36.105,35.16,35.445,35.31585,6987000.0
2020-02-04,36.75,37.37,36.62,37.06,36.92496,5444000.0
2020-02-05,38.15,38.41,37.605,38.315,38.17538,6672400.0
2020-02-06,38.705,38.78,38.305,38.71,38.56894000000001,3941200.0
2020-02-07,38.31,38.58,37.89,38.115,37.97612,5909000.0
2020-02-10,37.75,38.95,37.74,38.95,38.80807,4518600.0
2020-02-11,39.465,39.755,38.955,39.15,39.00735,5982600.0
2020-02-12,39.69,39.965,39.54,39.885,39.73966,4594400.0
2020-02-13,39.33,40.12,39.215,39.735,39.59021,5260200.0
2020-02-14,39.885,39.965,39.44,39.93,39.7845,4598800.0
2020-02-18,39.53,39.755,39.075,39.615,39.47065,4920600.0
2020-02-19,39.985,40.435,39.865,40.18,40.0336,2816000.0
2020-02-20,39.95,40.27,38.5,39.655,39.5105,7485400.0
2020-02-21,39.145,39.25,38.12,38.435,38.29495,10155200.0
2020-02-24,34.845,35.765,34.19,34.59,34.46396,16498800.0
2020-02-25,35.085,35.28,31.13,31.455,31.34038,17715800.0
2020-02-26,31.895,33.075,30.845,31.11,30.99664000000001,16942600.0
2020-02-27,29.27,30.5,26.865,26.875,26.77707,27476400.0
2020-02-28,24.495,26.695,23.625,26.695,26.59773,29334200.0
2020-03-02,27.0,29.97,26.035,29.93,29.820940000000004,19694200.0
2020-03-03,30.08,31.325,26.595,27.385,27.28522,25196800.0
2020-03-04,28.985,30.895,28.225,30.83,30.71766,14220800.0
2020-03-05,28.5,29.5,27.01,27.735,27.63394000000001,20202400.0
2020-03-06,25.17,26.7,24.36,26.35,26.25399,18677400.0
2020-03-09,20.785,22.8,20.0,20.195,20.12141,25803600.0
2020-03-10,22.5,23.385,20.025,23.385,23.29979,24889400.0
2020-03-11,21.47,21.75,19.09,19.94,19.86734,24775000.0
2020-03-12,15.8,18.22,14.15,14.155,14.103420000000002,44989800.0
2020-03-13,16.845,18.135,14.44,18.085,18.0191,35916400.0
2020-03-16,12.5,15.265,11.625,11.765,11.72213,43515000.0
2020-03-17,12.53,14.175,11.385,13.96,13.90913,43122400.0
2020-03-18,11.13,12.565,9.85,11.82,11.77693,63240200.0
2020-03-19,11.41,12.65,10.45,11.745,11.7022,47756200.0
2020-03-20,12.18,12.44,10.1,10.15,10.11301,47508400.0
2020-03-23,10.07,10.235,8.755,9.315,9.28106,63418400.0
2020-03-24,10.805,11.995,10.75,11.92,11.87656,49427400.0
2020-03-25,12.08,13.77,11.33,12.355,12.33948,61940600.0
2020-03-26,12.755,14.765,12.7,14.51,14.49178,45637200.0
2020-03-27,13.185,14.45,12.81,13.2,13.183420000000002,46225400.0
2020-03-30,13.565,14.6,13.235,14.49,14.4718,32701200.0
2020-03-31,14.315,14.77,13.585,13.815,13.79765,48913200.0
2020-04-01,12.265,12.82,11.615,11.97,11.95497,45514400.0
2020-04-02,11.835,12.92,11.735,12.79,12.77394,47101200.0
2020-04-03,12.645,13.02,11.795,12.24,12.22463,41665200.0
2020-04-06,13.675,15.025,13.5,14.715,14.69652,41583000.0
2020-04-07,16.275,16.405,14.695,14.715,14.69652,59664000.0
2020-04-08,15.2,16.435,14.805,16.21,16.18964,40655200.0
2020-04-09,16.845,17.48,16.46,16.945,16.92372,53853200.0
2020-04-13,16.76,16.82,15.7,16.45,16.42934,43303400.0
2020-04-14,17.445,18.1,17.235,17.945,17.92246,38211200.0
2020-04-15,16.755,17.13,16.355,16.79,16.76892,33866800.0
2020-04-16,17.035,17.195,16.425,17.035,17.01361,42307200.0
2020-04-17,18.175,18.53,17.63,18.425,18.40186,37022800.0
2020-04-20,17.63,18.335,17.385,17.435,17.4131,35936400.0
2020-04-21,16.525,16.77,15.655,15.825,15.805129999999998,43077600.0
2020-04-22,16.755,17.215,16.515,16.895,16.87378,24901400.0
2020-04-23,17.15,17.765,16.835,16.875,16.85381,36714200.0
2020-04-24,17.19,17.715,16.78,17.59,17.56791,28577800.0
2020-04-27,17.995,18.57,17.9,18.365,18.34193,23238600.0
2020-04-28,19.12,19.185,18.035,18.095,18.07228,36668400.0
2020-04-29,19.205,19.83,18.985,19.495,19.47052,29156800.0
2020-04-30,19.21,19.315,18.585,18.95,18.9262,30899600.0
2020-05-01,17.935,18.09,17.21,17.43,17.40811,33125400.0
2020-05-04,17.07,17.665,16.775,17.615,17.592879999999994,21443000.0
2020-05-05,18.17,18.65,17.995,18.085,18.06229,22136000.0
2020-05-06,18.435,18.515,17.685,17.725,17.70274,26540200.0
2020-05-07,18.37,18.74,18.245,18.355,18.33195,22188000.0
2020-05-08,18.99,19.335,18.77,19.255,19.23082,20463600.0
2020-05-11,18.835,19.57,18.75,19.285,19.26078,21826600.0
2020-05-12,19.52,19.615,18.095,18.1,18.07727,24825200.0
2020-05-13,17.995,18.205,16.65,17.165,17.14344,37855000.0
2020-05-14,16.645,17.79,16.19,17.79,17.76766,41451200.0
2020-05-15,17.285,18.01,17.08,18.0,17.97739,31935400.0
2020-05-18,19.3,19.975,19.215,19.665,19.6403,26279400.0
2020-05-19,19.53,19.89,19.04,19.06,19.03606,24525200.0
2020-05-20,19.805,20.2,19.75,20.02,19.99486,20024400.0
2020-05-21,19.99,20.165,19.355,19.585,19.5604,26277200.0
2020-05-22,19.54,19.74,19.27,19.69,19.66527,14088200.0
2020-05-26,21.01,21.06,20.36,20.445,20.41932000000001,18760200.0
2020-05-27,21.065,21.345,19.985,21.34,21.3132,24204600.0
2020-05-28,21.595,22.045,21.075,21.235,21.20833,21445800.0
2020-05-29,21.125,21.635,20.45,21.485,21.45802,25808800.0
2020-06-01,21.36,21.905,21.245,21.77,21.74266,13758600.0
2020-06-02,21.985,22.32,21.675,22.32,22.29197000000001,16631400.0
2020-06-03,22.79,23.43,22.715,23.22,23.19084,17846400.0
2020-06-04,22.95,23.385,22.51,22.995,22.96612,21390800.0
2020-06-05,24.325,25.23,24.31,24.765,24.7339,24524400.0
2020-06-08,25.01,25.725,24.86,25.695,25.66273,16026600.0
2020-06-09,25.0,25.49,24.775,25.135,25.10343,19661800.0
2020-06-10,25.275,25.485,24.51,24.7,24.66898,28500200.0
2020-06-11,22.88,23.08,20.24,20.385,20.3594,48438000.0
2020-06-12,21.97,22.115,19.98,21.13,21.10346,34717600.0
2020-06-15,19.815,21.975,19.56,21.725,21.69772,26411000.0
2020-06-16,23.525,23.545,21.85,22.97,22.94115,27357600.0
2020-06-17,23.225,23.29,22.515,22.67,22.64153,16723800.0
2020-06-18,22.335,22.825,22.215,22.7,22.67149,15716000.0
2020-06-19,23.53,23.575,22.01,22.3,22.27199,21055000.0
2020-06-22,22.17,22.84,21.915,22.775,22.7464,12902800.0
2020-06-23,23.38,23.61,22.965,23.065,23.03603,13761200.0
2020-06-24,22.57,22.72,20.865,21.32,21.29322,29068000.0
2020-06-25,21.165,22.04,20.71,21.97,21.94241,20195400.0
2020-06-26,21.725,21.77,20.285,20.4,20.37438,23108200.0
2020-06-29,20.68,21.31,20.185,21.31,21.28324,17411800.0
2020-06-30,21.225,22.515,21.18,22.18,22.15214,17873600.0
2020-07-01,22.385,22.88,22.27,22.59,22.56163,19006400.0
2020-07-02,23.41,23.72,22.8,22.95,22.92118,17203200.0
2020-07-06,23.885,24.12,23.69,24.02,23.98983,14732800.0
2020-07-07,23.63,24.125,23.18,23.26,23.23079,14961800.0
2020-07-08,23.46,23.83,23.035,23.8,23.77011,14111600.0
2020-07-09,23.96,24.01,22.565,23.395,23.36562,19465800.0
2020-07-10,23.36,24.18,23.04,24.115,24.08471,13980000.0
2020-07-13,24.695,25.275,23.33,23.485,23.45551,19627400.0
2020-07-14,23.125,24.475,22.85,24.385,24.35437,22470000.0
2020-07-15,25.19,25.34,24.48,25.065,25.03352000000001,19134600.0
2020-07-16,24.595,24.93,24.42,24.815,24.78384,12577800.0
2020-07-17,25.065,25.23,24.575,25.03,24.99857,10825000.0
2020-07-20,24.975,25.82,24.78,25.63,25.59781,10791000.0
2020-07-21,26.135,26.255,25.55,25.785,25.75261,14608600.0
2020-07-22,25.715,26.305,25.685,26.24,26.20705,10376400.0
2020-07-23,26.135,26.325,24.95,25.29,25.25824,17185600.0
2020-07-24,24.815,25.075,24.43,24.82,24.78883,17366200.0
2020-07-27,24.975,25.395,24.79,25.335,25.30318,10934000.0
2020-07-28,25.16,25.455,24.79,24.87,24.83877,10729600.0
2020-07-29,25.095,25.925,25.075,25.775,25.74263,10110600.0
2020-07-30,25.01,25.61,24.48,25.5,25.46797,17065000.0
2020-07-31,25.97,26.13,24.885,26.105,26.07221,15709000.0
2020-08-03,26.545,26.845,26.405,26.635,26.60155,9230800.0
2020-08-04,26.43,26.96,26.43,26.935,26.90117,10125800.0
2020-08-05,27.32,27.535,27.24,27.445,27.41053,9164400.0
2020-08-06,27.3,28.04,27.22,28.005,27.96983,11800800.0
2020-08-07,27.745,28.12,27.5,28.06,28.02476,14788400.0
2020-08-10,28.2,28.37,27.66,28.31,28.27444,10513800.0
2020-08-11,28.655,28.815,27.42,27.635,27.60029,13895200.0
2020-08-12,28.27,28.985,28.27,28.755,28.71889,10382800.0
2020-08-13,28.56,28.975,28.36,28.63,28.594040000000003,7720600.0
2020-08-14,28.505,28.765,28.31,28.61,28.57407000000001,7134600.0
2020-08-17,28.885,28.995,28.785,28.89,28.85372000000001,4849800.0
2020-08-18,29.0,29.19,28.56,29.055,29.01851,6408200.0
2020-08-19,29.195,29.33,28.555,28.72,28.68393,8725800.0
2020-08-20,28.225,29.1,28.195,28.98,28.9436,6766200.0
2020-08-21,28.885,29.33,28.795,29.28,29.24323,7092600.0
2020-08-24,29.97,30.19,29.695,30.175,30.1371,6936400.0
2020-08-25,30.345,30.51,30.005,30.48,30.44172,8067600.0
2020-08-26,30.655,31.485,30.505,31.41,31.37055,6783600.0
2020-08-27,31.67,32.035,31.125,31.605,31.56531,11451600.0
2020-08-28,31.925,32.265,31.565,32.225,32.18453,9331400.0
2020-08-31,32.16,32.425,31.815,31.86,31.81999,8415200.0
2020-09-01,32.115,32.8,31.85,32.77,32.72885,10276200.0
2020-09-02,33.365,34.475,33.015,34.185,34.142070000000004,13088600.0
2020-09-03,33.67,33.81,29.85,30.64,30.60152,25688600.0
2020-09-04,30.85,31.295,27.855,29.92,29.88243,19516400.0
2020-09-08,28.35,28.7,27.35,27.46,27.42551,20648400.0
2020-09-09,28.52,29.73,28.275,29.045,29.00852,12566000.0
2020-09-10,29.575,29.765,27.285,27.54,27.50541,18052800.0
2020-09-11,28.01,28.3,26.825,27.575,27.54037000000001,17754400.0
2020-09-14,28.44,29.145,28.295,28.675,28.638990000000003,8035200.0
2020-09-15,29.36,29.58,28.82,29.105,29.06845,8717000.0
2020-09-16,29.47,29.855,28.69,28.77,28.73387,10333000.0
2020-09-17,27.405,28.47,27.275,28.02,27.98481,14612600.0
2020-09-18,28.23,28.245,26.365,27.04,27.00604,17098600.0
2020-09-21,25.83,26.155,24.84,26.145,26.11217000000001,18475200.0
2020-09-22,26.505,27.07,25.865,26.92,26.88619000000001,8707200.0
2020-09-23,27.075,27.135,24.925,25.05,25.01854,11749000.0
2020-09-24,24.71,26.015,24.385,25.255,25.22328,14627000.0
2020-09-25,25.03,26.665,24.815,26.455,26.42177,11708600.0
2020-09-28,27.55,27.965,27.295,27.8,27.76509,8615000.0
2020-09-29,27.745,27.925,27.15,27.345,27.31066,7061800.0
2020-09-30,27.525,28.795,27.465,27.955,27.91989,13659400.0
2020-10-01,28.655,28.91,27.98,28.475,28.43924,8014600.0
2020-10-02,27.14,28.205,27.01,27.69,27.65523,11139000.0
2020-10-05,28.235,29.19,28.22,29.13,29.09341,8081600.0
2020-10-06,29.19,29.76,27.765,27.91,27.87495,13865000.0
2020-10-07,28.7,29.58,28.695,29.36,29.32313,7007600.0
2020-10-08,29.895,30.15,29.65,30.115,30.07718,7647000.0
2020-10-09,30.61,31.075,30.435,30.935,30.89615,9155000.0
2020-10-12,31.72,32.86,31.545,32.425,32.38428,10035000.0
2020-10-13,32.395,32.415,31.515,31.805,31.76506,7817000.0
2020-10-14,31.97,32.29,30.985,31.23,31.19078,9496800.0
2020-10-15,30.05,31.23,29.915,31.08,31.04097,9637600.0
2020-10-16,31.47,31.96,30.975,31.015,30.97605,7622800.0
2020-10-19,31.39,31.57,29.355,29.61,29.57281,11269400.0
2020-10-20,29.98,30.865,29.775,29.94,29.9024,11731200.0
2020-10-21,29.935,30.56,29.71,29.78,29.7426,9335600.0
2020-10-22,29.845,30.44,29.25,30.3,30.26195,10873200.0
2020-10-23,30.63,30.65,29.9,30.57,30.53161,9725000.0
2020-10-26,29.615,29.845,27.9,28.895,28.85871,18392800.0
2020-10-27,28.985,29.08,28.535,28.595,28.55909,8161000.0
2020-10-28,27.05,27.225,25.53,25.66,25.62778,19969200.0
2020-10-29,25.715,27.225,25.29,26.425,26.39181,12400400.0
2020-10-30,26.01,26.355,24.655,25.585,25.55287,18944800.0
2020-11-02,26.46,26.955,25.755,26.465,26.43176,13937800.0
2020-11-03,27.295,28.39,27.165,27.85,27.81502,13491600.0
2020-11-04,29.07,30.82,28.745,29.705,29.667690000000004,20369000.0
2020-11-05,31.21,31.97,31.11,31.445,31.40551,17022400.0
2020-11-06,31.375,31.795,30.77,31.455,31.41549,13941800.0
2020-11-09,35.185,35.275,32.48,32.64,32.59901,28330800.0
2020-11-10,32.315,32.785,31.53,32.495,32.454190000000004,14247000.0
2020-11-11,33.115,33.44,32.75,33.19,33.14832,8015200.0
2020-11-12,32.895,33.125,31.68,32.23,32.18952,11904200.0
2020-11-13,32.795,33.78,32.635,33.565,33.52284,9809600.0
2020-11-16,34.385,34.82,33.985,34.785,34.74131,10209400.0
2020-11-17,34.075,34.635,33.61,34.275,34.23195,6924200.0
2020-11-18,34.34,34.51,32.995,33.01,32.968540000000004,8335600.0
2020-11-19,32.815,33.54,32.43,33.435,33.39301,8866000.0
2020-11-20,33.35,33.41,32.725,32.75,32.708870000000005,5304000.0
2020-11-23,33.265,33.69,32.615,33.345,33.30312,8794400.0
2020-11-24,34.095,35.1,33.845,34.94,34.89612,9808400.0
2020-11-25,34.915,34.92,34.44,34.775,34.73133,6243400.0
2020-11-27,35.115,35.21,34.755,35.045,35.00099,3632400.0
2020-11-30,34.805,34.895,33.765,34.59,34.54656,9995000.0
2020-12-01,35.6,36.195,35.415,35.725,35.68013,7728200.0
2020-12-02,35.365,35.985,35.185,35.93,35.88487999999999,7159400.0
2020-12-03,35.905,36.355,35.58,35.91,35.8649,7116200.0
2020-12-04,36.105,36.835,36.075,36.825,36.77875,5830600.0
2020-12-07,36.61,36.775,36.2,36.64,36.59398,5255600.0
2020-12-08,36.2,37.12,36.195,36.94,36.8936,4220000.0
2020-12-09,37.14,37.2,35.675,35.955,35.90984,8655200.0
2020-12-10,35.5,36.23,35.22,35.885,35.83992999999999,6214000.0
2020-12-11,35.345,35.845,34.88,35.75,35.7051,6650000.0
2020-12-14,36.46,36.795,35.21,35.285,35.24069,7900400.0
2020-12-15,36.095,36.72,35.655,36.705,36.65891,6934600.0
2020-12-16,36.8,37.19,36.515,36.885,36.83867,6312800.0
2020-12-17,37.41,37.57,37.16,37.505,37.4579,5938800.0
2020-12-18,37.605,37.635,36.41,37.07,37.02344,12352400.0
2020-12-21,35.79,36.95,34.93,36.7,36.65391,12077600.0
2020-12-22,36.76,36.8,36.125,36.455,36.40922,6252400.0
2020-12-23,36.75,37.16,36.5,36.55,36.51762,4289000.0
2020-12-24,36.705,36.975,36.515,36.975,36.94224000000001,3174600.0
2020-12-28,37.8,38.05,37.585,37.915,37.88141,4363600.0
2020-12-29,38.425,38.48,37.515,37.69,37.65661,5790400.0
2020-12-30,37.96,38.19,37.74,37.84,37.80648,4217400.0
2020-12-31,37.805,38.665,37.625,38.43,38.39595,5678600.0
2021-01-04,38.87,38.91,35.635,36.855,36.82235,14195000.0
2021-01-05,36.64,37.955,36.635,37.585,37.5517,8545800.0
2021-01-06,37.11,39.325,36.935,38.29,38.25608,15697800.0
2021-01-07,39.065,40.225,39.005,39.975,39.93959,10134000.0
2021-01-08,40.45,40.73,39.345,40.66,40.62398,12885600.0
2021-01-11,39.565,40.44,39.54,39.85,39.8147,9382800.0
2021-01-12,39.91,40.2,39.105,39.88,39.84467,9411200.0
2021-01-13,39.845,40.515,39.575,40.17,40.13441,6181000.0
2021-01-14,40.435,40.6,39.64,39.755,39.71978,7253600.0
2021-01-15,39.2,39.47,38.255,38.875,38.84056,8500800.0
2021-01-19,39.69,39.97,39.215,39.795,39.75974,8177200.0
2021-01-20,40.565,41.72,40.44,41.43,41.3933,6933400.0
2021-01-21,41.62,41.775,41.23,41.525,41.48822,4612200.0
2021-01-22,40.905,41.49,40.77,41.105,41.06858,7853600.0
2021-01-25,41.36,41.7,39.69,41.6,41.56314,10155600.0
2021-01-26,41.9,42.05,41.315,41.405,41.36832,4737800.0
2021-01-27,40.24,40.25,37.58,38.355,38.32102,14850000.0
2021-01-28,38.94,40.645,38.81,39.32,39.28516,13362400.0
2021-01-29,38.7,39.03,36.405,37.005,36.97222,15330000.0
2021-02-01,38.06,39.15,37.38,38.77,38.73565,7982200.0
2021-02-02,39.865,40.975,39.85,40.43,40.39418,7695400.0
2021-02-03,40.735,41.13,40.115,40.555,40.51907,6377200.0
2021-02-04,40.905,41.93,40.845,41.915,41.87787,5272800.0
2021-02-05,42.6,42.665,42.025,42.4,42.36244,5969800.0
2021-02-08,42.92,43.36,42.635,43.36,43.32159,4910800.0
2021-02-09,43.05,43.46,42.9,43.24,43.20169,4008800.0
2021-02-10,43.855,43.925,42.335,43.21,43.17172,6938000.0
2021-02-11,43.59,43.725,42.535,43.39,43.35156,6182600.0
2021-02-12,43.085,44.12,43.085,44.045,44.00598,5201800.0
2021-02-16,44.475,44.54,43.665,43.915,43.87609000000001,7512200.0
2021-02-17,43.275,44.025,42.92,43.955,43.91606,7880600.0
2021-02-18,43.0,43.64,42.385,43.4,43.36155,8199200.0
2021-02-19,43.835,43.925,42.985,43.16,43.12176,7556600.0
2021-02-22,42.145,43.0,42.055,42.18,42.14263,7823400.0
2021-02-23,41.38,42.77,39.905,42.31,42.27252,13051000.0
2021-02-24,41.9,43.84,41.575,43.705,43.66628,12564800.0
2021-02-25,43.25,43.73,40.005,40.57,40.53406,20683400.0
2021-02-26,41.175,41.56,39.215,39.87,39.83468,18970400.0
2021-03-01,41.53,43.22,41.53,42.76,42.72212,9865000.0
2021-03-02,42.885,42.965,41.71,41.785,41.74798,12509000.0
2021-03-03,41.55,41.885,40.105,40.14,40.10444,16727000.0
2021-03-04,40.065,40.935,37.105,38.62,38.58578,20259000.0
2021-03-05,39.78,41.11,37.38,40.76,40.72389,22432800.0
2021-03-08,41.085,42.04,40.05,40.16,40.12442,15477000.0
2021-03-09,41.44,42.725,41.28,41.86,41.82292,8943400.0
2021-03-10,42.705,43.235,42.19,42.625,42.58724,10816200.0
2021-03-11,43.525,44.64,43.355,43.94,43.90107,7686200.0
2021-03-12,43.455,44.165,43.16,44.12,44.08091,7834200.0
2021-03-15,44.205,45.0,43.44,44.915,44.87521,6305600.0
2021-03-16,45.12,45.38,44.45,44.755,44.71535,6973200.0
2021-03-17,44.27,45.475,43.845,45.165,45.12499,8504200.0
2021-03-18,44.24,44.995,43.0,43.2,43.16173,10932600.0
2021-03-19,43.105,43.65,42.19,42.97,42.93193,8538200.0
2021-03-22,43.125,44.48,43.12,43.955,43.91606,7587800.0
2021-03-23,43.75,44.265,42.655,42.95,42.92611,9710600.0
2021-03-24,43.435,44.005,42.275,42.275,42.25149,8244600.0
2021-03-25,41.775,43.27,41.095,42.97,42.9461,11545800.0
2021-03-26,43.4,45.195,43.18,45.075,45.04993,10852800.0
2021-03-29,44.515,45.305,43.975,44.99,44.96498,11301200.0
2021-03-30,44.545,44.87,44.05,44.615,44.59019,8918600.0
2021-03-31,44.835,45.725,44.825,45.17,45.14487,11006000.0
2021-04-01,45.86,46.64,45.78,46.575,46.5491,10146600.0
2021-04-05,47.615,48.83,47.59,48.595,48.56797,10349200.0
2021-04-06,48.42,48.93,48.295,48.52,48.49302,9015400.0
2021-04-07,48.485,48.83,48.29,48.715,48.68791,6547800.0
2021-04-08,49.175,49.41,48.825,49.38,49.35254000000001,5686000.0
2021-04-09,49.37,50.53,49.295,50.455,50.42694,6527000.0
2021-04-12,50.21,50.62,49.99,50.5,50.47191,5920000.0
2021-04-13,50.465,51.205,50.325,50.925,50.89668,6068000.0
2021-04-14,50.95,51.365,50.22,50.435,50.40695,9262400.0
2021-04-15,51.265,52.155,51.255,52.05,52.02105,7601600.0
2021-04-16,52.575,52.82,52.005,52.61,52.58074000000001,9362400.0
2021-04-19,52.19,52.38,51.255,51.82,51.79118,8908000.0
2021-04-20,51.29,51.595,50.085,50.69,50.66181,9427400.0
2021-04-21,50.42,52.165,50.365,52.09,52.06103,7360600.0
2021-04-22,52.03,52.345,50.24,50.68,50.65181,11929200.0
2021-04-23,50.885,52.855,50.86,52.3,52.27091,7257000.0
2021-04-26,52.57,52.855,52.39,52.635,52.60572,6124400.0
2021-04-27,52.745,52.82,52.14,52.58,52.55076,5314200.0
2021-04-28,52.7,53.145,52.37,52.505,52.4758,7077600.0
2021-04-29,53.655,53.78,52.175,53.485,53.45525,8503400.0
2021-04-30,52.62,52.965,52.125,52.475,52.44581,10135200.0
2021-05-03,53.25,53.425,52.615,52.815,52.78563000000001,6332400.0
2021-05-04,52.005,52.2,50.345,51.84,51.81117,13769600.0
2021-05-05,52.5,52.575,51.575,51.835,51.80617,7332800.0
2021-05-06,51.91,53.15,51.095,53.085,53.05546999999999,8457200.0
2021-05-07,53.42,54.535,53.15,54.26,54.22982,9123200.0
2021-05-10,54.43,54.5,52.595,52.65,52.62072,9577000.0
2021-05-11,50.805,51.625,49.67,51.27,51.24149,13711000.0
2021-05-12,50.115,50.625,47.745,48.005,47.9783,14976400.0
2021-05-13,48.54,50.42,48.54,49.67,49.64237,14824200.0
2021-05-14,50.755,52.305,50.745,51.965,51.9361,9549200.0
2021-05-17,51.535,51.905,50.775,51.575,51.54632,10020200.0
2021-05-18,51.695,51.765,50.185,50.28,50.25203,6724600.0
2021-05-19,48.385,49.895,47.815,49.845,49.81728,10097600.0
2021-05-20,50.185,51.93,50.14,51.44,51.41139,7333600.0
2021-05-21,52.055,52.53,51.135,51.315,51.28646,7418000.0
2021-05-24,52.24,53.31,52.11,52.885,52.85559,5101200.0
2021-05-25,53.31,53.465,52.3,52.54,52.51078,6072600.0
2021-05-26,52.765,53.045,52.355,52.85,52.82061,3656200.0
2021-05-27,53.265,53.455,52.87,52.88,52.85059,7473000.0
2021-05-28,53.55,53.66,53.11,53.19,53.16042,5644200.0
2021-06-01,54.165,54.21,52.88,53.035,53.0055,5707600.0
2021-06-02,53.305,53.64,52.915,53.31,53.28035,4335800.0
2021-06-03,52.34,53.17,51.755,52.715,52.68568000000001,7609400.0
2021-06-04,53.445,54.265,53.425,54.105,54.07491,6013200.0
2021-06-07,54.135,54.215,53.61,54.02,53.98996,3919800.0
2021-06-08,54.35,54.375,53.275,54.035,54.00495,4733600.0
2021-06-09,54.38,54.39,53.68,53.78,53.75009,4553200.0
2021-06-10,54.295,54.905,53.745,54.525,54.49466999999999,5438400.0
2021-06-11,54.755,54.835,54.225,54.795,54.76452,4152000.0
2021-06-14,54.82,55.185,54.325,55.18,55.14931,4601800.0
2021-06-15,55.225,55.225,54.495,54.845,54.8145,4773600.0
2021-06-16,54.93,54.99,53.055,53.945,53.915,7662600.0
2021-06-17,53.765,54.255,52.86,53.905,53.87501999999999,7110200.0
2021-06-18,52.55,52.795,51.615,51.735,51.70623,11185000.0
2021-06-21,52.395,53.99,52.075,53.925,53.89501,9854600.0
2021-06-22,53.92,55.115,53.61,54.73,54.69956,8762400.0
2021-06-23,54.8,55.13,54.535,54.58,54.54964,4960800.0
2021-06-24,55.435,55.725,55.345,55.535,55.50411,9034000.0
2021-06-25,55.86,56.295,55.705,56.11,56.07879000000001,6309800.0
2021-06-28,56.33,56.52,55.825,56.475,56.44359,9842200.0
2021-06-29,56.615,56.88,56.33,56.54,56.50856,6301600.0
2021-06-30,56.375,56.96,56.35,56.695,56.66347,8498800.0
2021-07-01,57.01,57.69,56.975,57.645,57.61294,9977200.0
2021-07-02,58.095,59.085,57.975,58.96,58.92721,10956200.0
2021-07-06,58.95,59.04,57.425,58.575,58.54241999999999,8983200.0
2021-07-07,58.925,59.35,58.045,59.23,59.19706,8007600.0
2021-07-08,56.895,58.12,56.41,57.815,57.78284,14217200.0
2021-07-09,58.44,59.74,58.345,59.62,59.58684,7475600.0
2021-07-12,59.585,60.375,59.4,60.29,60.25646999999999,10706800.0
2021-07-13,59.955,60.58,59.53,59.675,59.64181,12580200.0
2021-07-14,60.395,60.595,59.365,59.88,59.8467,11318000.0
2021-07-15,59.3,59.615,58.465,59.275,59.24203000000001,10190600.0
2021-07-16,59.82,59.82,57.715,57.905,57.8728,10763400.0
2021-07-19,55.815,56.02,54.12,55.36,55.32921,23309200.0
2021-07-20,55.59,58.21,55.27,57.725,57.69289000000001,16256600.0
2021-07-21,58.215,59.15,58.13,59.095,59.06213,9314000.0
2021-07-22,59.175,59.555,58.73,59.48,59.44692,6685400.0
2021-07-23,60.28,61.435,59.99,61.275,61.24092,5911200.0
2021-07-26,61.025,61.735,60.995,61.735,61.70066,5418800.0
2021-07-27,61.265,61.275,59.625,60.905,60.87112,8183000.0
2021-07-28,61.18,61.42,60.175,60.805,60.77118000000001,7572200.0
2021-07-29,61.25,62.035,61.21,61.56,61.52576,6752400.0
2021-07-30,60.415,61.305,60.355,60.625,60.59128000000001,6612800.0
2021-08-02,61.395,61.66,60.15,60.25,60.21649,7308000.0
2021-08-03,60.605,61.775,59.655,61.725,61.69067,9525600.0
2021-08-04,61.15,61.425,60.725,60.845,60.81116,6468200.0
2021-08-05,61.345,62.015,61.195,61.96,61.92554000000001,5057000.0
2021-08-06,62.1,62.46,61.98,62.31,62.27534,6092200.0
2021-08-09,62.265,62.4,61.765,62.115,62.08046,4908800.0
2021-08-10,62.295,62.655,61.985,62.305,62.27035,7143600.0
2021-08-11,62.825,62.835,62.3,62.76,62.72509,5811400.0
2021-08-12,62.7,63.41,62.315,63.315,63.27979000000001,6878800.0
2021-08-13,63.525,63.695,63.33,63.665,63.62959,7744400.0
2021-08-16,63.12,64.185,62.385,64.14,64.10432,9265000.0
2021-08-17,62.955,63.28,61.505,62.9,62.86502,14781800.0
2021-08-18,62.415,63.115,60.705,60.835,60.80116,13303200.0
2021-08-19,59.555,61.61,59.53,61.05,61.01604,14684400.0
2021-08-20,61.245,62.69,61.025,62.575,62.5402,9821200.0
2021-08-23,63.29,64.605,63.29,64.175,64.13931,7659400.0
2021-08-24,64.515,64.73,64.255,64.495,64.45913,5245000.0
2021-08-25,64.585,65.125,64.405,64.87,64.83391999999999,5116400.0
2021-08-26,64.75,64.86,63.695,63.755,63.71954,9457000.0
2021-08-27,64.105,65.615,64.08,65.395,65.35863,9611400.0
2021-08-30,65.765,66.67,65.65,66.265,66.22814,6443600.0
2021-08-31,66.265,66.425,65.735,66.065,66.02826,8229400.0
2021-09-01,66.445,66.69,66.01,66.175,66.1382,9301600.0
2021-09-02,66.79,67.105,66.16,66.725,66.68789,6092400.0
2021-09-03,66.255,66.905,65.99,66.645,66.60793000000001,7314800.0
2021-09-07,66.495,66.535,65.625,65.96,65.92331999999999,8460400.0
2021-09-08,65.68,66.03,64.795,65.72,65.68345,10266400.0
2021-09-09,65.58,66.415,64.735,64.83,64.79395,10624400.0
2021-09-10,65.745,65.93,63.255,63.325,63.28978000000001,12731000.0
2021-09-13,64.66,64.785,62.735,63.755,63.71954,18009800.0
2021-09-14,64.42,64.52,62.34,62.765,62.73009,15547600.0
2021-09-15,62.925,64.54,62.43,64.34,64.30421,13475000.0
2021-09-16,64.065,64.51,62.65,63.98,63.94442,13739400.0
2021-09-17,63.605,63.835,61.965,62.16,62.12543,18838600.0
2021-09-20,59.365,60.085,56.83,59.06,59.02715,25870200.0
2021-09-21,60.035,60.58,58.62,58.89,58.85725,15171800.0
2021-09-22,59.845,61.455,59.415,60.555,60.52132,12969600.0
2021-09-23,61.37,63.47,61.28,62.76,62.72509,9306400.0
2021-09-24,62.02,63.375,61.92,63.075,63.03992,6932000.0
2021-09-27,62.58,63.105,62.185,62.535,62.50022,7759200.0
2021-09-28,61.23,61.39,58.395,58.76,58.72732,17454600.0
2021-09-29,59.3,60.055,58.765,58.995,58.96219,12056200.0
2021-09-30,59.625,59.935,56.755,56.855,56.82338000000001,18906600.0
2021-10-01,57.57,59.57,56.09,58.88,58.84725,20352000.0
2021-10-04,58.36,58.73,55.65,56.58,56.54853000000001,16350600.0
2021-10-05,57.21,59.27,56.87,58.3,58.26756999999999,11374800.0
2021-10-06,56.775,59.14,56.075,59.06,59.02715,14926000.0
2021-10-07,60.48,61.805,60.39,60.56,60.52632,11065000.0
2021-10-08,60.935,61.08,59.965,60.21,60.17651,9985200.0
2021-10-11,59.95,61.225,58.905,58.93,58.89722,9545000.0
2021-10-12,59.335,59.5,58.16,58.52,58.48745,10140600.0
2021-10-13,58.92,59.485,57.655,59.1,59.06713000000001,9447800.0
2021-10-14,60.72,62.16,60.51,62.08,62.04548000000001,9437600.0
2021-10-15,63.075,63.675,62.76,63.51,63.47467,7802600.0
2021-10-18,62.675,64.22,62.39,64.105,64.06935,6398800.0
2021-10-19,64.805,65.58,64.535,65.565,65.52853,6880800.0
2021-10-20,65.755,66.465,65.71,66.3,66.26313,7339400.0
2021-10-21,66.03,66.93,65.835,66.835,66.79783,6530600.0
2021-10-22,66.63,67.305,65.7,66.61,66.57295,9910600.0
2021-10-25,67.115,67.835,66.295,67.62,67.5824,6206400.0
2021-10-26,68.405,68.99,67.7,67.88,67.84225,8000000.0
2021-10-27,68.08,68.38,66.94,66.955,66.91776,6128200.0
2021-10-28,67.635,68.92,67.63,68.865,68.8267,8521200.0
2021-10-29,67.775,69.44,67.66,69.305,69.26646,10592200.0
2021-11-01,69.785,69.97,68.84,69.68,69.64124,9087200.0
2021-11-02,69.73,70.65,69.68,70.5,70.46079,8008600.0
2021-11-03,70.225,72.0,70.02,71.815,71.77506,8535800.0
2021-11-04,72.09,72.855,71.92,72.78,72.73952,9553200.0
2021-11-05,73.925,74.565,72.825,73.57,73.52908000000002,9937800.0
2021-11-08,74.13,74.365,73.41,73.775,73.73397,7478600.0
2021-11-09,73.95,74.05,72.3,73.015,72.97439,9782600.0
2021-11-10,72.17,73.005,70.5,71.27,71.23036,10143800.0
2021-11-11,71.96,72.0,71.31,71.35,71.31031999999998,5655000.0
2021-11-12,71.94,73.195,71.47,72.935,72.89443,7729200.0
2021-11-15,73.575,73.635,72.43,72.965,72.92442,6410200.0
2021-11-16,72.86,74.42,72.83,73.84,73.79893,7697400.0
2021-11-17,73.72,73.81,72.985,73.28,73.23924,7756000.0
2021-11-18,73.815,74.185,72.465,74.015,73.97383,8877600.0
2021-11-19,73.975,74.615,73.475,73.66,73.61903000000002,8783200.0
2021-11-22,74.55,75.845,72.925,73.005,72.96439000000002,11923800.0
2021-11-23,72.83,73.725,71.55,73.35,73.3092,12857000.0
2021-11-24,72.32,73.94,71.885,73.845,73.80393000000002,9659400.0
2021-11-26,70.52,71.25,68.37,69.035,68.9966,16610400.0
2021-11-29,71.215,72.335,70.16,71.48,71.44025,11760000.0
2021-11-30,70.245,71.165,67.155,67.425,67.3875,20481600.0
2021-12-01,69.95,71.315,64.92,65.04,65.00383000000001,19215000.0
2021-12-02,65.11,68.715,64.935,67.975,67.93719,18059800.0
2021-12-03,68.805,69.29,64.225,66.185,66.14819,24006600.0
2021-12-06,67.4,69.445,66.275,68.55,68.51188,16989400.0
2021-12-07,71.115,73.1,71.07,72.795,72.75451,13949800.0
2021-12-08,73.04,73.63,72.15,73.435,73.39416,8183200.0
2021-12-09,72.755,73.205,71.82,71.92,71.88,7923000.0
2021-12-10,73.24,74.01,71.975,73.995,73.95385,11845200.0
2021-12-13,73.695,73.84,71.84,72.02,71.97994,9221800.0
2021-12-14,70.32,71.57,69.03,70.51,70.47079000000002,9927000.0
2021-12-15,70.495,73.895,69.295,73.77,73.72896999999998,11675800.0
2021-12-16,74.7,74.825,71.02,71.795,71.75506999999998,14363600.0
2021-12-17,70.27,71.755,68.67,69.54,69.50133000000001,20049600.0
2021-12-20,67.05,67.48,65.54,67.31,67.27256,15880200.0
2021-12-21,68.905,70.935,67.87,70.875,70.83558000000002,10337400.0
2021-12-22,70.72,73.03,70.64,72.99,72.9494,8348000.0
2021-12-23,73.42,75.03,73.38,74.295,74.25368,7704000.0
2021-12-27,74.985,77.465,74.96,77.425,77.38194,6228400.0
2021-12-28,77.675,78.19,76.855,77.285,77.24202,6149400.0
2021-12-29,77.305,78.065,76.785,77.565,77.52186999999998,6465000.0
2021-12-30,77.705,78.265,76.66,76.9,76.85723,6001000.0
2021-12-31,76.61,77.22,76.16,76.28,76.23756999999998,5945200.0
2022-01-03,76.96,77.67,75.76,77.615,77.57183,9503800.0
2022-01-04,78.355,78.715,76.58,77.55,77.50686999999998,11905200.0
2022-01-05,77.355,77.73,73.02,73.045,73.00437,15084000.0
2022-01-06,72.855,74.185,71.67,72.845,72.80449,13981200.0
2022-01-07,72.815,73.425,71.3,72.02,71.97994,13156600.0
2022-01-10,70.375,71.81,67.57,71.695,71.65513,18895800.0
2022-01-11,71.565,73.69,70.09,73.665,73.62403,14850200.0
2022-01-12,74.52,75.265,73.27,74.315,74.27367,10613000.0
2022-01-13,74.8,75.1,70.66,71.17,71.13042,9745400.0
2022-01-14,69.58,71.4,69.03,71.23,71.19038,11007900.0
2022-01-18,68.93,69.04,66.92,67.46,67.42248000000001,11867700.0
2022-01-19,68.15,68.81,65.21,65.37,65.33365,11656200.0
2022-01-20,66.19,68.36,62.95,63.19,63.15485,10739300.0
2022-01-21,62.68,63.7,59.43,59.47,59.43691999999999,23424600.0
2022-01-24,56.98,60.4,52.42,60.21,60.17651,26532700.0
2022-01-25,57.4,60.14,55.0,57.97,57.93776,17505300.0
2022-01-26,60.43,61.79,55.74,57.6,57.56796,21162500.0
2022-01-27,59.49,60.8,55.97,56.71,56.67846,18358600.0
2022-01-28,57.26,60.9,55.33,60.89,60.85613000000001,16536600.0
2022-01-31,60.57,64.33,60.0,64.16,64.12432,9906100.0
2022-02-01,64.54,65.77,62.91,65.57,65.53353,10517000.0
2022-02-02,66.55,67.71,65.52,67.38,67.34252,11025200.0
2022-02-03,64.52,65.43,62.22,62.64,62.60516,9946000.0
2022-02-04,62.53,65.19,61.45,63.51,63.47467,10979900.0
2022-02-07,63.83,64.45,62.27,62.86,62.82504,7937700.0
2022-02-08,62.61,64.83,62.01,64.37,64.33421,6977300.0
2022-02-09,66.27,67.34,66.15,67.2,67.16261999999999,6949900.0
2022-02-10,64.51,67.31,62.68,63.64,63.6046,11250500.0
2022-02-11,63.64,64.57,59.2,59.85,59.81671,12311000.0
2022-02-14,59.59,60.29,57.74,59.26,59.22704,10146900.0
2022-02-15,61.17,62.17,60.93,62.07,62.03548000000001,6575900.0
2022-02-16,61.21,62.92,60.35,62.31,62.27534,7204300.0
2022-02-17,60.9,61.12,58.04,58.36,58.32754,8155800.0
2022-02-18,58.45,58.95,56.21,57.19,57.15819000000001,7960800.0
2022-02-22,56.25,57.66,53.85,55.37,55.3392,11100100.0
2022-02-23,56.49,56.74,52.14,52.29,52.26092,12299700.0
2022-02-24,48.24,54.89,48.14,54.72,54.68957,20427300.0
2022-02-25,55.21,58.38,54.58,58.29,58.25758,12999100.0
2022-02-28,56.04,58.51,55.52,57.84,57.80783,14717800.0
2022-03-01,57.32,58.11,54.11,55.28,55.24925,12756500.0
2022-03-02,56.18,58.93,55.86,58.28,58.24759,12647700.0
2022-03-03,59.29,59.56,56.67,57.43,57.39806,11393600.0
2022-03-04,55.85,56.47,54.29,56.04,56.00883,11194300.0
2022-03-07,55.76,55.86,51.02,51.06,51.0316,14190000.0
2022-03-08,51.12,53.87,49.45,49.85,49.82227,18218400.0
2022-03-09,53.11,54.63,52.24,53.9,53.87003000000001,11559000.0
2022-03-10,52.0,53.51,51.24,53.13,53.10045,8340900.0
2022-03-11,54.13,54.37,50.92,51.14,51.11156,9386000.0
2022-03-14,51.43,52.74,49.54,50.0,49.97219000000001,8062500.0
2022-03-15,50.98,53.53,50.48,53.3,53.27036,8322900.0
2022-03-16,54.63,56.85,52.75,56.78,56.74842,11178900.0
2022-03-17,55.99,58.98,55.88,58.91,58.87724,7959800.0
2022-03-18,58.3,61.02,57.98,60.85,60.81615,8160200.0
2022-03-21,60.82,61.69,59.32,60.85,60.81615,7567400.0
2022-03-22,61.46,63.37,61.46,62.93,62.895,6256200.0
2022-03-23,61.81,62.46,60.48,60.5,60.5,6633900.0
2022-03-24,61.34,63.21,60.9,63.18,63.18,6296200.0
2022-03-25,63.52,64.28,62.37,64.13,64.13,6121400.0
2022-03-28,63.86,65.51,63.03,65.49,65.49,7579400.0
2022-03-29,67.26,68.16,66.07,67.97,67.97,8241200.0
2022-03-30,67.43,67.78,65.69,66.72,66.72,7682100.0
2022-03-31,66.37,66.69,63.55,63.63,63.63,9363200.0
2022-04-01,64.31,64.36,62.54,64.08,64.08,8799200.0
2022-04-04,64.19,65.79,63.84,65.77,65.77,7030600.0
2022-04-05,65.13,66.21,62.75,63.33,63.33,8283600.0
2022-04-06,61.55,62.39,60.08,61.4,61.4,13197200.0
2022-04-07,60.99,63.1,60.13,62.3,62.3,10488700.0
2022-04-08,61.96,63.06,61.11,61.86,61.86,8778700.0
2022-04-11,60.35,60.71,58.4,58.63,58.63,7495800.0
2022-04-12,59.86,60.93,57.31,57.95,57.95,11892500.0
2022-04-13,57.83,60.23,57.77,59.93,59.93,8523800.0
2022-04-14,60.05,60.51,57.65,57.73,57.73,8477900.0
2022-04-18,57.26,58.45,56.83,57.75,57.75,7283300.0
2022-04-19,57.7,60.85,57.64,60.52,60.52,7842600.0
2022-04-20,61.31,61.58,59.91,60.38,60.38,8901900.0
2022-04-21,61.96,62.62,57.31,57.69,57.69,10186600.0
2022-04-22,57.23,57.35,52.71,52.99,52.99,11662500.0
2022-04-25,52.04,53.9,50.24,53.84,53.84,16519700.0
2022-04-26,52.81,52.91,49.15,49.19,49.19,13666400.0
2022-04-27,49.59,51.59,48.78,49.55,49.55,16340700.0
2022-04-28,51.37,53.97,49.69,53.3,53.3,12990600.0
2022-04-29,51.73,52.6,47.13,47.46,47.46,14792700.0
2022-05-02,47.42,48.76,45.02,48.29,48.29,14769100.0
2022-05-03,48.44,49.81,47.87,48.94,48.94,12159300.0
2022-05-04,49.18,53.59,47.98,53.38,53.38,16068600.0
2022-05-05,51.71,51.74,46.08,47.74,47.74,18436800.0
2022-05-06,46.77,48.04,44.89,46.87,46.87,15255800.0
2022-05-09,44.69,45.13,41.78,42.37,42.37,17618200.0
2022-05-10,44.36,44.84,41.26,42.6,42.6,15112600.0
2022-05-11,42.25,44.19,40.33,40.58,40.58,19481200.0
2022-05-12,39.52,41.49,38.21,40.44,40.44,20483000.0
2022-05-13,41.79,43.78,41.44,43.33,43.33,15028100.0
2022-05-16,42.76,44.05,41.98,42.83,42.83,10006900.0
2022-05-17,44.9,45.51,43.59,45.39,45.39,11503900.0
2022-05-18,43.82,43.92,39.51,39.98,39.98,12196000.0
2022-05-19,38.91,40.6,38.47,39.16,39.16,12146700.0
2022-05-20,40.33,40.49,36.48,39.23,39.23,16970300.0
2022-05-23,40.2,41.67,39.45,41.45,41.45,14227700.0
2022-05-24,40.05,40.87,38.3,40.5,40.5,12892500.0
2022-05-25,39.97,42.19,39.87,41.59,41.59,13223200.0
2022-05-26,41.94,44.56,41.88,44.03,44.03,11838400.0
2022-05-27,44.86,47.3,44.81,47.28,47.28,11222600.0
2022-05-31,46.65,47.66,45.47,46.45,46.45,12234800.0
2022-06-01,47.21,47.56,44.42,45.35,45.35,11944400.0
2022-06-02,45.28,47.92,44.46,47.88,47.88,9721100.0
2022-06-03,46.17,46.74,45.19,45.55,45.55,10174500.0
2022-06-06,46.94,47.55,45.54,45.92,45.92,9246800.0
2022-06-07,44.7,47.42,44.54,47.24,47.24,8331100.0
2022-06-08,46.63,47.28,45.42,45.73,45.73,8121600.0
2022-06-09,45.08,45.86,42.43,42.44,42.44,8270800.0
2022-06-10,40.34,40.62,38.69,38.73,38.73,12522400.0
2022-06-13,35.76,36.32,33.79,34.3,34.3,14471400.0
2022-06-14,34.8,35.08,33.07,33.96,33.96,14149800.0
2022-06-15,34.9,36.7,33.49,35.39,35.39,19453000.0
2022-06-16,32.97,33.08,31.16,32.0,32.0,17307200.0
2022-06-17,32.0,33.0,31.12,32.07,32.07,14421900.0
2022-06-21,33.66,34.88,33.64,34.5,34.5,8654200.0
2022-06-22,33.26,35.5,33.15,34.29,34.29,12004900.0
2022-06-23,34.9,35.51,33.88,35.29,35.29,12507100.0
2022-06-24,36.24,38.65,36.22,38.64,38.64,11056500.0
2022-06-27,38.96,39.03,37.87,38.26,38.26,9407900.0
2022-06-28,38.67,39.55,35.82,35.91,35.91,13583100.0
2022-06-29,36.01,36.33,35.23,35.78,35.78,10002200.0
2022-06-30,34.62,35.84,33.56,34.87,34.87,13581100.0
2022-07-01,34.69,36.1,33.93,35.95,35.95,11711400.0
2022-07-05,34.46,36.19,33.61,36.16,36.16,11669700.0
2022-07-06,36.21,37.28,35.5,36.54,36.54,9897700.0
2022-07-07,37.07,38.4,37.06,38.15,38.15,7805800.0
2022-07-08,37.63,38.65,37.18,38.08,38.08,8803200.0
2022-07-11,37.24,37.53,36.54,36.76,36.76,7584000.0
2022-07-12,36.59,37.29,35.25,35.78,35.78,9289400.0
2022-07-13,34.16,36.07,34.03,35.21,35.21,12728700.0
2022-07-14,33.72,35.1,33.0,34.93,34.93,11869300.0
2022-07-15,36.21,36.95,35.66,36.94,36.94,12535700.0
2022-07-18,37.84,38.06,35.63,36.01,36.01,9121600.0
2022-07-19,37.17,39.07,36.97,38.89,38.89,9987000.0
2022-07-20,38.94,40.09,38.54,39.62,39.62,13295900.0
2022-07-21,39.43,40.85,38.68,40.83,40.83,11227000.0
2022-07-22,40.87,41.25,38.98,39.74,39.74,9844500.0
2022-07-25,39.89,40.1,39.13,39.84,39.84,6359400.0
2022-07-26,39.32,39.37,38.13,38.4,38.4,7153100.0
2022-07-27,39.42,41.93,39.34,41.39,41.39,10855200.0
2022-07-28,41.65,43.16,40.49,42.94,42.94,9937300.0
2022-07-29,43.45,45.15,43.17,44.85,44.85,8309100.0
2022-08-01,43.88,45.27,43.65,44.4,44.4,8296000.0
2022-08-02,43.86,45.12,43.12,43.54,43.54,8992000.0
2022-08-03,44.24,45.95,44.14,45.52,45.52,7469700.0
2022-08-04,45.51,45.74,44.86,45.44,45.44,6903300.0
2022-08-05,43.95,45.42,43.93,45.18,45.18,8021200.0
2022-08-08,45.77,46.55,44.66,45.05,45.05,7120700.0
2022-08-09,44.8,44.93,44.11,44.47,44.47,5361600.0
2022-08-10,46.89,47.33,46.24,47.25,47.25,7884500.0
2022-08-11,48.25,48.92,47.0,47.26,47.26,6599000.0
2022-08-12,47.94,49.67,47.6,49.63,49.63,5744600.0
2022-08-15,48.8,50.43,48.8,50.24,50.24,6238100.0
2022-08-16,49.85,51.25,49.54,50.53,50.53,6600400.0
2022-08-17,49.19,50.45,48.7,49.44,49.44,7748700.0
2022-08-18,49.48,50.1,49.01,49.84,49.84,5591500.0
2022-08-19,48.83,48.92,47.5,47.85,47.85,6554600.0
2022-08-22,46.07,46.13,44.49,44.83,44.83,8335700.0
2022-08-23,44.64,45.49,44.3,44.49,44.49,7140900.0
2022-08-24,44.39,45.37,44.17,44.87,44.87,6092100.0
2022-08-25,45.38,46.8,45.03,46.78,46.78,6884000.0
2022-08-26,46.74,46.92,42.0,42.0,42.0,11974062.0
2022-08-29,41.02,42.17,40.73,41.18,41.18,5497800.0
2022-08-30,41.54,41.61,39.13,39.8,39.8,8902600.0
2022-08-31,40.31,40.7,38.84,38.87,38.87,8690300.0
2022-09-01,38.16,39.32,37.33,39.21,39.21,12344600.0
2022-09-02,40.38,40.75,37.39,37.98,37.98,14544100.0
2022-09-06,38.22,38.5,36.85,37.53,37.53,10751800.0
2022-09-07,37.43,39.77,37.38,39.54,39.54,8396400.0
2022-09-08,38.77,40.43,38.43,40.29,40.29,12504500.0
2022-09-09,41.03,42.44,40.92,42.16,42.16,7630700.0
2022-09-12,42.85,43.76,42.75,43.51,43.51,7218600.0
2022-09-13,40.58,41.0,37.47,37.86,37.86,11664500.0
2022-09-14,38.23,38.71,37.25,38.24,38.24,6747100.0
2022-09-15,37.72,38.62,36.53,36.95,36.95,10462600.0
2022-09-16,35.65,36.27,35.09,36.1,36.1,11562900.0
2022-09-19,35.14,36.9,35.12,36.89,36.89,9813500.0
2022-09-20,35.91,36.19,34.8,35.66,35.66,12553200.0
2022-09-21,36.19,37.07,33.76,33.76,33.76,16422600.0
2022-09-22,33.5,33.8,32.67,32.89,32.89,12390300.0
2022-09-23,31.9,31.93,30.0,31.2,31.2,16881500.0
2022-09-26,30.83,31.78,29.95,30.28,30.28,15961900.0
2022-09-27,31.22,31.79,29.42,30.06,30.06,19264100.0
2022-09-28,30.3,32.25,29.84,31.78,31.78,15827700.0
2022-09-29,30.83,30.91,29.0,29.78,29.78,19075400.0
2022-09-30,29.57,30.55,28.39,28.41,28.41,18667400.0
2022-10-03,29.33,31.11,28.88,30.65,30.65,14832600.0
2022-10-04,32.08,33.48,32.07,33.47,33.47,17319400.0
2022-10-05,32.26,33.87,31.6,33.21,33.21,18379600.0
2022-10-06,32.8,33.64,32.03,32.18,32.18,14304100.0
2022-10-07,31.07,31.16,29.0,29.49,29.49,16782500.0
2022-10-10,29.75,29.82,28.22,28.84,28.84,15924700.0
2022-10-11,28.38,29.51,27.75,28.23,28.23,17458000.0
2022-10-12,28.33,28.73,27.9,27.97,27.97,12269400.0
2022-10-13,26.2,30.5,25.94,30.14,30.14,26105100.0
2022-10-14,30.79,31.19,27.92,28.08,28.08,20870000.0
2022-10-17,29.59,30.5,29.56,30.21,30.21,14293800.0
2022-10-18,32.3,32.35,30.4,31.11,31.11,24385600.0
2022-10-19,30.72,31.46,29.86,30.63,30.63,13403200.0
2022-10-20,30.47,31.61,29.61,29.82,29.82,14422600.0
2022-10-21,29.72,32.1,29.35,31.97,31.97,17892363.0
2022-10-24,32.4,33.45,31.67,33.13,33.13,15951700.0
2022-10-25,33.12,34.81,33.09,34.73,34.73,17136200.0
2022-10-26,33.83,35.44,33.76,33.96,33.96,17427000.0
2022-10-27,34.22,34.7,33.19,33.37,33.37,14377700.0
2022-10-28,33.32,35.88,33.28,35.71,35.71,15960100.0
2022-10-31,35.0,35.55,34.68,34.96,34.96,15301700.0
2022-11-01,36.0,36.08,34.14,34.5,34.5,13010200.0
2022-11-02,34.32,35.59,31.85,31.88,31.88,22228400.0
2022-11-03,30.97,31.67,30.29,30.84,30.84,19105000.0
2022-11-04,32.33,32.82,30.6,32.18,32.18,21248100.0
2022-11-07,32.52,33.25,31.97,33.11,33.11,12104000.0
2022-11-08,33.39,34.44,32.5,33.61,33.61,15955200.0
2022-11-09,33.0,33.35,31.38,31.51,31.51,13787200.0
2022-11-10,34.98,36.8,34.41,36.69,36.69,19665600.0
2022-11-11,36.97,38.0,36.41,37.78,37.78,14992100.0
2022-11-14,37.24,38.23,36.72,36.82,36.82,11673800.0
2022-11-15,38.47,38.8,36.61,37.75,37.75,17966500.0
2022-11-16,37.23,37.5,36.66,36.87,36.87,8950200.0
2022-11-17,35.41,36.66,35.32,36.47,36.47,11849000.0
2022-11-18,37.45,37.45,36.13,36.96,36.96,11509100.0
2022-11-21,36.56,36.89,36.0,36.54,36.54,6336700.0
2022-11-22,37.09,38.05,36.68,38.01,38.01,10548300.0
2022-11-23,37.86,38.84,37.81,38.68,38.68,9252800.0
2022-11-25,38.52,38.83,38.43,38.64,38.64,2726000.0
2022-11-28,37.7,38.21,36.57,36.82,36.82,7842700.0
2022-11-29,36.83,37.16,36.05,36.58,36.58,8429100.0
2022-11-30,36.66,40.0,36.09,39.99,39.99,17057800.0
2022-12-01,40.37,40.71,39.15,39.93,39.93,12577000.0
2022-12-02,38.39,40.05,38.37,39.76,39.76,10542000.0
2022-12-05,38.9,39.2,37.21,37.59,37.59,13075100.0
2022-12-06,37.54,37.7,35.34,35.98,35.98,11008500.0
2022-12-07,35.69,36.46,35.45,35.78,35.78,11365900.0
2022-12-08,36.27,36.89,35.83,36.6,36.6,13983900.0
2022-12-09,36.23,36.97,35.73,35.76,35.76,11674500.0
2022-12-12,35.99,37.3,35.79,37.3,37.3,8200000.0
2022-12-13,40.46,40.49,37.33,38.11,38.11,23598600.0
2022-12-14,38.02,39.17,36.51,37.41,37.41,17369500.0
2022-12-15,35.94,36.19,34.12,34.63,34.63,14922600.0
2022-12-16,33.9,34.26,32.77,33.37,33.37,12168600.0
2022-12-19,33.4,33.5,32.07,32.52,32.52,10126600.0
2022-12-20,32.3,33.07,31.96,32.62,32.48986,10743100.0
2022-12-21,33.34,34.4,33.18,34.09,33.954,10598800.0
2022-12-22,33.07,33.15,30.89,32.49,32.49,19509400.0
2022-12-23,32.18,33.04,31.77,32.98,32.98,12079100.0
2022-12-27,32.98,33.06,32.15,32.61,32.61,8897400.0
2022-12-28,32.59,33.1,31.33,31.39,31.39,11445900.0
2022-12-29,32.08,33.25,31.94,32.99,32.99,14159740.0
2022-12-30,32.3,32.79,31.73,32.77,32.77,11591300.0
2023-01-03,33.27,33.77,31.56,32.34,32.34,13371300.0
2023-01-04,32.91,33.61,32.12,33.05,33.05,11116400.0
2023-01-05,32.52,32.54,31.75,31.91,31.91,12147600.0
2023-01-06,32.71,34.38,31.91,34.07,34.07,13908400.0
2023-01-09,34.67,35.55,33.96,34.03,34.03,11496200.0
2023-01-10,33.85,34.74,33.59,34.72,34.72,9208700.0
2023-01-11,35.18,36.05,34.93,36.01,36.01,8903500.0
2023-01-12,36.3,36.78,35.14,36.38,36.38,14066100.0
2023-01-13,35.46,36.95,35.38,36.79,36.79,8960300.0
2023-01-17,36.81,37.26,36.38,36.59,36.59,9069900.0
2023-01-18,36.92,37.21,34.78,34.86,34.86,10885200.0
2023-01-19,34.24,34.69,33.67,34.05,34.05,10568800.0
2023-01-20,34.41,35.97,33.97,35.9,35.9,10222923.0
2023-01-23,36.15,37.76,35.88,37.21,37.21,10939900.0
2023-01-24,36.74,37.35,36.37,37.08,37.08,7445500.0
2023-01-25,35.88,37.2,35.23,37.12,37.12,11397500.0
2023-01-26,37.85,38.34,36.99,38.27,38.27,11462200.0
2023-01-27,37.99,39.26,37.92,38.55,38.55,10598200.0
2023-01-30,37.72,38.38,37.01,37.11,37.11,8922600.0
2023-01-31,37.22,38.71,37.13,38.71,38.71,7990100.0
2023-02-01,38.34,40.75,37.52,39.91,39.91,14755700.0
2023-02-02,41.1,42.09,40.5,41.63,41.63,14382200.0
2023-02-03,40.08,41.69,39.93,40.3,40.3,16025131.0
2023-02-06,39.55,39.98,39.04,39.59,39.59,9688900.0
2023-02-07,39.26,41.46,38.88,41.1,41.1,15104600.0
2023-02-08,40.49,40.89,39.52,39.75,39.75,11120100.0
2023-02-09,40.8,40.82,38.29,38.68,38.68,11354500.0
2023-02-10,38.29,39.03,38.06,38.89,38.89,9298800.0
2023-02-13,39.12,40.3,38.96,40.25,40.25,10099400.0
2023-02-14,39.81,40.91,38.98,40.19,40.19,18471700.0
2023-02-15,39.52,40.61,39.27,40.56,40.56,7793900.0
2023-02-16,39.01,40.21,38.82,38.86,38.86,13014500.0
2023-02-17,38.2,38.61,37.63,38.54,38.54,9886500.0
2023-02-21,37.35,37.63,36.12,36.23,36.23,9930200.0
2023-02-22,36.33,36.75,35.63,36.07,36.07,14842100.0
2023-02-23,36.85,37.0,35.39,36.57,36.57,14245900.0
2023-02-24,35.12,35.63,34.65,35.39,35.39,13071400.0
2023-02-27,36.34,36.7,35.49,35.73,35.73,8522900.0
2023-02-28,35.61,36.15,35.31,35.33,35.33,8849000.0
2023-03-01,35.1,35.44,34.55,34.92,34.92,10150000.0
2023-03-02,34.32,35.93,34.25,35.68,35.68,11995300.0
2023-03-03,36.21,37.48,36.02,37.37,37.37,12543300.0
2023-03-06,37.65,38.31,37.35,37.48,37.48,8015900.0
2023-03-07,37.44,37.53,35.56,35.75,35.75,13657000.0
2023-03-08,35.77,36.11,35.27,35.91,35.91,10397600.0
2023-03-09,36.08,36.56,33.6,33.89,33.89,15634400.0
2023-03-10,33.71,34.28,31.98,32.42,32.42,27801200.0
2023-03-13,31.37,33.52,31.08,32.2,32.2,21660400.0
2023-03-14,33.54,34.27,32.65,33.84,33.84,14474600.0
2023-03-15,32.28,33.24,31.75,33.2,33.2,21041900.0
2023-03-16,32.54,34.97,32.39,34.89,34.89,16446100.0
2023-03-17,34.53,34.84,33.29,33.71,33.71,14671500.0
2023-03-20,33.85,34.74,33.68,34.63,34.63,10679700.0
2023-03-21,35.54,36.12,35.11,35.96,35.96,10055600.0
2023-03-22,35.86,36.85,34.04,34.08,34.08,12234900.0
2023-03-23,34.81,35.9,33.57,34.3,34.3,16455300.0
2023-03-24,33.96,35.0,33.3,34.97,34.97,13273300.0
2023-03-27,35.6,35.79,34.91,35.14,35.14,10769300.0
2023-03-28,34.96,35.14,34.4,34.91,34.91,8820100.0
2023-03-29,36.03,36.48,35.71,36.4,36.4,8113300.0
2023-03-30,37.15,37.19,36.48,37.02,37.02,8366400.0
2023-03-31,37.28,38.65,37.25,38.57,38.57,10750900.0
2023-04-03,38.41,39.11,38.28,38.97,38.97,11657900.0
2023-04-04,39.19,39.25,37.93,38.34,38.34,8289000.0
2023-04-05,38.06,38.27,37.49,37.99,37.99,8826400.0
2023-04-06,37.74,38.49,37.432,38.41,38.41,7192102.0
2023-04-10,37.66,38.54,37.48,38.52,38.52,7034700.0
2023-04-11,38.67,38.94,38.32,38.52,38.52,5822800.0
2023-04-12,39.14,39.21,37.88,38.08,38.08,11122500.0
2023-04-13,38.35,39.63,38.2,39.51,39.51,7516100.0
2023-04-14,39.32,39.99,38.54,39.24,39.24,8616100.0
2023-04-17,39.21,39.65,38.82,39.63,39.63,6360700.0
2023-04-18,40.1,40.13,39.28,39.71,39.71,7399500.0
2023-04-19,39.13,39.93,39.11,39.67,39.67,6325400.0
2023-04-20,38.78,39.5,38.52,38.97,38.97,6899700.0
2023-04-21,39.05,39.19,38.48,39.06,39.06,6883600.0
2023-04-24,39.0,39.29,38.59,39.18,39.18,4936700.0
2023-04-25,38.59,38.73,37.28,37.29,37.29,8952200.0
2023-04-26,37.48,37.76,36.64,36.81,36.81,8062800.0
2023-04-27,37.49,39.04,37.42,38.94,38.94,7998600.0
2023-04-28,38.71,39.96,38.68,39.96,39.96,8366400.0
2023-05-01,39.81,40.42,39.74,39.82,39.82,4967100.0
2023-05-02,39.6,39.6,37.59,38.48,38.48,10968200.0
2023-05-03,38.59,39.29,37.58,37.66,37.66,11929600.0
2023-05-04,37.29,37.39,36.42,36.83,36.83,10457000.0
2023-05-05,37.85,39.14,37.77,38.82,38.82,8214000.0
2023-05-08,38.91,38.99,38.46,38.87,38.87,4772300.0
2023-05-09,38.38,38.67,38.26,38.34,38.34,4865900.0
2023-05-10,39.17,39.34,37.75,38.86,38.86,10274700.0
2023-05-11,38.58,38.7,38.01,38.63,38.63,7251000.0
2023-05-12,38.98,39.03,37.74,38.48,38.48,7040600.0
2023-05-15,38.64,38.96,38.07,38.83,38.83,5085700.0
2023-05-16,38.51,38.77,38.05,38.05,38.05,6093100.0
2023-05-17,38.62,39.6,38.14,39.4,39.4,7160400.0
2023-05-18,39.31,40.65,39.23,40.54,40.54,7849500.0
2023-05-19,40.78,40.94,39.97,40.34,40.34,7087400.0
2023-05-22,40.34,40.83,39.96,40.34,40.34,5104000.0
2023-05-23,39.88,40.16,38.88,39.01,39.01,6387800.0
2023-05-24,38.51,38.61,37.79,38.14,38.14,8924500.0
2023-05-25,39.09,39.49,38.45,39.04,39.04,7160700.0
2023-05-26,39.24,40.79,39.24,40.58,40.58,7318900.0
2023-05-30,41.14,41.31,40.19,40.6,40.6,6757200.0
2023-05-31,40.04,40.33,39.45,39.9,39.9,7823400.0
2023-06-01,39.95,41.33,39.57,41.01,41.01,6783600.0
2023-06-02,41.8,43.03,41.63,42.79,42.79,9215100.0
2023-06-05,42.89,43.27,42.3,42.5,42.5,5219000.0
2023-06-06,42.39,42.96,42.18,42.78,42.78,4783000.0
2023-06-07,42.92,43.26,42.2,42.34,42.34,6921800.0
2023-06-08,42.32,43.19,42.08,43.07,43.07,4372800.0
2023-06-09,43.31,43.9,42.97,43.26,43.26,5940500.0
2023-06-12,43.57,44.46,43.34,44.43,44.43,4577800.0
2023-06-13,44.92,45.52,44.69,45.32,45.32,6677000.0
2023-06-14,45.41,46.04,44.34,45.44,45.44,9176600.0
2023-06-15,45.16,47.49,45.1,47.08,47.08,7373900.0
2023-06-16,47.75,47.78,46.45,46.62,46.62,6522400.0
2023-06-20,45.93,46.23,45.17,45.89,45.89,5260700.0
2023-06-21,45.38,45.63,44.8,45.0,45.0,5898900.0
2023-06-22,44.66,45.46,44.52,45.43,45.43,4819900.0
2023-06-23,44.3,44.97,44.16,44.41,44.41,6262800.0
2023-06-26,44.21,44.8,43.75,43.84,43.84,5103300.0
2023-06-27,44.11,45.45,43.95,45.23,45.23,5259200.0
2023-06-28,44.87,45.63,44.69,45.3,45.3,6242400.0
2023-06-29,45.15,45.85,45.0,45.79,45.79,5853400.0
2023-06-30,46.8,47.7,46.71,47.38,47.38,5430400.0
2023-07-03,47.27,47.62,47.16,47.59,47.59,2324000.0
2023-07-05,46.91,47.54,46.9,47.31,47.31,3957900.0
2023-07-06,46.05,46.28,45.3,46.17,46.17,5832200.0
2023-07-07,45.79,47.06,45.7,45.77,45.77,5661200.0
2023-07-10,45.63,46.17,45.46,46.11,46.11,4281400.0
2023-07-11,46.34,47.13,46.03,47.0,47.0,5075300.0
2023-07-12,48.23,48.56,47.74,48.07,48.07,6650400.0
2023-07-13,48.67,49.46,48.52,49.18,49.18,4262000.0
2023-07-14,49.48,49.765,48.82,49.06,49.06,6052675.0
2023-07-17,48.98,49.93,48.98,49.56,49.56,3374800.0
2023-07-18,49.44,50.89,49.3,50.67,50.67,4732400.0
2023-07-19,50.92,51.39,50.7,50.96,50.96,5137600.0
2023-07-20,50.57,50.9,49.68,49.93,49.93,6073400.0
2023-07-21,50.51,50.56,49.89,49.91,49.91,4474200.0
2023-07-24,50.28,50.82,50.08,50.56,50.56,3730800.0
2023-07-25,50.41,51.37,50.41,50.95,50.95,3671700.0
2023-07-26,50.61,51.44,50.23,50.93,50.93,5618600.0
2023-07-27,52.07,52.22,49.58,49.9,49.9,6949300.0
2023-07-28,50.97,51.62,50.73,51.33,51.33,4961900.0
2023-07-31,51.5,51.74,51.03,51.62,51.62,4171000.0
2023-08-01,51.08,51.4,50.82,51.13,51.13,3734500.0
2023-08-02,50.03,50.13,48.73,49.01,49.01,7231800.0
2023-08-03,48.25,49.15,48.04,48.53,48.53,5749400.0
2023-08-04,49.1,49.82,47.67,47.85,47.85,7619100.0
2023-08-07,48.43,49.13,48.2,49.06,49.06,4871300.0
2023-08-08,48.18,48.57,47.29,48.4,48.4,6255400.0
2023-08-09,48.51,48.54,47.18,47.43,47.43,5819600.0
2023-08-10,48.17,49.28,47.05,47.42,47.42,12170100.0
2023-08-11,46.79,47.66,46.59,47.33,47.33,6752000.0
2023-08-14,47.02,48.09,46.91,48.06,48.06,4581600.0
2023-08-15,47.46,47.6,46.21,46.44,46.44,7002600.0
2023-08-16,46.25,46.79,45.33,45.34,45.34,6448800.0
2023-08-17,45.76,45.87,44.11,44.28,44.28,6629100.0
2023-08-18,43.36,44.64,43.26,44.3,44.3,6444000.0
2023-08-21,44.6,45.4,43.94,45.18,45.18,5244100.0
2023-08-22,45.72,45.73,44.61,44.79,44.79,5200600.0
2023-08-23,45.11,46.46,45.07,46.22,46.22,6268500.0
2023-08-24,46.75,46.9,44.28,44.31,44.31,7541700.0
2023-08-25,44.81,45.62,43.7,45.22,45.22,9788900.0
2023-08-28,45.89,46.25,45.48,46.05,46.05,4939100.0
2023-08-29,46.01,48.12,45.96,48.02,48.02,6432500.0
2023-08-30,48.17,48.83,47.88,48.63,48.63,4695300.0
2023-08-31,48.78,49.15,48.28,48.33,48.33,4125900.0
2023-09-01,49.26,49.39,48.12,48.57,48.57,4575700.0
2023-09-05,48.46,48.53,47.92,47.96,47.96,3235900.0
2023-09-06,47.64,47.68,46.18,46.96,46.96,5770000.0
2023-09-07,45.92,46.68,45.82,46.48,46.48,4485000.0
2023-09-08,46.49,47.17,46.36,46.64,46.64,4222800.0
2023-09-11,47.5,47.67,46.945,47.57,47.57,3829982.0
2023-09-12,47.06,47.58,46.58,46.75,46.75,3470000.0
2023-09-13,46.81,47.28,46.46,46.93,46.93,4144500.0
2023-09-14,47.7,48.3,47.25,48.08,48.08,3696100.0
2023-09-15,47.55,47.64,46.19,46.32,46.32,5787800.0
2023-09-18,46.19,46.81,46.06,46.39,46.39,3593300.0
2023-09-19,46.07,46.27,45.21,46.1,46.1,4222900.0
2023-09-20,46.42,46.55,44.67,44.73,44.73,6884500.0
2023-09-21,43.79,43.88,42.43,42.5,42.5,7531100.0
2023-09-22,42.77,43.26,42.06,42.15,42.15,5989435.0
2023-09-25,41.79,42.7,41.66,42.7,42.7,5460300.0
2023-09-26,41.74,41.95,40.54,40.77,40.77,8453200.0
2023-09-27,41.15,41.29,39.74,40.84,40.84,10092100.0
2023-09-28,40.61,41.99,40.45,41.5,41.5,9033100.0
2023-09-29,42.4,42.44,40.72,41.17,41.17,8816600.0
2023-10-02,40.91,41.48,40.3,41.13,41.13,7587300.0
2023-10-03,40.43,40.9,39.03,39.45,39.45,9923600.0
2023-10-04,39.56,40.5,39.14,40.29,40.29,8331000.0
2023-10-05,40.16,40.43,39.24,40.19,40.19,6123600.0
2023-10-06,39.47,42.06,39.07,41.6,41.6,9903400.0
2023-10-09,41.04,42.58,40.88,42.37,42.37,6820100.0
2023-10-10,42.6,43.83,42.45,43.02,43.02,8309300.0
2023-10-11,43.37,43.64,42.63,43.57,43.57,6499700.0
2023-10-12,43.72,43.82,42.0,42.74,42.74,8840700.0
2023-10-13,43.15,43.53,41.58,42.09,42.09,7578600.0
2023-10-16,42.72,43.7,42.66,43.39,43.39,7196700.0
2023-10-17,42.38,43.99,42.3,43.35,43.35,10453400.0
2023-10-18,42.8,43.08,41.27,41.63,41.63,11135400.0
2023-10-19,41.76,42.31,40.26,40.49,40.49,14078000.0
2023-10-20,40.29,40.47,38.93,38.94,38.94,10889200.0
2023-10-23,38.47,39.84,38.01,38.75,38.75,10577600.0
2023-10-24,39.32,39.92,38.79,39.61,39.61,7090300.0
2023-10-25,39.1,39.11,37.73,37.89,37.89,9285600.0
2023-10-26,37.53,37.77,36.22,36.49,36.49,12072500.0
2023-10-27,36.9,37.0,35.57,35.97,35.97,10923700.0
2023-10-30,36.7,37.53,36.35,37.25,37.25,10364500.0
2023-10-31,37.38,38.01,36.87,37.92,37.92,10317000.0
2023-11-01,38.17,39.35,38.03,39.13,39.13,12264100.0
2023-11-02,40.2,41.38,40.18,41.33,41.33,9029000.0
2023-11-03,42.03,42.92,41.98,42.44,42.44,8406700.0
2023-11-06,42.67,42.88,42.15,42.71,42.71,7812000.0
2023-11-07,42.71,43.28,42.37,43.07,43.07,5863200.0
2023-11-08,43.25,43.42,42.47,43.17,43.17,6130900.0
2023-11-09,43.46,43.49,41.99,42.1,42.1,8721300.0
2023-11-10,42.72,44.16,42.27,44.06,44.06,7495800.0
2023-11-13,43.65,44.26,43.4,43.92,43.92,7246600.0
2023-11-14,45.77,46.87,45.68,46.45,46.45,8011700.0
2023-11-15,46.88,47.28,46.48,46.75,46.75,6194400.0
2023-11-16,46.55,46.97,46.22,46.87,46.87,5898500.0
2023-11-17,46.89,47.23,46.56,47.05,47.05,6711000.0
2023-11-20,46.96,48.38,46.94,48.09,48.09,4833300.0
2023-11-21,47.71,47.87,47.34,47.73,47.73,6655800.0
2023-11-22,48.25,48.69,47.91,48.28,48.28,4852700.0
2023-11-24,48.24,48.39,48.15,48.32,48.32,1565600.0
2023-11-27,48.09,48.38,47.93,48.07,48.07,3637700.0
2023-11-28,47.91,48.6,47.73,48.18,48.18,4171700.0
2023-11-29,48.88,49.24,47.93,48.04,48.04,4635200.0
2023-11-30,48.29,48.69,47.61,48.58,48.58,6569400.0
2023-12-01,48.37,49.6,48.18,49.4,49.4,8096800.0
2023-12-04,48.28,48.72,47.88,48.65,48.65,8841100.0
2023-12-05,48.13,48.9,48.04,48.59,48.59,5171700.0
2023-12-06,49.27,49.3,47.84,47.98,47.98,5822300.0
2023-12-07,48.62,49.23,48.42,49.02,49.02,4823600.0
2023-12-08,48.76,49.82,48.69,49.65,49.65,8638100.0
2023-12-11,49.46,50.27,49.39,50.22,50.22,5936900.0
2023-12-12,50.08,50.91,49.73,50.89,50.89,6138300.0
2023-12-13,51.0,53.06,50.86,52.95,52.95,10636300.0
2023-12-14,53.61,54.01,52.5,53.42,53.42,9629000.0
2023-12-15,53.19,53.58,52.85,53.18,53.18,6509262.0
2023-12-18,53.68,54.36,53.64,54.03,54.03,4958300.0
2023-12-19,54.21,55.01,54.19,54.97,54.97,4683300.0
2023-12-20,54.54,55.22,52.43,52.49,52.49,7654600.0
2023-12-21,53.54,54.09,52.69,53.99,53.99,9184500.0
2023-12-22,54.37,54.9,53.645,54.29,54.29,6888474.0
2023-12-26,54.42,55.28,54.4,54.93,54.93,2804000.0
2023-12-27,54.88,55.29,54.69,55.23,55.23,5414300.0
2023-12-28,55.29,55.52,55.1,55.22,55.22,4005000.0
2023-12-29,55.13,55.32,54.05,54.74,54.74,5835900.0
2024-01-02,53.63,54.13,53.04,53.75,53.75,6531200.0
2024-01-03,53.01,53.27,52.25,52.45,52.45,7286300.0
2024-01-04,52.23,53.12,51.81,51.9,51.9,5484400.0
2024-01-05,51.92,52.91,51.59,52.1,52.1,7851800.0
2024-01-08,52.23,54.34,52.2,54.27,54.27,6612600.0
2024-01-09,53.36,54.39,53.17,54.0,54.0,10029400.0
2024-01-10,54.1,55.22,54.01,54.93,54.93,5328000.0
2024-01-11,55.2,55.39,53.36,54.79,54.79,9977100.0
2024-01-12,55.26,55.535,54.37,54.87,54.87,5725119.0
2024-01-16,54.36,54.83,53.61,54.26,54.26,9827600.0
2024-01-17,53.17,53.49,52.5,53.3,53.3,5782100.0
2024-01-18,53.83,54.87,53.32,54.68,54.68,7184900.0
2024-01-19,55.06,56.81,54.83,56.73,56.73,7720200.0
2024-01-22,57.27,57.68,56.82,57.05,57.05,8878100.0
2024-01-23,57.25,57.62,56.84,57.52,57.52,4286700.0
2024-01-24,58.54,58.9,57.57,57.68,57.68,6099400.0
2024-01-25,58.43,58.67,57.65,58.6,58.6,4910700.0
2024-01-26,58.4,58.95,58.03,58.36,58.36,9345900.0
2024-01-29,58.42,59.75,58.23,59.72,59.72,5903300.0
2024-01-30,59.42,59.8,59.24,59.53,59.53,4912700.0
2024-01-31,58.7,58.86,56.59,56.63,56.63,13099000.0
2024-02-01,57.14,58.78,56.87,58.77,58.77,9085600.0
2024-02-02,58.92,61.21,58.79,60.59,60.59,8386400.0
2024-02-05,60.34,60.51,59.07,59.91,59.91,9534600.0
2024-02-06,60.26,60.5399,59.71,60.4,60.4,4835286.0
2024-02-07,61.24,62.06,60.91,61.88,61.88,4610879.0
2024-02-08,61.86,62.07,61.54,61.95,61.95,3953900.0
2024-02-09,62.11,63.14,61.98,62.97,62.67516,5296000.0
2024-02-12,62.96,63.81,62.6,62.85,62.55573,4922600.0
2024-02-13,60.4,60.91,58.99,60.28,59.99776,8772900.0
2024-02-14,61.24,62.05,60.35,61.87,61.58031,6358700.0
2024-02-15,62.06,63.13,61.85,63.04,62.74484,7448700.0
2024-02-16,62.94,63.36,61.81,62.07,61.77938,6951600.0
2024-02-20,61.42,61.66,60.18,61.03,60.74424,6453400.0
2024-02-21,60.51,61.24,59.83,61.17,60.88359,5582000.0
2024-02-22,63.61,65.28,63.27,64.94,64.63595,7295900.0
2024-02-23,65.56,65.91,64.75,65.02,64.71556,5784200.0
2024-02-26,65.17,65.35,64.25,64.3,63.99894,4177000.0
2024-02-27,64.55,64.71,63.8,64.62,64.31744,4077300.0
2024-02-28,63.99,64.58,63.86,64.31,64.00889,3938100.0
2024-02-29,64.98,65.59,63.93,64.94,64.63595,6850400.0
2024-03-01,65.29,66.95,65.14,66.77,66.45737,6459000.0
2024-03-04,66.42,67.28,66.42,66.51,66.19859,3643300.0
2024-03-05,65.71,65.89,63.63,64.49,64.18804,6021500.0
2024-03-06,65.79,66.36,64.97,65.49,65.18336,6771900.0
2024-03-07,66.69,67.78,66.34,67.39,67.07446,5955900.0
2024-03-08,67.62,68.69,65.89,66.14,65.83031,11470500.0
2024-03-11,65.6,66.14,64.84,65.92,65.61135,8913400.0
2024-03-12,66.74,68.25,65.73,68.03,67.71147,8326600.0
2024-03-13,68.12,68.2,67.1,67.67,67.35316,5123400.0
2024-03-14,68.02,68.06,65.97,67.2,66.88535,6770800.0
2024-03-15,65.97,66.53,65.22,65.74,65.43219,6350800.0
2024-03-18,67.36,67.95,66.74,66.92,66.60667,9732400.0
2024-03-19,66.67,68.14,66.25,68.04,67.72143,5571700.0
2024-03-20,67.94,69.83,67.64,69.75,69.54915,5927000.0
2024-03-21,70.88,71.16,70.29,70.34,70.13744,5468600.0
2024-03-22,70.33,70.54,69.88,70.01,69.8084,3515400.0
2024-03-25,69.38,69.83,69.3,69.42,69.22009,8511200.0
2024-03-26,69.94,70.07,68.77,68.84,68.64176,7742100.0
2024-03-27,70.03,70.61,69.13,70.59,70.38673,5110600.0
2024-03-28,70.59,71.15,70.43,70.55,70.34685,3904300.0
2024-04-01,70.81,71.03,69.65,70.19,69.98788,8047700.0
2024-04-02,68.53,68.82,67.82,68.77,68.57197,5248700.0
2024-04-03,68.31,69.58,68.28,68.97,68.77139,5570800.0
2024-04-04,70.54,70.68,66.25,66.34,66.14896,7966900.0
2024-04-05,66.9,69.21,66.72,68.4,68.20303,8063700.0
2024-04-08,68.7,69.1,68.19,68.46,68.26286,8048700.0
2024-04-09,69.2,69.29,66.77,68.7,68.50217,5650300.0
2024-04-10,66.38,67.45,65.84,66.68,66.48798,8940600.0
2024-04-11,67.17,68.66,65.79,68.1,67.9039,6507900.0
2024-04-12,66.62,67.19,64.54,65.2,65.01225,7437800.0
2024-04-15,66.85,66.92,62.43,62.77,62.58924,9206200.0
2024-04-16,62.92,63.5,61.9,62.37,62.1904,8826600.0
2024-04-17,63.3,63.36,60.73,61.26,61.08359,9682400.0
2024-04-18,61.73,62.52,60.47,60.78,60.60498,9430700.0
2024-04-19,60.76,61.13,58.74,59.16,58.98964,8009300.0
2024-04-22,60.15,61.78,59.28,60.75,60.57506,7134600.0
2024-04-23,61.56,63.12,61.36,62.93,62.74879,6311000.0
2024-04-24,63.29,63.56,62.0,62.88,62.69893,5805000.0
2024-04-25,60.43,62.35,59.84,62.03,61.85138,7454100.0
2024-04-26,63.1,64.41,62.87,63.82,63.63622,4979800.0
2024-04-29,64.5,64.72,63.41,64.44,64.25444,3580100.0
2024-04-30,63.84,64.25,61.39,61.4,61.22319,5121800.0
2024-05-01,61.13,63.63,60.58,60.7,60.52521,8514500.0
2024-05-02,62.09,62.7,60.39,62.37,62.1904,4893200.0
2024-05-03,64.66,65.17,63.69,64.69,64.50372,5392800.0
2024-05-06,65.63,66.69,65.45,66.69,66.49796,3542700.0
2024-05-07,67.05,67.44,66.61,66.89,66.69738,3943100.0
2024-05-08,66.12,67.08,66.08,66.86,66.66747,2135000.0
2024-05-09,66.89,67.97,66.61,67.94,67.74436,2883200.0
2024-05-10,68.58,68.92,67.72,68.23,68.03352,3417600.0
2024-05-13,68.86,68.89,67.74,68.19,67.99364,2336700.0
2024-05-14,68.26,69.33,68.04,69.11,68.91099,3548700.0
2024-05-15,70.1,71.79,69.85,71.64,71.4337,4514900.0
2024-05-16,71.64,72.3,71.1,71.16,70.95509,3280600.0
2024-05-17,71.17,71.47,70.58,71.44,71.23428,2852400.0
2024-05-20,71.45,72.27,71.29,71.65,71.44368,2674100.0
2024-05-21,71.3,72.22,71.24,72.14,71.93227,2210000.0
2024-05-22,71.85,72.13,70.6,71.48,71.27417,3882300.0
2024-05-23,72.68,72.72,69.33,69.82,69.61894,6521600.0
2024-05-24,70.59,71.53,70.18,71.21,71.00494,4307200.0
2024-05-28,71.52,71.6,70.24,71.34,71.13457,3831500.0
2024-05-29,69.61,70.29,69.51,69.8,69.59901,3799500.0
2024-05-30,69.15,69.42,67.89,68.37,68.17313,4031000.0
2024-05-31,68.7,70.26,66.65,70.17,69.96793,6663700.0
2024-06-03,70.84,70.88,68.26,70.34,70.13744,6767900.0
2024-06-04,69.8,70.85,69.17,70.52,70.31693,4973100.0
2024-06-05,71.49,73.05,70.65,73.02,72.80973,4374200.0
2024-06-06,73.17,73.33,72.21,72.99,72.77982,3182200.0
2024-06-07,72.55,73.86,72.07,72.64,72.43082,4625500.0
2024-06-10,72.3,73.45,72.05,73.3,73.08893,2621600.0
2024-06-11,72.67,73.85,71.82,73.8,73.58749,2731200.0
2024-06-12,75.73,76.75,75.19,75.6,75.3823,6023700.0
2024-06-13,76.35,76.41,74.86,76.07,75.85094,2707600.0
2024-06-14,75.34,76.13,74.89,76.08,75.86092,2770200.0
2024-06-17,75.8,78.47,75.59,77.87,77.64577,3223000.0
2024-06-18,77.89,78.51,77.71,78.44,78.21413,2504700.0
2024-06-20,78.84,79.12,77.02,77.75,77.52611,3855600.0
2024-06-21,77.35,77.88,76.78,77.2,76.97769,3249100.0
2024-06-24,77.28,78.41,76.57,76.59,76.36945,3760400.0
2024-06-25,77.12,77.63,76.47,77.44,77.217,2583900.0
2024-06-26,76.73,77.81,76.45,77.53,77.53,2263000.0
2024-06-27,77.41,78.1,77.1,77.82,77.82,2527700.0
2024-06-28,78.11,79.44,76.31,76.84,76.84,5324300.0
2024-07-01,77.42,77.51,76.11,77.28,77.28,3265300.0
2024-07-02,76.6,78.82,76.55,78.79,78.79,2927200.0
2024-07-03,78.63,79.97,78.62,79.78,79.78,1889700.0
2024-07-05,79.9,81.31,79.6,81.12,81.12,3205700.0
2024-07-08,81.48,81.8,80.89,81.37,81.37,2528300.0
2024-07-09,81.77,82.17,81.46,81.57,81.57,2134900.0
2024-07-10,82.11,84.13,81.98,83.92,83.92,2500500.0
2024-07-11,84.01,84.4,81.48,81.76,81.76,5672100.0
2024-07-12,82.21,84.87,82.05,83.22,83.22,4651100.0
2024-07-15,84.12,85.36,83.06,83.9,83.9,8540500.0
2024-07-16,84.47,85.48,84.12,85.37,85.37,3117400.0
2024-07-17,82.56,83.35,81.59,81.73,81.73,4552400.0
2024-07-18,82.4,82.84,78.85,79.79,79.79,5761800.0
2024-07-19,79.61,80.34,77.68,78.11,78.11,4254700.0
2024-07-22,79.83,80.79,78.98,80.54,80.54,5229200.0
2024-07-23,80.46,81.42,79.91,80.12,80.12,3713500.0
2024-07-24,77.93,78.09,74.23,74.64,74.64,7665300.0
2024-07-25,74.65,77.18,73.06,73.42,73.42,9370600.0
2024-07-26,74.95,76.96,74.63,75.84,75.84,5789400.0
2024-07-29,76.46,76.9,75.08,75.91,75.91,4323900.0
2024-07-30,76.54,76.98,73.3,74.74,74.74,4354400.0
2024-07-31,77.6,79.47,77.04,78.23,78.23,6042900.0
2024-08-01,79.1,80.06,73.5,75.01,75.01,9588400.0
2024-08-02,71.91,72.44,68.97,70.77,70.77,11924900.0
2024-08-05,62.21,67.01,61.71,64.53,64.53,13287800.0
2024-08-06,65.21,69.13,64.68,66.3,66.3,8426900.0
2024-08-07,68.69,69.86,64.7,64.91,64.91,6425800.0
2024-08-08,66.9,69.65,66.1,69.39,69.39,4358900.0
2024-08-09,69.02,70.85,68.53,70.24,70.24,4320900.0
2024-08-12,70.7,71.32,69.43,70.32,70.32,5028100.0
2024-08-13,71.63,73.88,71.53,73.77,73.77,4384500.0
2024-08-14,74.14,74.96,72.97,74.48,74.48,4931200.0
2024-08-15,76.78,78.38,76.57,78.26,78.26,4323700.0
2024-08-16,77.5,79.01,77.43,78.67,78.67,3257000.0
2024-08-19,78.87,80.93,78.52,80.93,80.93,3304900.0
2024-08-20,80.72,81.46,79.93,80.49,80.49,2806200.0
2024-08-21,80.94,81.97,80.19,81.36,81.36,3541000.0
2024-08-22,82.16,82.42,78.85,79.38,79.38,4354600.0
2024-08-23,80.75,82.24,79.77,81.81,81.81,5118800.0
2024-08-26,82.24,82.57,80.47,81.17,81.17,3301300.0
2024-08-27,80.61,81.73,80.13,81.51,81.51,2652600.0
2024-08-28,81.36,81.53,78.64,80.07,80.07,3505000.0
2024-08-29,80.9,82.34,79.56,80.03,80.03,5445600.0
2024-08-30,80.99,82.45,79.43,82.2,82.2,4130000.0
2024-09-03,80.79,80.95,76.0,77.14,77.14,6598900.0
2024-09-04,76.29,78.06,76.0,76.57,76.57,5215700.0
2024-09-05,76.54,77.77,74.97,76.01,76.01,4482000.0
2024-09-06,76.09,76.77,71.72,72.12,72.12,7081800.0
2024-09-09,73.81,75.01,73.0,74.48,74.48,4155600.0
2024-09-10,75.26,75.6,73.24,75.43,75.43,3427800.0
2024-09-11,75.4,78.14,71.77,77.7,77.7,6822100.0
2024-09-12,77.99,79.81,77.02,79.66,79.45477,4560500.0
2024-09-13,79.88,81.29,79.77,80.83,80.62175,4017900.0
2024-09-16,80.71,81.3,79.93,81.21,81.00077,2639500.0
2024-09-17,82.15,82.79,80.28,81.28,81.07059,3493500.0
2024-09-18,81.53,83.67,80.28,80.5,80.2926,5697800.0
2024-09-19,84.63,85.42,83.38,84.59,84.37206,5079500.0
2024-09-20,83.95,84.56,82.73,84.02,83.80353,4089100.0
2024-09-23,84.55,84.99,84.01,84.67,84.45185,3149300.0
2024-09-24,85.02,85.42,83.75,85.39,85.17,3467200.0
2024-09-25,85.09,85.41,84.07,84.55,84.55,3043100.0
2024-09-26,86.51,86.63,84.49,85.57,85.57,3761700.0
2024-09-27,85.98,86.35,84.66,85.09,85.09,3139400.0
2024-09-30,84.61,86.37,83.58,86.19,86.19,3352600.0
2024-10-01,85.91,85.93,82.58,83.8,83.8,5914200.0
2024-10-02,83.33,84.3,82.25,83.81,83.81,3100900.0
2024-10-03,83.17,84.23,82.33,83.34,83.34,3960200.0
2024-10-04,85.27,85.71,83.43,85.52,85.52,4972400.0
2024-10-07,84.77,85.06,82.67,83.22,83.22,4657200.0
2024-10-08,84.3,85.78,83.93,85.53,85.53,3049200.0
2024-10-09,85.5,87.54,85.24,87.27,87.27,3551200.0
2024-10-10,86.66,87.44,86.05,86.79,86.79,3300300.0
2024-10-11,86.65,88.57,86.6,88.22,88.22,2940600.0
2024-10-14,88.99,90.82,88.83,90.39,90.39,2982100.0
2024-10-15,90.5,90.65,87.71,88.29,88.29,4602800.0
2024-10-16,88.24,89.62,87.88,89.37,89.37,2679600.0
2024-10-17,91.04,91.12,89.31,89.39,89.39,3484300.0
2024-10-18,90.11,90.7,89.42,90.31,90.31,2207100.0
2024-10-21,89.98,90.42,88.46,89.88,89.88,3368100.0
2024-10-22,88.63,90.21,88.33,89.69,89.69,2797600.0
2024-10-23,88.69,88.9,85.53,87.17,87.17,4292200.0
2024-10-24,88.09,88.1,86.54,87.71,87.71,3369200.0
2024-10-25,88.69,90.02,87.12,87.54,87.54,4653600.0
2024-10-28,89.12,89.14,88.2,88.33,88.33,2906400.0
2024-10-29,87.86,89.26,87.21,88.71,88.71,2836500.0
2024-10-30,88.51,89.42,87.57,87.9,87.9,3107900.0
2024-10-31,85.86,85.89,82.62,82.66,82.66,6461200.0
2024-11-01,83.8,85.64,83.49,83.66,83.66,4409800.0
2024-11-04,83.71,84.29,82.27,83.09,83.09,3364700.0
2024-11-05,83.52,86.1,83.41,86.09,86.09,3214600.0
2024-11-06,91.67,92.89,89.97,92.5,92.5,7138700.0
2024-11-07,93.44,95.08,93.38,94.58,94.58,3854600.0
2024-11-08,94.76,96.4,94.76,95.78,95.78,3727400.0
2024-11-11,96.53,96.66,95.15,95.98,95.98,2856700.0
2024-11-12,95.93,96.21,93.84,95.05,95.05,3531900.0
2024-11-13,95.24,96.15,94.11,95.17,95.17,3611300.0
2024-11-14,95.2,95.44,92.97,93.3,93.3,3269300.0
2024-11-15,91.53,91.74,88.73,89.62,89.62,5043400.0
2024-11-18,89.83,91.32,89.41,90.71,90.71,3077900.0
2024-11-19,89.08,92.01,88.78,91.7,91.7,3637100.0
2024-11-20,91.7,91.86,88.99,91.75,91.75,3972900.0
2024-11-21,93.07,93.85,90.29,93.17,93.17,4944500.0
2024-11-22,93.1,94.26,92.87,93.94,93.94,2983200.0
2024-11-25,95.83,96.47,93.77,94.86,94.86,4131900.0
2024-11-26,95.45,96.67,95.14,96.38,96.38,3253100.0
2024-11-27,96.21,96.37,94.66,95.39,95.39,2693600.0
2024-11-29,95.69,97.47,95.59,97.05,97.05,1798400.0
2024-12-02,97.28,97.91,97.03,97.62,97.62,2394500.0
2024-12-03,97.48,97.81,96.95,97.67,97.67,2111300.0
2024-12-04,98.49,99.58,98.18,99.44,99.44,3113700.0
2024-12-05,99.44,99.86,98.79,98.96,98.96,2103600.0
2024-12-06,99.25,100.06,99.05,99.48,99.48,2901900.0
2024-12-09,99.34,99.43,97.57,97.86,97.86,3326200.0
2024-12-10,98.16,98.34,96.6,96.94,96.94,2314000.0
2024-12-11,98.32,99.61,98.18,99.18,99.18,2334000.0
2024-12-12,98.68,98.95,97.58,97.6,97.6,2464800.0
2024-12-13,98.47,98.85,96.75,97.46,97.46,2757700.0
2024-12-16,98.24,99.12,97.89,98.63,98.35507,2664800.0
2024-12-17,97.35,97.81,96.71,97.37,97.09859,3155600.0
2024-12-18,97.21,98.4,88.43,88.74,88.49264,7538800.0
2024-12-19,90.9,91.65,88.43,88.54,88.2932,6655400.0
2024-12-20,87.35,93.7,86.98,91.48,91.22501,7185200.0
2024-12-23,91.22,93.26,89.73,93.01,93.01,3728200.0
2024-12-24,93.55,96.02,93.28,95.98,95.98,2349800.0
2024-12-26,95.11,96.54,94.46,95.97,95.97,2945300.0
2024-12-27,94.08,94.21,90.85,92.91,92.91,5207300.0
2024-12-30,89.5,91.31,87.89,89.66,89.66,5261800.0
2024-12-31,90.39,90.71,87.89,88.64,88.64,4339600.0
2025-01-02,90.07,90.89,86.09,87.9,87.9,5994200.0
2025-01-03,89.2,91.45,88.69,91.12,91.12,9796700.0
2025-01-06,93.1,94.72,91.89,92.7,92.7,4328000.0
2025-01-07,93.66,93.79,88.66,89.6,89.6,4744800.0
2025-01-08,89.52,90.36,87.91,89.84,89.84,3747700.0
2025-01-10,88.14,88.17,84.79,85.7,85.7,8802234.0
2025-01-13,83.56,86.21,83.36,86.11,86.11,4371800.0
2025-01-14,87.35,87.63,84.7,86.36,86.36,4444100.0
2025-01-15,89.99,91.58,89.47,91.07,91.07,5440800.0
2025-01-16,91.68,91.76,90.19,90.55,90.55,3315400.0
2025-01-17,92.83,93.94,92.23,93.1,93.1,3538100.0
2025-01-21,94.57,95.62,93.62,95.53,95.53,5879900.0
2025-01-22,97.0,97.89,96.77,97.18,97.18,3103300.0
2025-01-23,96.89,98.78,96.76,98.77,98.77,2932500.0
2025-01-24,98.76,99.22,97.29,97.84,97.84,2942400.0
2025-01-27,91.46,93.82,91.36,93.67,93.67,6126000.0
2025-01-28,94.22,96.45,92.65,96.01,96.01,4371400.0
2025-01-29,95.63,95.83,93.49,94.69,94.69,4804900.0
2025-01-30,95.73,96.95,94.18,96.2,96.2,4292500.0
2025-01-31,97.3,98.48,94.21,94.57,94.57,4714500.0
2025-02-03,90.28,93.82,89.22,92.61,92.61,6173500.0
2025-02-04,92.61,94.73,92.4,94.48,94.48,3429400.0
2025-02-05,93.93,95.67,92.95,95.58,95.58,3205700.0
2025-02-06,96.4,96.63,94.82,96.57,96.57,3218600.0
2025-02-07,96.77,97.35,93.49,93.84,93.84,4582300.0
2025-02-10,95.33,96.01,94.72,95.65,95.65,8225300.0
2025-02-11,94.59,96.16,94.54,95.85,95.85,2419700.0
2025-02-12,92.96,95.51,92.67,94.96,94.96,3590300.0
2025-02-13,95.45,98.02,94.86,97.92,97.92,3641700.0
2025-02-14,97.94,98.41,97.48,97.81,97.81,2828600.0
2025-02-18,98.34,98.62,97.15,98.56,98.56,2797600.0
2025-02-19,97.92,99.44,97.67,99.29,99.29,2830300.0
2025-02-20,98.59,98.65,96.38,98.02,98.02,3234600.0
2025-02-21,97.84,97.87,92.68,92.95,92.95,4852800.0
2025-02-24,93.81,94.3,91.27,91.61,91.61,4500000.0
2025-02-25,91.56,91.88,88.05,90.16,90.16,5382500.0
2025-02-26,90.94,92.61,89.1,90.26,90.26,4290300.0
2025-02-27,91.36,91.86,85.78,85.95,85.95,5319900.0
2025-02-28,86.09,90.12,84.72,89.85,89.85,8008000.0
2025-03-03,90.76,91.3,83.4,85.25,85.25,6151700.0
2025-03-04,83.33,85.81,80.06,82.1,82.1,7322600.0
2025-03-05,81.98,85.48,80.44,84.67,84.67,6547000.0
2025-03-06,81.39,83.4,79.03,80.21,80.21,7101700.0
2025-03-07,79.34,82.05,77.17,81.39,81.39,6519800.0
2025-03-10,77.87,78.71,72.78,74.96,74.96,8921400.0
2025-03-11,74.39,75.76,71.46,73.08,73.08,6705100.0
2025-03-12,75.44,75.81,72.1,74.15,74.15,6131800.0
2025-03-13,73.97,74.22,70.46,71.19,71.19,5148200.0
2025-03-14,72.92,75.88,72.65,75.48,75.48,4855800.0
2025-03-17,75.43,78.25,75.29,77.18,77.18,7807600.0
2025-03-18,76.22,76.31,73.9,74.73,74.73,4509200.0
2025-03-19,75.39,78.61,74.9,77.06,77.06,5573600.0
2025-03-20,75.5,78.48,75.25,76.5,76.5,3978900.0
2025-03-21,74.52,76.77,73.98,76.5,76.5,4968100.0
2025-03-24,79.01618,80.74217,78.73683,80.28323,80.28323,5246000.0
2025-03-25,80.82198,81.27093,80.13357,80.812,80.812,3722100.0
2025-03-26,80.71,81.16,77.36,78.01,78.01,6061600.0
2025-03-27,77.38,78.86,76.42,77.28,77.28,4440000.0
2025-03-28,76.61,76.9,72.34,72.64,72.64,9093400.0
2025-03-31,70.26,74.51,69.11,73.9,73.9,7467300.0
2025-04-01,73.2,75.39,71.72,74.62,74.62,7031600.0
2025-04-02,72.24,77.15,72.12,76.03,76.03,6995900.0
2025-04-03,68.13,69.28,64.83,65.13,65.13,9506300.0
2025-04-04,59.97,60.76,53.28,53.82,53.82,25205000.0
2025-04-07,48.17,58.94,45.88,53.05,53.05,21086000.0
2025-04-08,58.53,59.48,48.22,50.65,50.65,16152200.0
2025-04-09,49.54,65.68,49.41,64.81,64.81,28627200.0
2025-04-10,60.72,61.2,52.63,58.03,58.03,14488200.0
2025-04-11,57.45,61.91,56.47,61.08,61.08,8597000.0
2025-04-14,64.53,64.6,61.03,62.78,62.78,7974400.0
2025-04-15,63.0,64.23,61.98,62.29,62.29,14040600.0
2025-04-16,60.19,61.37,56.25,58.12,58.12,7454000.0
2025-04-17,58.67,59.86,57.45,58.28,58.28,6848100.0
2025-04-21,56.5,56.7,52.32,54.14,54.14,6116700.0
2025-04-22,56.08,58.97,55.77,58.2,58.2,7778500.0
2025-04-23,62.64,64.29,60.48,60.99,60.99,10778900.0
2025-04-24,61.41,65.1,60.99,64.77,64.77,5258900.0
2025-04-25,64.77,66.33,63.74,66.14,66.14,6176600.0
2025-04-28,66.4,67.2,64.13,66.28,66.28,5511300.0
2025-04-29,65.55,67.86,65.42,67.4,67.4,4265500.0
2025-04-30,65.0,68.24,62.78,67.47,67.47,6708900.0
2025-05-01,69.66,71.0,68.72,68.92,68.92,4731300.0
2025-05-02,71.23,72.55,70.34,71.91,71.91,5152000.0
2025-05-05,70.34,71.9,70.01,70.73,70.73,3863300.0
2025-05-06,68.56,70.61,68.22,68.93,68.93,4410900.0
2025-05-07,69.39,70.72,67.88,69.8,69.8,5289500.0
2025-05-08,71.28,73.17,69.95,71.16,71.16,6515700.0
2025-05-09,71.69,72.06,70.3,70.84,70.84,4053100.0
2025-05-12,77.31,77.86,75.63,77.79,77.79,6493700.0
2025-05-13,78.05,80.29,77.8,79.37,79.37,5307000.0
2025-05-14,79.78,80.24,78.86,79.64,79.64,4671400.0
2025-05-15,78.84,81.03,78.63,80.78,80.78,4407600.0
2025-05-16,81.08,82.4,80.28,82.29,82.29,4286700.0
2025-05-19,79.72,82.8,79.72,82.55,82.55,4903200.0
2025-05-20,81.77,82.17,80.32,81.65,81.65,3990500.0
2025-05-21,79.82,81.52,77.08,77.56,77.56,5763400.0
2025-05-22,77.42,78.97,76.93,77.54,77.54,4290400.0
2025-05-23,74.64,76.95,74.48,75.92,75.92,5807100.0
2025-05-27,78.61,80.67,77.95,80.56,80.56,4389800.0
2025-05-28,80.77,81.26,78.9,79.17,79.17,4044200.0
2025-05-29,81.32,81.39,78.48,80.06,80.06,5065600.0
2025-05-30,79.57,80.45,77.26,79.78,79.78,4894800.0
2025-06-02,79.07,81.11,77.99,81.04,81.04,4281400.0
2025-06-03,80.92,82.87,80.71,82.48,82.48,4167700.0
2025-06-04,82.81,83.2,82.2,82.35,82.35,3856000.0
2025-06-05,83.05,83.6,80.32,81.11,81.11,5883000.0
2025-06-06,83.37,84.28,82.64,83.53,83.53,3958300.0
2025-06-09,83.56948,84.20779,83.07079,83.50964,83.50964,3672200.0
2025-06-10,83.73903,85.10542,83.29022,84.95582,84.95582,3878300.0
2025-06-11,85.38468,85.76368,83.33011,84.21777,84.21777,6316800.0
2025-06-12,83.61934,85.17524,83.39993,85.17524,85.17524,4518900.0
2025-06-13,82.90124,84.29755,81.60466,82.20308,82.20308,7441700.0
2025-06-16,83.61934,85.29492,83.58942,84.57682,84.57682,4406700.0
2025-06-17,83.4797,84.14795,82.07342,82.36266,82.36266,4402800.0
2025-06-18,82.70176,83.84873,81.88392,82.30281,82.30281,3636900.0
2025-06-20,83.33011,83.7889,81.03616,81.58472,81.58472,4678500.0
2025-06-23,81.90387,84.16789,80.60729,84.00832,84.00832,6066100.0
2025-06-24,85.74373,87.21984,85.37471,86.781,86.781,4989400.0
2025-06-25,87.24,87.48,86.24,86.95,86.95,9082100.0
2025-06-26,87.68,89.09,87.42,88.92,88.92,3594400.0
2025-06-27,89.25,90.8,88.4,90.12,90.12,5028300.0
2025-06-30,91.22,92.02,90.2,91.44,91.44,3606300.0
2025-07-01,90.72,91.82,90.36,91.26,91.26,4161400.0
2025-07-02,91.1,92.52,90.82,92.47,92.47,3174700.0
2025-07-03,93.31,94.98,93.29,94.6,94.6,7128600.0
2025-07-07,93.65,93.95,91.16,92.48,92.48,11653300.0
2025-07-08,92.72,93.05,91.91,92.25,92.25,3804500.0
2025-07-09,93.35,94.2,92.51,93.88,93.88,3908500.0
2025-07-10,93.95,95.14,93.41,94.66,94.66,2812300.0
2025-07-11,93.18,94.14,92.65,93.55,93.55,3619700.0
2025-07-14,93.35,94.25,92.73,94.06,94.06,3503200.0
2025-07-15,95.3,95.44,92.82,92.84,92.84,4709400.0
2025-07-16,93.52,93.97,91.0,93.73,93.73,4315400.0
2025-07-17,93.81,95.62,93.73,95.46,95.46,3739600.0
2025-07-18,95.93,95.98,94.64,95.17,95.17,3652500.0
2025-07-21,95.68,96.93,95.48,95.68,95.68,3257800.0
2025-07-22,95.8,96.03,94.46,95.67,95.67,4304900.0
2025-07-23,96.87,98.09,96.05,98.08,98.08,4983000.0
2025-07-24,98.27,98.96,97.98,98.21,98.21,3816000.0
2025-07-25,98.4,99.55,98.29,99.28,99.28,2698800.0
2025-07-28,99.51,99.74,98.59,99.22,99.22,3500800.0
2025-07-29,99.87,100.0,97.99,98.43,98.43,4143500.0
2025-07-30,98.73,99.51,96.67,98.04,98.04,4700800.0
2025-07-31,100.3,100.47,96.29,96.84,96.84,6467600.0
2025-08-01,94.15,94.16,90.93,92.02,92.02,10145800.0
2025-08-04,93.77,96.2,93.73,96.14,96.14,4692600.0
2025-08-05,96.46,96.83,94.27,94.73,94.73,5604000.0
2025-08-06,95.17,97.13,94.76,96.78,96.78,5062500.0
2025-08-07,98.42,98.75,95.15,96.6,96.6,6357100.0
2025-08-08,97.35,98.97,97.2,98.75,98.75,4244700.0
2025-08-11,98.84,99.54,97.54,98.07,98.07,8795700.0
2025-08-12,99.2,101.33,98.54,101.21,101.21,9297000.0
2025-08-13,102.26,102.86,101.22,102.26,102.26,4181000.0
2025-08-14,101.24,102.57,101.0,102.25,102.25,4596300.0
2025-08-15,102.68,102.7,100.99,101.47,101.47,3990400.0
2025-08-18,101.14,101.64,100.81,101.33,101.33,2917300.0
2025-08-19,101.22,101.7,99.03,99.62,99.62,4918900.0
2025-08-20,99.43,99.55,96.42,98.79,98.79,6987900.0
2025-08-21,97.94,98.74,96.81,97.64,97.64,5617800.0
2025-08-22,98.53,102.57,98.31,101.98,101.98,4977900.0
2025-08-25,101.39,101.98,100.61,100.67,100.67,3383900.0
2025-08-26,100.51,102.05,100.19,101.88,101.88,2891200.0
2025-08-27,101.59,102.9,101.53,102.52,102.52,2982700.0
2025-08-28,102.84,103.87,101.91,103.6,103.6,3147400.0
2025-08-29,102.81,102.97,100.73,101.63,101.63,4312300.0
2025-09-02,98.04,99.43,96.81,99.38,99.38,5353700.0
2025-09-03,100.43,101.15,99.41,100.87,100.87,4310600.0
2025-09-04,101.23,103.43,100.78,103.38,103.38,3360200.0
2025-09-05,104.47,104.83,100.58,102.38,102.38,9369600.0
2025-09-08,103.07,103.65,102.4,103.15,103.15,3935500.0
2025-09-09,103.22,104.08,102.36,103.86,103.86,3650700.0
2025-09-10,105.4,105.85,103.96,104.74,104.74,5225700.0
2025-09-11,105.64,107.63,105.36,107.28,107.28,3537800.0
2025-09-12,107.0106,107.72919,106.6513,106.87087,106.87087,3841700.0
2025-09-15,107.95874,108.63742,107.81902,108.51765,108.51765,3340200.0
2025-09-16,108.81706,108.97676,107.70923,108.03859,108.03859,2634300.0
2025-09-17,108.07851,108.88693,105.23408,107.64935,107.64935,3874200.0
2025-09-18,108.97675,110.4339,108.17831,109.13644,109.13644,3454900.0
2025-09-19,109.99476,111.07265,109.02665,110.59358,110.59358,3175000.0
2025-09-22,109.87499,112.41003,109.86502,112.1705,112.1705,2957200.0
2025-09-23,112.12059,112.42001,109.73526,110.384,110.384,7066300.0
2025-09-24,110.97,111.01,108.54,109.24,109.24,3510800.0
2025-09-25,107.66,108.37,105.9,107.68,107.68,4041700.0
2025-09-26,108.35,109.75,107.56,109.42,109.42,2771600.0
2025-09-29,110.68,111.12,109.47,110.32,110.32,2844800.0
2025-09-30,109.94,111.79,109.32,111.49,111.49,2918000.0
2025-10-01,110.03,113.14,109.98,112.7,112.7,3445600.0
2025-10-02,113.68,113.71,111.8,113.01,113.01,2831200.0
2025-10-03,113.33,114.68,112.41,112.88,112.88,7475500.0
2025-10-06,114.12,114.57,113.03,114.11,114.11,3938300.0
2025-10-07,114.59,114.78,112.08,112.83,112.83,3798400.0
2025-10-08,113.39,114.83,112.94,114.78,114.78,2993900.0
2025-10-09,114.97,115.19,112.77,113.79,113.79,3089800.0
2025-10-10,114.16,115.06,104.35,104.49,104.49,6745100.0
2025-10-13,108.07,109.98,107.65,109.24,109.24,5053100.0
2025-10-14,106.29,110.56,104.3,108.76,108.76,6512700.0
2025-10-15,111.01,112.68,107.15,110.15,110.15,6250100.0
2025-10-16,111.04,111.93,106.19,107.93,107.93,7103200.0
2025-10-17,107.28,110.33,106.61,109.64,109.64,7076100.0
2025-10-20,111.09,113.51,111.07,113.05,113.05,3365400.0
2025-10-21,113.11,113.88,112.37,113.02,113.02,3153800.0
2025-10-22,113.35,113.35,108.98,111.23,111.23,5975300.0
2025-10-23,111.33,113.64,111.2,113.1,113.1,3158600.0
2025-10-24,115.45,116.47,115.05,115.76,115.76,3595800.0
2025-10-27,118.65,120.06,118.32,119.9,119.9,7237600.0
2025-10-28,120.83,121.8,119.66,120.78,120.78,3934200.0
2025-10-29,121.66,122.19,118.6,120.91,120.91,4884000.0
2025-10-30,119.06,120.15,116.98,117.03,117.03,5257000.0
2025-10-31,119.55,119.59,116.55,117.94,117.94,4429400.0
2025-11-03,119.85,119.92,116.87,118.68,118.68,2429100.0
2025-11-04,114.83,116.86,114.05,114.46,114.46,3891300.0
2025-11-05,114.22,117.2,113.8,115.46,115.46,9055800.0
2025-11-06,114.96,115.4,110.96,111.76,111.76,5431500.0
2025-11-07,110.49,112.08,107.13,112.05,112.05,12608900.0
2025-11-10,115.09,117.57,113.99,117.12,117.12,5189300.0
2025-11-11,116.41,118.28,115.79,117.93,117.93,9453600.0
2025-11-12,118.95,118.97,116.92,118.13,118.13,4067700.0
2025-11-13,116.62,116.82,111.48,112.25,112.25,6528700.0
2025-11-14,108.8,113.94,107.74,112.08,112.08,8431300.0
2025-11-17,110.93,112.92,107.17,108.91,108.91,7817600.0
2025-11-18,107.1,108.6,104.05,106.19,106.19,14555900.0
2025-11-19,106.45,109.6,105.46,107.32,107.32,6096400.0
2025-11-20,112.31,113.59,102.08,102.38,102.38,13208300.0
2025-11-21,103.47,107.96,101.5,105.38,105.38,9366700.0
2025-11-24,107.1,110.62,106.56,110.01,110.01,4765000.0
2025-11-25,109.88,113.64,107.85,113.02,113.02,6056600.0
2025-11-26,114.28,116.35,113.87,115.32,115.32,4848500.0
2025-11-28,115.84,117.26,115.68,117.13,117.13,1939500.0
2025-12-01,114.40361,116.54748,114.37368,115.16144,115.16144,3759700.0
2025-12-02,115.94919,116.92641,114.63295,115.73979,115.73979,3166400.0
2025-12-03,115.27112,117.45489,114.79249,116.87654,116.87654,8301900.0
2025-12-04,117.61444,117.6643,115.58025,117.18566,117.18566,8951400.0
2025-12-05,117.63439,119.12015,117.16572,117.69421,117.69421,4176300.0
2025-12-08,118.18281,118.18281,115.58024,116.61728,116.61728,3259300.0
2025-12-09,116.33808,117.48481,116.05888,116.27825,116.27825,2850700.0
2025-12-10,116.03894,119.28966,115.37084,118.51188,118.51188,4736100.0
2025-12-11,117.26543,119.40932,115.73979,119.21986,119.21986,8899500.0
2025-12-12,118.79108,119.11017,114.07454,115.39079,115.39079,8048300.0
2025-12-15,117.40503,117.40503,114.12439,114.85232,114.85232,4198700.0
2025-12-16,114.03466,114.98195,111.90074,113.87511,113.87511,5046400.0
2025-12-17,114.36372,114.61301,109.97624,110.07595,110.07595,7185500.0
2025-12-18,113.09733,114.62298,111.76115,112.53893,112.53893,3841600.0
2025-12-19,113.54605,115.74977,113.44633,115.48053,115.48053,2549900.0
2025-12-22,117.16572,117.88367,116.52754,117.56458,117.56458,2176700.0
2025-12-23,117.12583,119.30961,117.08595,119.17001,119.17001,2696400.0
2025-12-24,119.14,120.61,119.07,120.32,120.32,1741200.0
2025-12-26,120.43,120.96,119.71,120.23,120.23,1795500.0
2025-12-29,118.79,119.64,118.0,118.92,118.92,2248000.0
2025-12-30,118.7,119.26,118.25,118.44,118.44,2475100.0
2025-12-31,118.49,118.59,115.68,115.76,115.76,3808600.0
2026-01-02,117.6,118.2,114.63,116.33,116.33,5800900.0
2026-01-05,118.0,119.48,117.94,118.59,118.59,4456100.0
2026-01-06,118.69,120.93,118.61,120.65,120.65,3595300.0
2026-01-07,120.84,121.78,119.33,119.51,119.51,3610200.0
2026-01-08,119.06,119.97,118.35,119.36,119.36,3402700.0
2026-01-09,119.89,122.32,119.15,121.65,121.65,4287500.0
2026-01-12,119.87,122.71,119.86,122.23,122.23,2699400.0
2026-01-13,122.41,122.68,120.2,121.43,121.43,3235400.0
2026-01-14,119.97,120.34,117.42,119.67,119.67,4994900.0
2026-01-15,121.78,122.24,120.05,120.54,120.54,3370600.0
